dataset_id,protocol_id,n_sub,replicate_id,classifier_id,fold_id,auc
synthetic_pilot,cv5,50,1,logreg,1,0.6875
synthetic_pilot,cv5,50,1,logreg,2,0.6875
synthetic_pilot,cv5,50,1,logreg,3,0.875
synthetic_pilot,cv5,50,1,logreg,4,0.8125
synthetic_pilot,cv5,50,1,logreg,5,1.0
synthetic_pilot,cv5,50,1,knn,1,0.6875
synthetic_pilot,cv5,50,1,knn,2,0.65625
synthetic_pilot,cv5,50,1,knn,3,0.875
synthetic_pilot,cv5,50,1,knn,4,0.8125
synthetic_pilot,cv5,50,1,knn,5,1.0
synthetic_pilot,cv5,50,1,dtree,1,0.3125
synthetic_pilot,cv5,50,1,dtree,2,0.5
synthetic_pilot,cv5,50,1,dtree,3,0.4375
synthetic_pilot,cv5,50,1,dtree,4,0.4375
synthetic_pilot,cv5,50,1,dtree,5,1.0
synthetic_pilot,cv5,50,1,svm,1,0.5
synthetic_pilot,cv5,50,1,svm,2,0.5
synthetic_pilot,cv5,50,1,svm,3,0.8125
synthetic_pilot,cv5,50,1,svm,4,0.5
synthetic_pilot,cv5,50,1,svm,5,0.0
synthetic_pilot,cv5,50,1,rf,1,0.5625
synthetic_pilot,cv5,50,1,rf,2,0.75
synthetic_pilot,cv5,50,1,rf,3,0.75
synthetic_pilot,cv5,50,1,rf,4,0.875
synthetic_pilot,cv5,50,1,rf,5,0.8125
synthetic_pilot,cv5,50,1,gb,1,0.625
synthetic_pilot,cv5,50,1,gb,2,0.78125
synthetic_pilot,cv5,50,1,gb,3,0.59375
synthetic_pilot,cv5,50,1,gb,4,0.9375
synthetic_pilot,cv5,50,1,gb,5,1.0
synthetic_pilot,cv5,50,2,logreg,1,0.8125
synthetic_pilot,cv5,50,2,logreg,2,0.75
synthetic_pilot,cv5,50,2,logreg,3,0.6875
synthetic_pilot,cv5,50,2,logreg,4,0.875
synthetic_pilot,cv5,50,2,logreg,5,0.6875
synthetic_pilot,cv5,50,2,knn,1,0.6875
synthetic_pilot,cv5,50,2,knn,2,0.4375
synthetic_pilot,cv5,50,2,knn,3,0.5625
synthetic_pilot,cv5,50,2,knn,4,0.53125
synthetic_pilot,cv5,50,2,knn,5,0.625
synthetic_pilot,cv5,50,2,dtree,1,0.8125
synthetic_pilot,cv5,50,2,dtree,2,0.625
synthetic_pilot,cv5,50,2,dtree,3,0.5625
synthetic_pilot,cv5,50,2,dtree,4,0.6875
synthetic_pilot,cv5,50,2,dtree,5,0.6875
synthetic_pilot,cv5,50,2,svm,1,0.3125
synthetic_pilot,cv5,50,2,svm,2,0.625
synthetic_pilot,cv5,50,2,svm,3,0.625
synthetic_pilot,cv5,50,2,svm,4,0.125
synthetic_pilot,cv5,50,2,svm,5,0.5
synthetic_pilot,cv5,50,2,rf,1,0.9375
synthetic_pilot,cv5,50,2,rf,2,0.625
synthetic_pilot,cv5,50,2,rf,3,0.625
synthetic_pilot,cv5,50,2,rf,4,0.75
synthetic_pilot,cv5,50,2,rf,5,0.5
synthetic_pilot,cv5,50,2,gb,1,0.625
synthetic_pilot,cv5,50,2,gb,2,0.625
synthetic_pilot,cv5,50,2,gb,3,0.4375
synthetic_pilot,cv5,50,2,gb,4,0.6875
synthetic_pilot,cv5,50,2,gb,5,0.4375
synthetic_pilot,cv5,50,3,logreg,1,0.4375
synthetic_pilot,cv5,50,3,logreg,2,0.3125
synthetic_pilot,cv5,50,3,logreg,3,0.5625
synthetic_pilot,cv5,50,3,logreg,4,0.8125
synthetic_pilot,cv5,50,3,logreg,5,0.4375
synthetic_pilot,cv5,50,3,knn,1,0.40625
synthetic_pilot,cv5,50,3,knn,2,0.625
synthetic_pilot,cv5,50,3,knn,3,0.6875
synthetic_pilot,cv5,50,3,knn,4,0.9375
synthetic_pilot,cv5,50,3,knn,5,0.75
synthetic_pilot,cv5,50,3,dtree,1,0.4375
synthetic_pilot,cv5,50,3,dtree,2,0.375
synthetic_pilot,cv5,50,3,dtree,3,0.4375
synthetic_pilot,cv5,50,3,dtree,4,0.5625
synthetic_pilot,cv5,50,3,dtree,5,0.65625
synthetic_pilot,cv5,50,3,svm,1,0.4375
synthetic_pilot,cv5,50,3,svm,2,0.375
synthetic_pilot,cv5,50,3,svm,3,0.1875
synthetic_pilot,cv5,50,3,svm,4,0.125
synthetic_pilot,cv5,50,3,svm,5,0.125
synthetic_pilot,cv5,50,3,rf,1,0.25
synthetic_pilot,cv5,50,3,rf,2,0.5
synthetic_pilot,cv5,50,3,rf,3,0.53125
synthetic_pilot,cv5,50,3,rf,4,0.96875
synthetic_pilot,cv5,50,3,rf,5,0.71875
synthetic_pilot,cv5,50,3,gb,1,0.75
synthetic_pilot,cv5,50,3,gb,2,0.71875
synthetic_pilot,cv5,50,3,gb,3,0.65625
synthetic_pilot,cv5,50,3,gb,4,0.375
synthetic_pilot,cv5,50,3,gb,5,0.53125
synthetic_pilot,cv5,50,4,logreg,1,0.5
synthetic_pilot,cv5,50,4,logreg,2,0.75
synthetic_pilot,cv5,50,4,logreg,3,0.625
synthetic_pilot,cv5,50,4,logreg,4,0.75
synthetic_pilot,cv5,50,4,logreg,5,0.375
synthetic_pilot,cv5,50,4,knn,1,0.375
synthetic_pilot,cv5,50,4,knn,2,0.4375
synthetic_pilot,cv5,50,4,knn,3,0.875
synthetic_pilot,cv5,50,4,knn,4,0.65625
synthetic_pilot,cv5,50,4,knn,5,0.40625
synthetic_pilot,cv5,50,4,dtree,1,0.4375
synthetic_pilot,cv5,50,4,dtree,2,0.75
synthetic_pilot,cv5,50,4,dtree,3,0.75
synthetic_pilot,cv5,50,4,dtree,4,0.625
synthetic_pilot,cv5,50,4,dtree,5,0.5
synthetic_pilot,cv5,50,4,svm,1,0.25
synthetic_pilot,cv5,50,4,svm,2,0.625
synthetic_pilot,cv5,50,4,svm,3,0.0625
synthetic_pilot,cv5,50,4,svm,4,0.5625
synthetic_pilot,cv5,50,4,svm,5,0.375
synthetic_pilot,cv5,50,4,rf,1,0.4375
synthetic_pilot,cv5,50,4,rf,2,0.6875
synthetic_pilot,cv5,50,4,rf,3,0.5
synthetic_pilot,cv5,50,4,rf,4,0.6875
synthetic_pilot,cv5,50,4,rf,5,0.28125
synthetic_pilot,cv5,50,4,gb,1,0.65625
synthetic_pilot,cv5,50,4,gb,2,0.75
synthetic_pilot,cv5,50,4,gb,3,0.75
synthetic_pilot,cv5,50,4,gb,4,0.5
synthetic_pilot,cv5,50,4,gb,5,0.65625
synthetic_pilot,cv5,50,5,logreg,1,0.9375
synthetic_pilot,cv5,50,5,logreg,2,0.6875
synthetic_pilot,cv5,50,5,logreg,3,0.625
synthetic_pilot,cv5,50,5,logreg,4,0.75
synthetic_pilot,cv5,50,5,logreg,5,0.875
synthetic_pilot,cv5,50,5,knn,1,1.0
synthetic_pilot,cv5,50,5,knn,2,0.71875
synthetic_pilot,cv5,50,5,knn,3,0.625
synthetic_pilot,cv5,50,5,knn,4,0.9375
synthetic_pilot,cv5,50,5,knn,5,0.96875
synthetic_pilot,cv5,50,5,dtree,1,0.625
synthetic_pilot,cv5,50,5,dtree,2,0.3125
synthetic_pilot,cv5,50,5,dtree,3,0.625
synthetic_pilot,cv5,50,5,dtree,4,0.75
synthetic_pilot,cv5,50,5,dtree,5,0.9375
synthetic_pilot,cv5,50,5,svm,1,0.9375
synthetic_pilot,cv5,50,5,svm,2,0.75
synthetic_pilot,cv5,50,5,svm,3,0.75
synthetic_pilot,cv5,50,5,svm,4,0.75
synthetic_pilot,cv5,50,5,svm,5,1.0
synthetic_pilot,cv5,50,5,rf,1,0.8125
synthetic_pilot,cv5,50,5,rf,2,0.5
synthetic_pilot,cv5,50,5,rf,3,0.84375
synthetic_pilot,cv5,50,5,rf,4,0.9375
synthetic_pilot,cv5,50,5,rf,5,1.0
synthetic_pilot,cv5,50,5,gb,1,0.90625
synthetic_pilot,cv5,50,5,gb,2,0.4375
synthetic_pilot,cv5,50,5,gb,3,0.8125
synthetic_pilot,cv5,50,5,gb,4,0.5
synthetic_pilot,cv5,50,5,gb,5,0.875
synthetic_pilot,cv5,50,6,logreg,1,0.5625
synthetic_pilot,cv5,50,6,logreg,2,0.6875
synthetic_pilot,cv5,50,6,logreg,3,0.5
synthetic_pilot,cv5,50,6,logreg,4,0.75
synthetic_pilot,cv5,50,6,logreg,5,0.5
synthetic_pilot,cv5,50,6,knn,1,0.65625
synthetic_pilot,cv5,50,6,knn,2,0.875
synthetic_pilot,cv5,50,6,knn,3,0.5625
synthetic_pilot,cv5,50,6,knn,4,0.5625
synthetic_pilot,cv5,50,6,knn,5,0.625
synthetic_pilot,cv5,50,6,dtree,1,0.3125
synthetic_pilot,cv5,50,6,dtree,2,0.8125
synthetic_pilot,cv5,50,6,dtree,3,0.6875
synthetic_pilot,cv5,50,6,dtree,4,0.625
synthetic_pilot,cv5,50,6,dtree,5,0.5
synthetic_pilot,cv5,50,6,svm,1,0.5625
synthetic_pilot,cv5,50,6,svm,2,0.1875
synthetic_pilot,cv5,50,6,svm,3,0.5
synthetic_pilot,cv5,50,6,svm,4,0.5625
synthetic_pilot,cv5,50,6,svm,5,0.5
synthetic_pilot,cv5,50,6,rf,1,0.34375
synthetic_pilot,cv5,50,6,rf,2,0.75
synthetic_pilot,cv5,50,6,rf,3,0.8125
synthetic_pilot,cv5,50,6,rf,4,0.65625
synthetic_pilot,cv5,50,6,rf,5,0.75
synthetic_pilot,cv5,50,6,gb,1,0.84375
synthetic_pilot,cv5,50,6,gb,2,0.625
synthetic_pilot,cv5,50,6,gb,3,0.65625
synthetic_pilot,cv5,50,6,gb,4,0.6875
synthetic_pilot,cv5,50,6,gb,5,0.6875
synthetic_pilot,cv5,50,7,logreg,1,0.5
synthetic_pilot,cv5,50,7,logreg,2,0.8125
synthetic_pilot,cv5,50,7,logreg,3,0.9375
synthetic_pilot,cv5,50,7,logreg,4,1.0
synthetic_pilot,cv5,50,7,logreg,5,0.8125
synthetic_pilot,cv5,50,7,knn,1,0.46875
synthetic_pilot,cv5,50,7,knn,2,0.75
synthetic_pilot,cv5,50,7,knn,3,0.34375
synthetic_pilot,cv5,50,7,knn,4,0.75
synthetic_pilot,cv5,50,7,knn,5,0.75
synthetic_pilot,cv5,50,7,dtree,1,0.25
synthetic_pilot,cv5,50,7,dtree,2,0.4375
synthetic_pilot,cv5,50,7,dtree,3,0.4375
synthetic_pilot,cv5,50,7,dtree,4,0.4375
synthetic_pilot,cv5,50,7,dtree,5,0.4375
synthetic_pilot,cv5,50,7,svm,1,0.375
synthetic_pilot,cv5,50,7,svm,2,0.875
synthetic_pilot,cv5,50,7,svm,3,0.875
synthetic_pilot,cv5,50,7,svm,4,1.0
synthetic_pilot,cv5,50,7,svm,5,0.75
synthetic_pilot,cv5,50,7,rf,1,0.1875
synthetic_pilot,cv5,50,7,rf,2,0.875
synthetic_pilot,cv5,50,7,rf,3,0.9375
synthetic_pilot,cv5,50,7,rf,4,0.625
synthetic_pilot,cv5,50,7,rf,5,0.59375
synthetic_pilot,cv5,50,7,gb,1,0.0625
synthetic_pilot,cv5,50,7,gb,2,0.625
synthetic_pilot,cv5,50,7,gb,3,0.78125
synthetic_pilot,cv5,50,7,gb,4,1.0
synthetic_pilot,cv5,50,7,gb,5,0.625
synthetic_pilot,cv5,50,8,logreg,1,0.625
synthetic_pilot,cv5,50,8,logreg,2,0.4375
synthetic_pilot,cv5,50,8,logreg,3,0.375
synthetic_pilot,cv5,50,8,logreg,4,0.6875
synthetic_pilot,cv5,50,8,logreg,5,0.4375
synthetic_pilot,cv5,50,8,knn,1,0.71875
synthetic_pilot,cv5,50,8,knn,2,0.84375
synthetic_pilot,cv5,50,8,knn,3,0.25
synthetic_pilot,cv5,50,8,knn,4,0.40625
synthetic_pilot,cv5,50,8,knn,5,0.28125
synthetic_pilot,cv5,50,8,dtree,1,0.625
synthetic_pilot,cv5,50,8,dtree,2,0.6875
synthetic_pilot,cv5,50,8,dtree,3,0.5
synthetic_pilot,cv5,50,8,dtree,4,0.625
synthetic_pilot,cv5,50,8,dtree,5,0.25
synthetic_pilot,cv5,50,8,svm,1,0.6875
synthetic_pilot,cv5,50,8,svm,2,0.3125
synthetic_pilot,cv5,50,8,svm,3,0.5625
synthetic_pilot,cv5,50,8,svm,4,0.25
synthetic_pilot,cv5,50,8,svm,5,0.375
synthetic_pilot,cv5,50,8,rf,1,0.5625
synthetic_pilot,cv5,50,8,rf,2,0.5
synthetic_pilot,cv5,50,8,rf,3,0.375
synthetic_pilot,cv5,50,8,rf,4,0.5625
synthetic_pilot,cv5,50,8,rf,5,0.46875
synthetic_pilot,cv5,50,8,gb,1,0.125
synthetic_pilot,cv5,50,8,gb,2,0.0625
synthetic_pilot,cv5,50,8,gb,3,0.1875
synthetic_pilot,cv5,50,8,gb,4,0.53125
synthetic_pilot,cv5,50,8,gb,5,0.75
synthetic_pilot,cv5,50,9,logreg,1,0.5
synthetic_pilot,cv5,50,9,logreg,2,1.0
synthetic_pilot,cv5,50,9,logreg,3,0.9375
synthetic_pilot,cv5,50,9,logreg,4,0.4375
synthetic_pilot,cv5,50,9,logreg,5,0.75
synthetic_pilot,cv5,50,9,knn,1,0.40625
synthetic_pilot,cv5,50,9,knn,2,0.96875
synthetic_pilot,cv5,50,9,knn,3,0.5
synthetic_pilot,cv5,50,9,knn,4,0.40625
synthetic_pilot,cv5,50,9,knn,5,0.78125
synthetic_pilot,cv5,50,9,dtree,1,0.375
synthetic_pilot,cv5,50,9,dtree,2,0.6875
synthetic_pilot,cv5,50,9,dtree,3,0.5
synthetic_pilot,cv5,50,9,dtree,4,0.375
synthetic_pilot,cv5,50,9,dtree,5,0.9375
synthetic_pilot,cv5,50,9,svm,1,0.6875
synthetic_pilot,cv5,50,9,svm,2,1.0
synthetic_pilot,cv5,50,9,svm,3,0.9375
synthetic_pilot,cv5,50,9,svm,4,0.8125
synthetic_pilot,cv5,50,9,svm,5,0.9375
synthetic_pilot,cv5,50,9,rf,1,0.3125
synthetic_pilot,cv5,50,9,rf,2,1.0
synthetic_pilot,cv5,50,9,rf,3,0.65625
synthetic_pilot,cv5,50,9,rf,4,0.625
synthetic_pilot,cv5,50,9,rf,5,0.84375
synthetic_pilot,cv5,50,9,gb,1,0.8125
synthetic_pilot,cv5,50,9,gb,2,0.875
synthetic_pilot,cv5,50,9,gb,3,0.53125
synthetic_pilot,cv5,50,9,gb,4,0.5625
synthetic_pilot,cv5,50,9,gb,5,0.625
synthetic_pilot,cv5,50,10,logreg,1,0.9375
synthetic_pilot,cv5,50,10,logreg,2,0.6875
synthetic_pilot,cv5,50,10,logreg,3,0.875
synthetic_pilot,cv5,50,10,logreg,4,0.8125
synthetic_pilot,cv5,50,10,logreg,5,0.875
synthetic_pilot,cv5,50,10,knn,1,1.0
synthetic_pilot,cv5,50,10,knn,2,0.78125
synthetic_pilot,cv5,50,10,knn,3,0.71875
synthetic_pilot,cv5,50,10,knn,4,0.8125
synthetic_pilot,cv5,50,10,knn,5,0.625
synthetic_pilot,cv5,50,10,dtree,1,0.6875
synthetic_pilot,cv5,50,10,dtree,2,0.75
synthetic_pilot,cv5,50,10,dtree,3,0.625
synthetic_pilot,cv5,50,10,dtree,4,1.0
synthetic_pilot,cv5,50,10,dtree,5,0.5
synthetic_pilot,cv5,50,10,svm,1,0.9375
synthetic_pilot,cv5,50,10,svm,2,0.8125
synthetic_pilot,cv5,50,10,svm,3,0.8125
synthetic_pilot,cv5,50,10,svm,4,0.9375
synthetic_pilot,cv5,50,10,svm,5,0.6875
synthetic_pilot,cv5,50,10,rf,1,1.0
synthetic_pilot,cv5,50,10,rf,2,0.75
synthetic_pilot,cv5,50,10,rf,3,0.875
synthetic_pilot,cv5,50,10,rf,4,0.9375
synthetic_pilot,cv5,50,10,rf,5,0.84375
synthetic_pilot,cv5,50,10,gb,1,0.9375
synthetic_pilot,cv5,50,10,gb,2,0.5625
synthetic_pilot,cv5,50,10,gb,3,0.8125
synthetic_pilot,cv5,50,10,gb,4,0.5625
synthetic_pilot,cv5,50,10,gb,5,0.75
synthetic_pilot,cv5,50,11,logreg,1,0.375
synthetic_pilot,cv5,50,11,logreg,2,0.9375
synthetic_pilot,cv5,50,11,logreg,3,0.5
synthetic_pilot,cv5,50,11,logreg,4,0.625
synthetic_pilot,cv5,50,11,logreg,5,0.8125
synthetic_pilot,cv5,50,11,knn,1,0.5
synthetic_pilot,cv5,50,11,knn,2,0.8125
synthetic_pilot,cv5,50,11,knn,3,0.59375
synthetic_pilot,cv5,50,11,knn,4,0.90625
synthetic_pilot,cv5,50,11,knn,5,0.78125
synthetic_pilot,cv5,50,11,dtree,1,0.625
synthetic_pilot,cv5,50,11,dtree,2,0.75
synthetic_pilot,cv5,50,11,dtree,3,0.5625
synthetic_pilot,cv5,50,11,dtree,4,0.6875
synthetic_pilot,cv5,50,11,dtree,5,0.6875
synthetic_pilot,cv5,50,11,svm,1,0.625
synthetic_pilot,cv5,50,11,svm,2,0.375
synthetic_pilot,cv5,50,11,svm,3,0.5
synthetic_pilot,cv5,50,11,svm,4,0.0
synthetic_pilot,cv5,50,11,svm,5,0.1875
synthetic_pilot,cv5,50,11,rf,1,0.65625
synthetic_pilot,cv5,50,11,rf,2,0.625
synthetic_pilot,cv5,50,11,rf,3,0.5625
synthetic_pilot,cv5,50,11,rf,4,0.875
synthetic_pilot,cv5,50,11,rf,5,0.8125
synthetic_pilot,cv5,50,11,gb,1,0.4375
synthetic_pilot,cv5,50,11,gb,2,0.375
synthetic_pilot,cv5,50,11,gb,3,0.375
synthetic_pilot,cv5,50,11,gb,4,0.6875
synthetic_pilot,cv5,50,11,gb,5,0.75
synthetic_pilot,cv5,50,12,logreg,1,1.0
synthetic_pilot,cv5,50,12,logreg,2,0.8125
synthetic_pilot,cv5,50,12,logreg,3,0.6875
synthetic_pilot,cv5,50,12,logreg,4,0.1875
synthetic_pilot,cv5,50,12,logreg,5,1.0
synthetic_pilot,cv5,50,12,knn,1,0.59375
synthetic_pilot,cv5,50,12,knn,2,0.96875
synthetic_pilot,cv5,50,12,knn,3,0.8125
synthetic_pilot,cv5,50,12,knn,4,0.4375
synthetic_pilot,cv5,50,12,knn,5,0.9375
synthetic_pilot,cv5,50,12,dtree,1,0.4375
synthetic_pilot,cv5,50,12,dtree,2,1.0
synthetic_pilot,cv5,50,12,dtree,3,0.4375
synthetic_pilot,cv5,50,12,dtree,4,0.4375
synthetic_pilot,cv5,50,12,dtree,5,0.6875
synthetic_pilot,cv5,50,12,svm,1,0.875
synthetic_pilot,cv5,50,12,svm,2,0.9375
synthetic_pilot,cv5,50,12,svm,3,0.8125
synthetic_pilot,cv5,50,12,svm,4,0.375
synthetic_pilot,cv5,50,12,svm,5,1.0
synthetic_pilot,cv5,50,12,rf,1,0.8125
synthetic_pilot,cv5,50,12,rf,2,0.90625
synthetic_pilot,cv5,50,12,rf,3,0.96875
synthetic_pilot,cv5,50,12,rf,4,0.5625
synthetic_pilot,cv5,50,12,rf,5,0.9375
synthetic_pilot,cv5,50,12,gb,1,1.0
synthetic_pilot,cv5,50,12,gb,2,0.625
synthetic_pilot,cv5,50,12,gb,3,0.75
synthetic_pilot,cv5,50,12,gb,4,0.5
synthetic_pilot,cv5,50,12,gb,5,1.0
synthetic_pilot,cv5,50,13,logreg,1,0.6875
synthetic_pilot,cv5,50,13,logreg,2,1.0
synthetic_pilot,cv5,50,13,logreg,3,0.375
synthetic_pilot,cv5,50,13,logreg,4,0.9375
synthetic_pilot,cv5,50,13,logreg,5,0.4375
synthetic_pilot,cv5,50,13,knn,1,0.65625
synthetic_pilot,cv5,50,13,knn,2,0.5625
synthetic_pilot,cv5,50,13,knn,3,0.125
synthetic_pilot,cv5,50,13,knn,4,0.84375
synthetic_pilot,cv5,50,13,knn,5,0.25
synthetic_pilot,cv5,50,13,dtree,1,0.4375
synthetic_pilot,cv5,50,13,dtree,2,0.1875
synthetic_pilot,cv5,50,13,dtree,3,0.4375
synthetic_pilot,cv5,50,13,dtree,4,0.4375
synthetic_pilot,cv5,50,13,dtree,5,0.3125
synthetic_pilot,cv5,50,13,svm,1,0.6875
synthetic_pilot,cv5,50,13,svm,2,0.0
synthetic_pilot,cv5,50,13,svm,3,0.5625
synthetic_pilot,cv5,50,13,svm,4,0.125
synthetic_pilot,cv5,50,13,svm,5,0.5
synthetic_pilot,cv5,50,13,rf,1,0.6875
synthetic_pilot,cv5,50,13,rf,2,0.875
synthetic_pilot,cv5,50,13,rf,3,0.25
synthetic_pilot,cv5,50,13,rf,4,0.21875
synthetic_pilot,cv5,50,13,rf,5,0.40625
synthetic_pilot,cv5,50,13,gb,1,0.75
synthetic_pilot,cv5,50,13,gb,2,0.875
synthetic_pilot,cv5,50,13,gb,3,0.875
synthetic_pilot,cv5,50,13,gb,4,1.0
synthetic_pilot,cv5,50,13,gb,5,0.5
synthetic_pilot,cv5,50,14,logreg,1,0.6875
synthetic_pilot,cv5,50,14,logreg,2,0.8125
synthetic_pilot,cv5,50,14,logreg,3,0.75
synthetic_pilot,cv5,50,14,logreg,4,0.625
synthetic_pilot,cv5,50,14,logreg,5,0.8125
synthetic_pilot,cv5,50,14,knn,1,0.6875
synthetic_pilot,cv5,50,14,knn,2,0.34375
synthetic_pilot,cv5,50,14,knn,3,0.9375
synthetic_pilot,cv5,50,14,knn,4,0.28125
synthetic_pilot,cv5,50,14,knn,5,0.5625
synthetic_pilot,cv5,50,14,dtree,1,0.5
synthetic_pilot,cv5,50,14,dtree,2,0.8125
synthetic_pilot,cv5,50,14,dtree,3,0.375
synthetic_pilot,cv5,50,14,dtree,4,0.25
synthetic_pilot,cv5,50,14,dtree,5,0.4375
synthetic_pilot,cv5,50,14,svm,1,0.625
synthetic_pilot,cv5,50,14,svm,2,0.625
synthetic_pilot,cv5,50,14,svm,3,0.75
synthetic_pilot,cv5,50,14,svm,4,0.4375
synthetic_pilot,cv5,50,14,svm,5,0.4375
synthetic_pilot,cv5,50,14,rf,1,0.6875
synthetic_pilot,cv5,50,14,rf,2,0.8125
synthetic_pilot,cv5,50,14,rf,3,0.25
synthetic_pilot,cv5,50,14,rf,4,0.40625
synthetic_pilot,cv5,50,14,rf,5,0.34375
synthetic_pilot,cv5,50,14,gb,1,0.75
synthetic_pilot,cv5,50,14,gb,2,0.8125
synthetic_pilot,cv5,50,14,gb,3,0.90625
synthetic_pilot,cv5,50,14,gb,4,0.46875
synthetic_pilot,cv5,50,14,gb,5,0.875
synthetic_pilot,cv5,50,15,logreg,1,0.875
synthetic_pilot,cv5,50,15,logreg,2,0.6875
synthetic_pilot,cv5,50,15,logreg,3,0.5
synthetic_pilot,cv5,50,15,logreg,4,0.5625
synthetic_pilot,cv5,50,15,logreg,5,0.5
synthetic_pilot,cv5,50,15,knn,1,0.0625
synthetic_pilot,cv5,50,15,knn,2,0.3125
synthetic_pilot,cv5,50,15,knn,3,0.46875
synthetic_pilot,cv5,50,15,knn,4,0.46875
synthetic_pilot,cv5,50,15,knn,5,0.5625
synthetic_pilot,cv5,50,15,dtree,1,0.6875
synthetic_pilot,cv5,50,15,dtree,2,0.375
synthetic_pilot,cv5,50,15,dtree,3,0.6875
synthetic_pilot,cv5,50,15,dtree,4,0.6875
synthetic_pilot,cv5,50,15,dtree,5,0.53125
synthetic_pilot,cv5,50,15,svm,1,0.25
synthetic_pilot,cv5,50,15,svm,2,0.3125
synthetic_pilot,cv5,50,15,svm,3,0.5
synthetic_pilot,cv5,50,15,svm,4,0.5
synthetic_pilot,cv5,50,15,svm,5,0.8125
synthetic_pilot,cv5,50,15,rf,1,0.625
synthetic_pilot,cv5,50,15,rf,2,0.5
synthetic_pilot,cv5,50,15,rf,3,0.46875
synthetic_pilot,cv5,50,15,rf,4,0.5625
synthetic_pilot,cv5,50,15,rf,5,0.5
synthetic_pilot,cv5,50,15,gb,1,0.8125
synthetic_pilot,cv5,50,15,gb,2,0.8125
synthetic_pilot,cv5,50,15,gb,3,0.125
synthetic_pilot,cv5,50,15,gb,4,0.5625
synthetic_pilot,cv5,50,15,gb,5,0.4375
synthetic_pilot,cv5,50,16,logreg,1,0.9375
synthetic_pilot,cv5,50,16,logreg,2,0.875
synthetic_pilot,cv5,50,16,logreg,3,1.0
synthetic_pilot,cv5,50,16,logreg,4,0.875
synthetic_pilot,cv5,50,16,logreg,5,0.75
synthetic_pilot,cv5,50,16,knn,1,0.9375
synthetic_pilot,cv5,50,16,knn,2,0.6875
synthetic_pilot,cv5,50,16,knn,3,0.8125
synthetic_pilot,cv5,50,16,knn,4,0.8125
synthetic_pilot,cv5,50,16,knn,5,0.75
synthetic_pilot,cv5,50,16,dtree,1,0.75
synthetic_pilot,cv5,50,16,dtree,2,0.5
synthetic_pilot,cv5,50,16,dtree,3,0.75
synthetic_pilot,cv5,50,16,dtree,4,0.5625
synthetic_pilot,cv5,50,16,dtree,5,1.0
synthetic_pilot,cv5,50,16,svm,1,0.9375
synthetic_pilot,cv5,50,16,svm,2,0.875
synthetic_pilot,cv5,50,16,svm,3,1.0
synthetic_pilot,cv5,50,16,svm,4,0.875
synthetic_pilot,cv5,50,16,svm,5,0.875
synthetic_pilot,cv5,50,16,rf,1,0.96875
synthetic_pilot,cv5,50,16,rf,2,0.875
synthetic_pilot,cv5,50,16,rf,3,1.0
synthetic_pilot,cv5,50,16,rf,4,1.0
synthetic_pilot,cv5,50,16,rf,5,0.9375
synthetic_pilot,cv5,50,16,gb,1,0.71875
synthetic_pilot,cv5,50,16,gb,2,0.875
synthetic_pilot,cv5,50,16,gb,3,0.875
synthetic_pilot,cv5,50,16,gb,4,0.8125
synthetic_pilot,cv5,50,16,gb,5,0.8125
synthetic_pilot,cv5,50,17,logreg,1,0.8125
synthetic_pilot,cv5,50,17,logreg,2,0.5
synthetic_pilot,cv5,50,17,logreg,3,0.875
synthetic_pilot,cv5,50,17,logreg,4,0.875
synthetic_pilot,cv5,50,17,logreg,5,0.5625
synthetic_pilot,cv5,50,17,knn,1,1.0
synthetic_pilot,cv5,50,17,knn,2,0.375
synthetic_pilot,cv5,50,17,knn,3,0.9375
synthetic_pilot,cv5,50,17,knn,4,0.5625
synthetic_pilot,cv5,50,17,knn,5,0.34375
synthetic_pilot,cv5,50,17,dtree,1,0.4375
synthetic_pilot,cv5,50,17,dtree,2,0.375
synthetic_pilot,cv5,50,17,dtree,3,0.4375
synthetic_pilot,cv5,50,17,dtree,4,0.75
synthetic_pilot,cv5,50,17,dtree,5,0.75
synthetic_pilot,cv5,50,17,svm,1,0.0625
synthetic_pilot,cv5,50,17,svm,2,0.375
synthetic_pilot,cv5,50,17,svm,3,0.0
synthetic_pilot,cv5,50,17,svm,4,0.6875
synthetic_pilot,cv5,50,17,svm,5,0.625
synthetic_pilot,cv5,50,17,rf,1,0.8125
synthetic_pilot,cv5,50,17,rf,2,0.75
synthetic_pilot,cv5,50,17,rf,3,0.6875
synthetic_pilot,cv5,50,17,rf,4,0.75
synthetic_pilot,cv5,50,17,rf,5,0.53125
synthetic_pilot,cv5,50,17,gb,1,0.625
synthetic_pilot,cv5,50,17,gb,2,0.5625
synthetic_pilot,cv5,50,17,gb,3,0.9375
synthetic_pilot,cv5,50,17,gb,4,0.625
synthetic_pilot,cv5,50,17,gb,5,0.3125
synthetic_pilot,cv5,50,18,logreg,1,0.5625
synthetic_pilot,cv5,50,18,logreg,2,0.5625
synthetic_pilot,cv5,50,18,logreg,3,0.9375
synthetic_pilot,cv5,50,18,logreg,4,1.0
synthetic_pilot,cv5,50,18,logreg,5,0.875
synthetic_pilot,cv5,50,18,knn,1,0.75
synthetic_pilot,cv5,50,18,knn,2,0.5625
synthetic_pilot,cv5,50,18,knn,3,1.0
synthetic_pilot,cv5,50,18,knn,4,0.5
synthetic_pilot,cv5,50,18,knn,5,1.0
synthetic_pilot,cv5,50,18,dtree,1,0.625
synthetic_pilot,cv5,50,18,dtree,2,0.4375
synthetic_pilot,cv5,50,18,dtree,3,0.875
synthetic_pilot,cv5,50,18,dtree,4,0.75
synthetic_pilot,cv5,50,18,dtree,5,1.0
synthetic_pilot,cv5,50,18,svm,1,0.75
synthetic_pilot,cv5,50,18,svm,2,0.5
synthetic_pilot,cv5,50,18,svm,3,1.0
synthetic_pilot,cv5,50,18,svm,4,0.875
synthetic_pilot,cv5,50,18,svm,5,0.0
synthetic_pilot,cv5,50,18,rf,1,0.6875
synthetic_pilot,cv5,50,18,rf,2,0.53125
synthetic_pilot,cv5,50,18,rf,3,1.0
synthetic_pilot,cv5,50,18,rf,4,0.875
synthetic_pilot,cv5,50,18,rf,5,1.0
synthetic_pilot,cv5,50,18,gb,1,0.875
synthetic_pilot,cv5,50,18,gb,2,0.5
synthetic_pilot,cv5,50,18,gb,3,0.75
synthetic_pilot,cv5,50,18,gb,4,0.9375
synthetic_pilot,cv5,50,18,gb,5,0.6875
synthetic_pilot,cv5,50,19,logreg,1,0.5
synthetic_pilot,cv5,50,19,logreg,2,0.8125
synthetic_pilot,cv5,50,19,logreg,3,0.5
synthetic_pilot,cv5,50,19,logreg,4,0.875
synthetic_pilot,cv5,50,19,logreg,5,0.875
synthetic_pilot,cv5,50,19,knn,1,0.59375
synthetic_pilot,cv5,50,19,knn,2,0.875
synthetic_pilot,cv5,50,19,knn,3,0.65625
synthetic_pilot,cv5,50,19,knn,4,0.6875
synthetic_pilot,cv5,50,19,knn,5,0.84375
synthetic_pilot,cv5,50,19,dtree,1,0.6875
synthetic_pilot,cv5,50,19,dtree,2,0.4375
synthetic_pilot,cv5,50,19,dtree,3,0.625
synthetic_pilot,cv5,50,19,dtree,4,0.53125
synthetic_pilot,cv5,50,19,dtree,5,0.5
synthetic_pilot,cv5,50,19,svm,1,0.375
synthetic_pilot,cv5,50,19,svm,2,0.875
synthetic_pilot,cv5,50,19,svm,3,0.75
synthetic_pilot,cv5,50,19,svm,4,0.9375
synthetic_pilot,cv5,50,19,svm,5,0.75
synthetic_pilot,cv5,50,19,rf,1,0.15625
synthetic_pilot,cv5,50,19,rf,2,0.65625
synthetic_pilot,cv5,50,19,rf,3,0.75
synthetic_pilot,cv5,50,19,rf,4,1.0
synthetic_pilot,cv5,50,19,rf,5,0.96875
synthetic_pilot,cv5,50,19,gb,1,0.75
synthetic_pilot,cv5,50,19,gb,2,0.5625
synthetic_pilot,cv5,50,19,gb,3,0.375
synthetic_pilot,cv5,50,19,gb,4,0.9375
synthetic_pilot,cv5,50,19,gb,5,0.5625
synthetic_pilot,cv5,50,20,logreg,1,0.9375
synthetic_pilot,cv5,50,20,logreg,2,0.6875
synthetic_pilot,cv5,50,20,logreg,3,0.75
synthetic_pilot,cv5,50,20,logreg,4,0.9375
synthetic_pilot,cv5,50,20,logreg,5,0.8125
synthetic_pilot,cv5,50,20,knn,1,0.75
synthetic_pilot,cv5,50,20,knn,2,0.5625
synthetic_pilot,cv5,50,20,knn,3,0.8125
synthetic_pilot,cv5,50,20,knn,4,0.53125
synthetic_pilot,cv5,50,20,knn,5,0.75
synthetic_pilot,cv5,50,20,dtree,1,0.6875
synthetic_pilot,cv5,50,20,dtree,2,0.6875
synthetic_pilot,cv5,50,20,dtree,3,0.6875
synthetic_pilot,cv5,50,20,dtree,4,0.1875
synthetic_pilot,cv5,50,20,dtree,5,0.625
synthetic_pilot,cv5,50,20,svm,1,0.6875
synthetic_pilot,cv5,50,20,svm,2,0.4375
synthetic_pilot,cv5,50,20,svm,3,0.75
synthetic_pilot,cv5,50,20,svm,4,0.375
synthetic_pilot,cv5,50,20,svm,5,0.1875
synthetic_pilot,cv5,50,20,rf,1,0.65625
synthetic_pilot,cv5,50,20,rf,2,0.375
synthetic_pilot,cv5,50,20,rf,3,0.65625
synthetic_pilot,cv5,50,20,rf,4,0.5625
synthetic_pilot,cv5,50,20,rf,5,1.0
synthetic_pilot,cv5,50,20,gb,1,0.4375
synthetic_pilot,cv5,50,20,gb,2,0.8125
synthetic_pilot,cv5,50,20,gb,3,0.6875
synthetic_pilot,cv5,50,20,gb,4,0.625
synthetic_pilot,cv5,50,20,gb,5,0.78125
synthetic_pilot,cv5,50,21,logreg,1,0.875
synthetic_pilot,cv5,50,21,logreg,2,1.0
synthetic_pilot,cv5,50,21,logreg,3,0.875
synthetic_pilot,cv5,50,21,logreg,4,0.5
synthetic_pilot,cv5,50,21,logreg,5,0.75
synthetic_pilot,cv5,50,21,knn,1,0.6875
synthetic_pilot,cv5,50,21,knn,2,1.0
synthetic_pilot,cv5,50,21,knn,3,0.4375
synthetic_pilot,cv5,50,21,knn,4,0.59375
synthetic_pilot,cv5,50,21,knn,5,0.8125
synthetic_pilot,cv5,50,21,dtree,1,0.4375
synthetic_pilot,cv5,50,21,dtree,2,0.8125
synthetic_pilot,cv5,50,21,dtree,3,0.3125
synthetic_pilot,cv5,50,21,dtree,4,0.375
synthetic_pilot,cv5,50,21,dtree,5,0.5
synthetic_pilot,cv5,50,21,svm,1,0.75
synthetic_pilot,cv5,50,21,svm,2,0.0
synthetic_pilot,cv5,50,21,svm,3,0.6875
synthetic_pilot,cv5,50,21,svm,4,0.1875
synthetic_pilot,cv5,50,21,svm,5,0.5625
synthetic_pilot,cv5,50,21,rf,1,1.0
synthetic_pilot,cv5,50,21,rf,2,0.875
synthetic_pilot,cv5,50,21,rf,3,0.5625
synthetic_pilot,cv5,50,21,rf,4,0.1875
synthetic_pilot,cv5,50,21,rf,5,0.90625
synthetic_pilot,cv5,50,21,gb,1,0.5
synthetic_pilot,cv5,50,21,gb,2,0.6875
synthetic_pilot,cv5,50,21,gb,3,0.59375
synthetic_pilot,cv5,50,21,gb,4,0.75
synthetic_pilot,cv5,50,21,gb,5,0.71875
synthetic_pilot,cv5,50,22,logreg,1,1.0
synthetic_pilot,cv5,50,22,logreg,2,0.75
synthetic_pilot,cv5,50,22,logreg,3,0.4375
synthetic_pilot,cv5,50,22,logreg,4,0.9375
synthetic_pilot,cv5,50,22,logreg,5,0.875
synthetic_pilot,cv5,50,22,knn,1,0.6875
synthetic_pilot,cv5,50,22,knn,2,0.625
synthetic_pilot,cv5,50,22,knn,3,0.5625
synthetic_pilot,cv5,50,22,knn,4,0.625
synthetic_pilot,cv5,50,22,knn,5,0.5
synthetic_pilot,cv5,50,22,dtree,1,0.6875
synthetic_pilot,cv5,50,22,dtree,2,0.5
synthetic_pilot,cv5,50,22,dtree,3,0.75
synthetic_pilot,cv5,50,22,dtree,4,0.6875
synthetic_pilot,cv5,50,22,dtree,5,0.9375
synthetic_pilot,cv5,50,22,svm,1,0.9375
synthetic_pilot,cv5,50,22,svm,2,0.5
synthetic_pilot,cv5,50,22,svm,3,0.25
synthetic_pilot,cv5,50,22,svm,4,0.8125
synthetic_pilot,cv5,50,22,svm,5,1.0
synthetic_pilot,cv5,50,22,rf,1,0.9375
synthetic_pilot,cv5,50,22,rf,2,0.46875
synthetic_pilot,cv5,50,22,rf,3,0.75
synthetic_pilot,cv5,50,22,rf,4,0.875
synthetic_pilot,cv5,50,22,rf,5,0.9375
synthetic_pilot,cv5,50,22,gb,1,0.90625
synthetic_pilot,cv5,50,22,gb,2,0.75
synthetic_pilot,cv5,50,22,gb,3,0.3125
synthetic_pilot,cv5,50,22,gb,4,0.6875
synthetic_pilot,cv5,50,22,gb,5,0.75
synthetic_pilot,cv5,50,23,logreg,1,0.75
synthetic_pilot,cv5,50,23,logreg,2,1.0
synthetic_pilot,cv5,50,23,logreg,3,0.875
synthetic_pilot,cv5,50,23,logreg,4,0.5
synthetic_pilot,cv5,50,23,logreg,5,0.875
synthetic_pilot,cv5,50,23,knn,1,0.375
synthetic_pilot,cv5,50,23,knn,2,0.9375
synthetic_pilot,cv5,50,23,knn,3,0.78125
synthetic_pilot,cv5,50,23,knn,4,0.46875
synthetic_pilot,cv5,50,23,knn,5,0.875
synthetic_pilot,cv5,50,23,dtree,1,0.5
synthetic_pilot,cv5,50,23,dtree,2,0.4375
synthetic_pilot,cv5,50,23,dtree,3,0.625
synthetic_pilot,cv5,50,23,dtree,4,0.1875
synthetic_pilot,cv5,50,23,dtree,5,0.9375
synthetic_pilot,cv5,50,23,svm,1,0.8125
synthetic_pilot,cv5,50,23,svm,2,1.0
synthetic_pilot,cv5,50,23,svm,3,0.9375
synthetic_pilot,cv5,50,23,svm,4,0.75
synthetic_pilot,cv5,50,23,svm,5,0.875
synthetic_pilot,cv5,50,23,rf,1,0.6875
synthetic_pilot,cv5,50,23,rf,2,0.9375
synthetic_pilot,cv5,50,23,rf,3,0.78125
synthetic_pilot,cv5,50,23,rf,4,0.125
synthetic_pilot,cv5,50,23,rf,5,0.96875
synthetic_pilot,cv5,50,23,gb,1,0.5625
synthetic_pilot,cv5,50,23,gb,2,0.6875
synthetic_pilot,cv5,50,23,gb,3,0.5
synthetic_pilot,cv5,50,23,gb,4,0.625
synthetic_pilot,cv5,50,23,gb,5,0.6875
synthetic_pilot,cv5,50,24,logreg,1,0.6875
synthetic_pilot,cv5,50,24,logreg,2,1.0
synthetic_pilot,cv5,50,24,logreg,3,1.0
synthetic_pilot,cv5,50,24,logreg,4,0.9375
synthetic_pilot,cv5,50,24,logreg,5,0.8125
synthetic_pilot,cv5,50,24,knn,1,0.875
synthetic_pilot,cv5,50,24,knn,2,0.96875
synthetic_pilot,cv5,50,24,knn,3,0.9375
synthetic_pilot,cv5,50,24,knn,4,0.8125
synthetic_pilot,cv5,50,24,knn,5,0.59375
synthetic_pilot,cv5,50,24,dtree,1,0.5
synthetic_pilot,cv5,50,24,dtree,2,0.8125
synthetic_pilot,cv5,50,24,dtree,3,0.75
synthetic_pilot,cv5,50,24,dtree,4,0.6875
synthetic_pilot,cv5,50,24,dtree,5,0.5
synthetic_pilot,cv5,50,24,svm,1,0.8125
synthetic_pilot,cv5,50,24,svm,2,1.0
synthetic_pilot,cv5,50,24,svm,3,1.0
synthetic_pilot,cv5,50,24,svm,4,0.9375
synthetic_pilot,cv5,50,24,svm,5,0.75
synthetic_pilot,cv5,50,24,rf,1,0.3125
synthetic_pilot,cv5,50,24,rf,2,1.0
synthetic_pilot,cv5,50,24,rf,3,0.875
synthetic_pilot,cv5,50,24,rf,4,0.9375
synthetic_pilot,cv5,50,24,rf,5,0.6875
synthetic_pilot,cv5,50,24,gb,1,0.9375
synthetic_pilot,cv5,50,24,gb,2,0.8125
synthetic_pilot,cv5,50,24,gb,3,0.9375
synthetic_pilot,cv5,50,24,gb,4,0.9375
synthetic_pilot,cv5,50,24,gb,5,0.9375
synthetic_pilot,cv5,50,25,logreg,1,0.375
synthetic_pilot,cv5,50,25,logreg,2,0.8125
synthetic_pilot,cv5,50,25,logreg,3,0.8125
synthetic_pilot,cv5,50,25,logreg,4,1.0
synthetic_pilot,cv5,50,25,logreg,5,0.625
synthetic_pilot,cv5,50,25,knn,1,0.4375
synthetic_pilot,cv5,50,25,knn,2,0.71875
synthetic_pilot,cv5,50,25,knn,3,0.5
synthetic_pilot,cv5,50,25,knn,4,0.5625
synthetic_pilot,cv5,50,25,knn,5,0.53125
synthetic_pilot,cv5,50,25,dtree,1,0.375
synthetic_pilot,cv5,50,25,dtree,2,0.4375
synthetic_pilot,cv5,50,25,dtree,3,0.5
synthetic_pilot,cv5,50,25,dtree,4,0.625
synthetic_pilot,cv5,50,25,dtree,5,0.5
synthetic_pilot,cv5,50,25,svm,1,0.625
synthetic_pilot,cv5,50,25,svm,2,0.875
synthetic_pilot,cv5,50,25,svm,3,0.625
synthetic_pilot,cv5,50,25,svm,4,0.75
synthetic_pilot,cv5,50,25,svm,5,0.8125
synthetic_pilot,cv5,50,25,rf,1,0.5625
synthetic_pilot,cv5,50,25,rf,2,1.0
synthetic_pilot,cv5,50,25,rf,3,0.8125
synthetic_pilot,cv5,50,25,rf,4,1.0
synthetic_pilot,cv5,50,25,rf,5,0.5625
synthetic_pilot,cv5,50,25,gb,1,0.625
synthetic_pilot,cv5,50,25,gb,2,0.5
synthetic_pilot,cv5,50,25,gb,3,0.59375
synthetic_pilot,cv5,50,25,gb,4,0.8125
synthetic_pilot,cv5,50,25,gb,5,0.625
synthetic_pilot,cv5,50,26,logreg,1,1.0
synthetic_pilot,cv5,50,26,logreg,2,0.75
synthetic_pilot,cv5,50,26,logreg,3,1.0
synthetic_pilot,cv5,50,26,logreg,4,0.0
synthetic_pilot,cv5,50,26,logreg,5,0.875
synthetic_pilot,cv5,50,26,knn,1,0.6875
synthetic_pilot,cv5,50,26,knn,2,0.875
synthetic_pilot,cv5,50,26,knn,3,0.65625
synthetic_pilot,cv5,50,26,knn,4,0.125
synthetic_pilot,cv5,50,26,knn,5,0.8125
synthetic_pilot,cv5,50,26,dtree,1,0.3125
synthetic_pilot,cv5,50,26,dtree,2,0.875
synthetic_pilot,cv5,50,26,dtree,3,0.75
synthetic_pilot,cv5,50,26,dtree,4,0.375
synthetic_pilot,cv5,50,26,dtree,5,0.5
synthetic_pilot,cv5,50,26,svm,1,0.5
synthetic_pilot,cv5,50,26,svm,2,0.1875
synthetic_pilot,cv5,50,26,svm,3,0.0625
synthetic_pilot,cv5,50,26,svm,4,0.1875
synthetic_pilot,cv5,50,26,svm,5,0.0625
synthetic_pilot,cv5,50,26,rf,1,0.5
synthetic_pilot,cv5,50,26,rf,2,0.8125
synthetic_pilot,cv5,50,26,rf,3,0.8125
synthetic_pilot,cv5,50,26,rf,4,0.21875
synthetic_pilot,cv5,50,26,rf,5,0.6875
synthetic_pilot,cv5,50,26,gb,1,0.625
synthetic_pilot,cv5,50,26,gb,2,0.875
synthetic_pilot,cv5,50,26,gb,3,0.9375
synthetic_pilot,cv5,50,26,gb,4,0.25
synthetic_pilot,cv5,50,26,gb,5,1.0
synthetic_pilot,cv5,50,27,logreg,1,0.875
synthetic_pilot,cv5,50,27,logreg,2,0.875
synthetic_pilot,cv5,50,27,logreg,3,0.75
synthetic_pilot,cv5,50,27,logreg,4,0.625
synthetic_pilot,cv5,50,27,logreg,5,0.875
synthetic_pilot,cv5,50,27,knn,1,0.8125
synthetic_pilot,cv5,50,27,knn,2,0.625
synthetic_pilot,cv5,50,27,knn,3,0.8125
synthetic_pilot,cv5,50,27,knn,4,1.0
synthetic_pilot,cv5,50,27,knn,5,0.875
synthetic_pilot,cv5,50,27,dtree,1,0.75
synthetic_pilot,cv5,50,27,dtree,2,0.4375
synthetic_pilot,cv5,50,27,dtree,3,0.9375
synthetic_pilot,cv5,50,27,dtree,4,0.3125
synthetic_pilot,cv5,50,27,dtree,5,0.6875
synthetic_pilot,cv5,50,27,svm,1,0.6875
synthetic_pilot,cv5,50,27,svm,2,0.5625
synthetic_pilot,cv5,50,27,svm,3,1.0
synthetic_pilot,cv5,50,27,svm,4,0.5
synthetic_pilot,cv5,50,27,svm,5,0.9375
synthetic_pilot,cv5,50,27,rf,1,0.75
synthetic_pilot,cv5,50,27,rf,2,0.59375
synthetic_pilot,cv5,50,27,rf,3,0.625
synthetic_pilot,cv5,50,27,rf,4,0.5
synthetic_pilot,cv5,50,27,rf,5,0.5
synthetic_pilot,cv5,50,27,gb,1,1.0
synthetic_pilot,cv5,50,27,gb,2,0.46875
synthetic_pilot,cv5,50,27,gb,3,1.0
synthetic_pilot,cv5,50,27,gb,4,0.875
synthetic_pilot,cv5,50,27,gb,5,0.875
synthetic_pilot,cv5,50,28,logreg,1,0.9375
synthetic_pilot,cv5,50,28,logreg,2,0.9375
synthetic_pilot,cv5,50,28,logreg,3,0.9375
synthetic_pilot,cv5,50,28,logreg,4,0.4375
synthetic_pilot,cv5,50,28,logreg,5,1.0
synthetic_pilot,cv5,50,28,knn,1,0.8125
synthetic_pilot,cv5,50,28,knn,2,1.0
synthetic_pilot,cv5,50,28,knn,3,1.0
synthetic_pilot,cv5,50,28,knn,4,0.59375
synthetic_pilot,cv5,50,28,knn,5,0.90625
synthetic_pilot,cv5,50,28,dtree,1,0.625
synthetic_pilot,cv5,50,28,dtree,2,0.75
synthetic_pilot,cv5,50,28,dtree,3,0.625
synthetic_pilot,cv5,50,28,dtree,4,0.5
synthetic_pilot,cv5,50,28,dtree,5,0.75
synthetic_pilot,cv5,50,28,svm,1,0.875
synthetic_pilot,cv5,50,28,svm,2,0.9375
synthetic_pilot,cv5,50,28,svm,3,0.9375
synthetic_pilot,cv5,50,28,svm,4,0.75
synthetic_pilot,cv5,50,28,svm,5,0.9375
synthetic_pilot,cv5,50,28,rf,1,0.8125
synthetic_pilot,cv5,50,28,rf,2,1.0
synthetic_pilot,cv5,50,28,rf,3,0.65625
synthetic_pilot,cv5,50,28,rf,4,0.34375
synthetic_pilot,cv5,50,28,rf,5,0.9375
synthetic_pilot,cv5,50,28,gb,1,0.75
synthetic_pilot,cv5,50,28,gb,2,0.8125
synthetic_pilot,cv5,50,28,gb,3,0.6875
synthetic_pilot,cv5,50,28,gb,4,0.375
synthetic_pilot,cv5,50,28,gb,5,0.875
synthetic_pilot,cv5,50,29,logreg,1,0.9375
synthetic_pilot,cv5,50,29,logreg,2,1.0
synthetic_pilot,cv5,50,29,logreg,3,0.25
synthetic_pilot,cv5,50,29,logreg,4,0.8125
synthetic_pilot,cv5,50,29,logreg,5,0.5
synthetic_pilot,cv5,50,29,knn,1,0.65625
synthetic_pilot,cv5,50,29,knn,2,0.5
synthetic_pilot,cv5,50,29,knn,3,0.3125
synthetic_pilot,cv5,50,29,knn,4,0.65625
synthetic_pilot,cv5,50,29,knn,5,0.5625
synthetic_pilot,cv5,50,29,dtree,1,0.625
synthetic_pilot,cv5,50,29,dtree,2,0.75
synthetic_pilot,cv5,50,29,dtree,3,0.5
synthetic_pilot,cv5,50,29,dtree,4,0.9375
synthetic_pilot,cv5,50,29,dtree,5,0.75
synthetic_pilot,cv5,50,29,svm,1,0.0
synthetic_pilot,cv5,50,29,svm,2,0.625
synthetic_pilot,cv5,50,29,svm,3,0.4375
synthetic_pilot,cv5,50,29,svm,4,0.8125
synthetic_pilot,cv5,50,29,svm,5,0.375
synthetic_pilot,cv5,50,29,rf,1,0.84375
synthetic_pilot,cv5,50,29,rf,2,0.9375
synthetic_pilot,cv5,50,29,rf,3,0.3125
synthetic_pilot,cv5,50,29,rf,4,0.875
synthetic_pilot,cv5,50,29,rf,5,0.75
synthetic_pilot,cv5,50,29,gb,1,0.75
synthetic_pilot,cv5,50,29,gb,2,1.0
synthetic_pilot,cv5,50,29,gb,3,0.4375
synthetic_pilot,cv5,50,29,gb,4,0.875
synthetic_pilot,cv5,50,29,gb,5,0.9375
synthetic_pilot,cv5,50,30,logreg,1,0.75
synthetic_pilot,cv5,50,30,logreg,2,0.75
synthetic_pilot,cv5,50,30,logreg,3,0.75
synthetic_pilot,cv5,50,30,logreg,4,0.4375
synthetic_pilot,cv5,50,30,logreg,5,0.625
synthetic_pilot,cv5,50,30,knn,1,0.5625
synthetic_pilot,cv5,50,30,knn,2,0.90625
synthetic_pilot,cv5,50,30,knn,3,0.5
synthetic_pilot,cv5,50,30,knn,4,0.25
synthetic_pilot,cv5,50,30,knn,5,0.8125
synthetic_pilot,cv5,50,30,dtree,1,0.375
synthetic_pilot,cv5,50,30,dtree,2,0.4375
synthetic_pilot,cv5,50,30,dtree,3,0.3125
synthetic_pilot,cv5,50,30,dtree,4,0.8125
synthetic_pilot,cv5,50,30,dtree,5,0.5
synthetic_pilot,cv5,50,30,svm,1,0.5
synthetic_pilot,cv5,50,30,svm,2,0.6875
synthetic_pilot,cv5,50,30,svm,3,0.6875
synthetic_pilot,cv5,50,30,svm,4,0.25
synthetic_pilot,cv5,50,30,svm,5,0.25
synthetic_pilot,cv5,50,30,rf,1,0.4375
synthetic_pilot,cv5,50,30,rf,2,0.15625
synthetic_pilot,cv5,50,30,rf,3,0.125
synthetic_pilot,cv5,50,30,rf,4,0.6875
synthetic_pilot,cv5,50,30,rf,5,0.4375
synthetic_pilot,cv5,50,30,gb,1,0.46875
synthetic_pilot,cv5,50,30,gb,2,0.5625
synthetic_pilot,cv5,50,30,gb,3,0.25
synthetic_pilot,cv5,50,30,gb,4,0.375
synthetic_pilot,cv5,50,30,gb,5,0.25
synthetic_pilot,cv5,50,31,logreg,1,0.5625
synthetic_pilot,cv5,50,31,logreg,2,0.875
synthetic_pilot,cv5,50,31,logreg,3,0.0
synthetic_pilot,cv5,50,31,logreg,4,0.5
synthetic_pilot,cv5,50,31,logreg,5,0.75
synthetic_pilot,cv5,50,31,knn,1,0.65625
synthetic_pilot,cv5,50,31,knn,2,0.4375
synthetic_pilot,cv5,50,31,knn,3,0.28125
synthetic_pilot,cv5,50,31,knn,4,0.5
synthetic_pilot,cv5,50,31,knn,5,0.53125
synthetic_pilot,cv5,50,31,dtree,1,0.3125
synthetic_pilot,cv5,50,31,dtree,2,0.46875
synthetic_pilot,cv5,50,31,dtree,3,0.34375
synthetic_pilot,cv5,50,31,dtree,4,0.5
synthetic_pilot,cv5,50,31,dtree,5,0.5625
synthetic_pilot,cv5,50,31,svm,1,0.5
synthetic_pilot,cv5,50,31,svm,2,0.0625
synthetic_pilot,cv5,50,31,svm,3,0.0
synthetic_pilot,cv5,50,31,svm,4,0.1875
synthetic_pilot,cv5,50,31,svm,5,0.5
synthetic_pilot,cv5,50,31,rf,1,0.15625
synthetic_pilot,cv5,50,31,rf,2,0.3125
synthetic_pilot,cv5,50,31,rf,3,0.1875
synthetic_pilot,cv5,50,31,rf,4,0.125
synthetic_pilot,cv5,50,31,rf,5,0.4375
synthetic_pilot,cv5,50,31,gb,1,0.5
synthetic_pilot,cv5,50,31,gb,2,0.375
synthetic_pilot,cv5,50,31,gb,3,0.25
synthetic_pilot,cv5,50,31,gb,4,0.25
synthetic_pilot,cv5,50,31,gb,5,0.4375
synthetic_pilot,cv5,50,32,logreg,1,0.5
synthetic_pilot,cv5,50,32,logreg,2,0.3125
synthetic_pilot,cv5,50,32,logreg,3,1.0
synthetic_pilot,cv5,50,32,logreg,4,0.625
synthetic_pilot,cv5,50,32,logreg,5,0.6875
synthetic_pilot,cv5,50,32,knn,1,0.4375
synthetic_pilot,cv5,50,32,knn,2,0.875
synthetic_pilot,cv5,50,32,knn,3,0.6875
synthetic_pilot,cv5,50,32,knn,4,0.5625
synthetic_pilot,cv5,50,32,knn,5,0.8125
synthetic_pilot,cv5,50,32,dtree,1,0.3125
synthetic_pilot,cv5,50,32,dtree,2,0.4375
synthetic_pilot,cv5,50,32,dtree,3,0.9375
synthetic_pilot,cv5,50,32,dtree,4,0.375
synthetic_pilot,cv5,50,32,dtree,5,0.75
synthetic_pilot,cv5,50,32,svm,1,0.625
synthetic_pilot,cv5,50,32,svm,2,0.9375
synthetic_pilot,cv5,50,32,svm,3,0.75
synthetic_pilot,cv5,50,32,svm,4,0.75
synthetic_pilot,cv5,50,32,svm,5,1.0
synthetic_pilot,cv5,50,32,rf,1,0.5
synthetic_pilot,cv5,50,32,rf,2,0.15625
synthetic_pilot,cv5,50,32,rf,3,0.9375
synthetic_pilot,cv5,50,32,rf,4,0.25
synthetic_pilot,cv5,50,32,rf,5,0.65625
synthetic_pilot,cv5,50,32,gb,1,0.75
synthetic_pilot,cv5,50,32,gb,2,0.125
synthetic_pilot,cv5,50,32,gb,3,0.75
synthetic_pilot,cv5,50,32,gb,4,0.71875
synthetic_pilot,cv5,50,32,gb,5,0.25
synthetic_pilot,cv5,50,33,logreg,1,0.9375
synthetic_pilot,cv5,50,33,logreg,2,0.625
synthetic_pilot,cv5,50,33,logreg,3,0.625
synthetic_pilot,cv5,50,33,logreg,4,0.6875
synthetic_pilot,cv5,50,33,logreg,5,0.75
synthetic_pilot,cv5,50,33,knn,1,0.5625
synthetic_pilot,cv5,50,33,knn,2,0.5
synthetic_pilot,cv5,50,33,knn,3,0.75
synthetic_pilot,cv5,50,33,knn,4,0.4375
synthetic_pilot,cv5,50,33,knn,5,0.8125
synthetic_pilot,cv5,50,33,dtree,1,0.625
synthetic_pilot,cv5,50,33,dtree,2,0.3125
synthetic_pilot,cv5,50,33,dtree,3,0.4375
synthetic_pilot,cv5,50,33,dtree,4,0.75
synthetic_pilot,cv5,50,33,dtree,5,0.4375
synthetic_pilot,cv5,50,33,svm,1,0.25
synthetic_pilot,cv5,50,33,svm,2,0.375
synthetic_pilot,cv5,50,33,svm,3,0.375
synthetic_pilot,cv5,50,33,svm,4,0.4375
synthetic_pilot,cv5,50,33,svm,5,0.75
synthetic_pilot,cv5,50,33,rf,1,0.875
synthetic_pilot,cv5,50,33,rf,2,0.6875
synthetic_pilot,cv5,50,33,rf,3,0.625
synthetic_pilot,cv5,50,33,rf,4,0.625
synthetic_pilot,cv5,50,33,rf,5,0.71875
synthetic_pilot,cv5,50,33,gb,1,0.5
synthetic_pilot,cv5,50,33,gb,2,0.75
synthetic_pilot,cv5,50,33,gb,3,0.3125
synthetic_pilot,cv5,50,33,gb,4,0.6875
synthetic_pilot,cv5,50,33,gb,5,0.4375
synthetic_pilot,cv5,50,34,logreg,1,0.5
synthetic_pilot,cv5,50,34,logreg,2,0.625
synthetic_pilot,cv5,50,34,logreg,3,1.0
synthetic_pilot,cv5,50,34,logreg,4,0.9375
synthetic_pilot,cv5,50,34,logreg,5,0.8125
synthetic_pilot,cv5,50,34,knn,1,0.75
synthetic_pilot,cv5,50,34,knn,2,0.5625
synthetic_pilot,cv5,50,34,knn,3,1.0
synthetic_pilot,cv5,50,34,knn,4,0.90625
synthetic_pilot,cv5,50,34,knn,5,0.96875
synthetic_pilot,cv5,50,34,dtree,1,0.375
synthetic_pilot,cv5,50,34,dtree,2,0.4375
synthetic_pilot,cv5,50,34,dtree,3,0.75
synthetic_pilot,cv5,50,34,dtree,4,0.5
synthetic_pilot,cv5,50,34,dtree,5,0.6875
synthetic_pilot,cv5,50,34,svm,1,0.625
synthetic_pilot,cv5,50,34,svm,2,0.5625
synthetic_pilot,cv5,50,34,svm,3,1.0
synthetic_pilot,cv5,50,34,svm,4,0.8125
synthetic_pilot,cv5,50,34,svm,5,1.0
synthetic_pilot,cv5,50,34,rf,1,0.4375
synthetic_pilot,cv5,50,34,rf,2,0.53125
synthetic_pilot,cv5,50,34,rf,3,0.75
synthetic_pilot,cv5,50,34,rf,4,0.8125
synthetic_pilot,cv5,50,34,rf,5,0.875
synthetic_pilot,cv5,50,34,gb,1,0.375
synthetic_pilot,cv5,50,34,gb,2,0.5
synthetic_pilot,cv5,50,34,gb,3,0.875
synthetic_pilot,cv5,50,34,gb,4,0.8125
synthetic_pilot,cv5,50,34,gb,5,1.0
synthetic_pilot,cv5,50,35,logreg,1,0.75
synthetic_pilot,cv5,50,35,logreg,2,0.375
synthetic_pilot,cv5,50,35,logreg,3,0.75
synthetic_pilot,cv5,50,35,logreg,4,0.375
synthetic_pilot,cv5,50,35,logreg,5,0.875
synthetic_pilot,cv5,50,35,knn,1,0.625
synthetic_pilot,cv5,50,35,knn,2,0.65625
synthetic_pilot,cv5,50,35,knn,3,0.75
synthetic_pilot,cv5,50,35,knn,4,0.1875
synthetic_pilot,cv5,50,35,knn,5,0.8125
synthetic_pilot,cv5,50,35,dtree,1,0.5
synthetic_pilot,cv5,50,35,dtree,2,0.8125
synthetic_pilot,cv5,50,35,dtree,3,0.3125
synthetic_pilot,cv5,50,35,dtree,4,0.4375
synthetic_pilot,cv5,50,35,dtree,5,0.625
synthetic_pilot,cv5,50,35,svm,1,0.625
synthetic_pilot,cv5,50,35,svm,2,0.6875
synthetic_pilot,cv5,50,35,svm,3,0.25
synthetic_pilot,cv5,50,35,svm,4,0.5
synthetic_pilot,cv5,50,35,svm,5,0.25
synthetic_pilot,cv5,50,35,rf,1,0.4375
synthetic_pilot,cv5,50,35,rf,2,0.65625
synthetic_pilot,cv5,50,35,rf,3,0.375
synthetic_pilot,cv5,50,35,rf,4,0.375
synthetic_pilot,cv5,50,35,rf,5,0.625
synthetic_pilot,cv5,50,35,gb,1,0.8125
synthetic_pilot,cv5,50,35,gb,2,0.25
synthetic_pilot,cv5,50,35,gb,3,0.71875
synthetic_pilot,cv5,50,35,gb,4,0.8125
synthetic_pilot,cv5,50,35,gb,5,0.5
synthetic_pilot,cv5,50,36,logreg,1,0.6875
synthetic_pilot,cv5,50,36,logreg,2,0.875
synthetic_pilot,cv5,50,36,logreg,3,0.625
synthetic_pilot,cv5,50,36,logreg,4,0.4375
synthetic_pilot,cv5,50,36,logreg,5,0.6875
synthetic_pilot,cv5,50,36,knn,1,0.625
synthetic_pilot,cv5,50,36,knn,2,0.4375
synthetic_pilot,cv5,50,36,knn,3,0.34375
synthetic_pilot,cv5,50,36,knn,4,0.375
synthetic_pilot,cv5,50,36,knn,5,0.28125
synthetic_pilot,cv5,50,36,dtree,1,0.71875
synthetic_pilot,cv5,50,36,dtree,2,0.375
synthetic_pilot,cv5,50,36,dtree,3,0.5625
synthetic_pilot,cv5,50,36,dtree,4,0.4375
synthetic_pilot,cv5,50,36,dtree,5,0.4375
synthetic_pilot,cv5,50,36,svm,1,0.125
synthetic_pilot,cv5,50,36,svm,2,0.25
synthetic_pilot,cv5,50,36,svm,3,0.5
synthetic_pilot,cv5,50,36,svm,4,0.5
synthetic_pilot,cv5,50,36,svm,5,0.625
synthetic_pilot,cv5,50,36,rf,1,1.0
synthetic_pilot,cv5,50,36,rf,2,0.4375
synthetic_pilot,cv5,50,36,rf,3,0.5625
synthetic_pilot,cv5,50,36,rf,4,0.5625
synthetic_pilot,cv5,50,36,rf,5,0.59375
synthetic_pilot,cv5,50,36,gb,1,0.6875
synthetic_pilot,cv5,50,36,gb,2,0.5
synthetic_pilot,cv5,50,36,gb,3,0.375
synthetic_pilot,cv5,50,36,gb,4,0.1875
synthetic_pilot,cv5,50,36,gb,5,0.875
synthetic_pilot,cv5,50,37,logreg,1,0.75
synthetic_pilot,cv5,50,37,logreg,2,0.625
synthetic_pilot,cv5,50,37,logreg,3,0.625
synthetic_pilot,cv5,50,37,logreg,4,0.125
synthetic_pilot,cv5,50,37,logreg,5,0.625
synthetic_pilot,cv5,50,37,knn,1,0.875
synthetic_pilot,cv5,50,37,knn,2,0.875
synthetic_pilot,cv5,50,37,knn,3,0.6875
synthetic_pilot,cv5,50,37,knn,4,0.3125
synthetic_pilot,cv5,50,37,knn,5,0.21875
synthetic_pilot,cv5,50,37,dtree,1,0.875
synthetic_pilot,cv5,50,37,dtree,2,0.5
synthetic_pilot,cv5,50,37,dtree,3,0.625
synthetic_pilot,cv5,50,37,dtree,4,0.625
synthetic_pilot,cv5,50,37,dtree,5,0.375
synthetic_pilot,cv5,50,37,svm,1,0.125
synthetic_pilot,cv5,50,37,svm,2,0.5625
synthetic_pilot,cv5,50,37,svm,3,0.375
synthetic_pilot,cv5,50,37,svm,4,0.3125
synthetic_pilot,cv5,50,37,svm,5,0.125
synthetic_pilot,cv5,50,37,rf,1,0.625
synthetic_pilot,cv5,50,37,rf,2,0.59375
synthetic_pilot,cv5,50,37,rf,3,0.4375
synthetic_pilot,cv5,50,37,rf,4,0.21875
synthetic_pilot,cv5,50,37,rf,5,0.21875
synthetic_pilot,cv5,50,37,gb,1,0.5
synthetic_pilot,cv5,50,37,gb,2,0.0625
synthetic_pilot,cv5,50,37,gb,3,0.0625
synthetic_pilot,cv5,50,37,gb,4,0.5625
synthetic_pilot,cv5,50,37,gb,5,0.5625
synthetic_pilot,cv5,50,38,logreg,1,0.75
synthetic_pilot,cv5,50,38,logreg,2,0.75
synthetic_pilot,cv5,50,38,logreg,3,1.0
synthetic_pilot,cv5,50,38,logreg,4,0.8125
synthetic_pilot,cv5,50,38,logreg,5,0.6875
synthetic_pilot,cv5,50,38,knn,1,0.59375
synthetic_pilot,cv5,50,38,knn,2,0.71875
synthetic_pilot,cv5,50,38,knn,3,0.25
synthetic_pilot,cv5,50,38,knn,4,0.59375
synthetic_pilot,cv5,50,38,knn,5,0.625
synthetic_pilot,cv5,50,38,dtree,1,0.4375
synthetic_pilot,cv5,50,38,dtree,2,0.625
synthetic_pilot,cv5,50,38,dtree,3,0.6875
synthetic_pilot,cv5,50,38,dtree,4,0.75
synthetic_pilot,cv5,50,38,dtree,5,0.625
synthetic_pilot,cv5,50,38,svm,1,0.6875
synthetic_pilot,cv5,50,38,svm,2,0.8125
synthetic_pilot,cv5,50,38,svm,3,0.8125
synthetic_pilot,cv5,50,38,svm,4,0.625
synthetic_pilot,cv5,50,38,svm,5,0.9375
synthetic_pilot,cv5,50,38,rf,1,0.75
synthetic_pilot,cv5,50,38,rf,2,0.875
synthetic_pilot,cv5,50,38,rf,3,1.0
synthetic_pilot,cv5,50,38,rf,4,0.71875
synthetic_pilot,cv5,50,38,rf,5,0.6875
synthetic_pilot,cv5,50,38,gb,1,0.6875
synthetic_pilot,cv5,50,38,gb,2,0.6875
synthetic_pilot,cv5,50,38,gb,3,0.59375
synthetic_pilot,cv5,50,38,gb,4,0.625
synthetic_pilot,cv5,50,38,gb,5,0.875
synthetic_pilot,cv5,50,39,logreg,1,0.875
synthetic_pilot,cv5,50,39,logreg,2,0.75
synthetic_pilot,cv5,50,39,logreg,3,0.5
synthetic_pilot,cv5,50,39,logreg,4,0.5625
synthetic_pilot,cv5,50,39,logreg,5,0.4375
synthetic_pilot,cv5,50,39,knn,1,0.78125
synthetic_pilot,cv5,50,39,knn,2,0.65625
synthetic_pilot,cv5,50,39,knn,3,0.4375
synthetic_pilot,cv5,50,39,knn,4,0.65625
synthetic_pilot,cv5,50,39,knn,5,0.8125
synthetic_pilot,cv5,50,39,dtree,1,0.6875
synthetic_pilot,cv5,50,39,dtree,2,0.3125
synthetic_pilot,cv5,50,39,dtree,3,0.625
synthetic_pilot,cv5,50,39,dtree,4,0.375
synthetic_pilot,cv5,50,39,dtree,5,0.5625
synthetic_pilot,cv5,50,39,svm,1,0.1875
synthetic_pilot,cv5,50,39,svm,2,0.1875
synthetic_pilot,cv5,50,39,svm,3,0.1875
synthetic_pilot,cv5,50,39,svm,4,0.6875
synthetic_pilot,cv5,50,39,svm,5,0.6875
synthetic_pilot,cv5,50,39,rf,1,0.875
synthetic_pilot,cv5,50,39,rf,2,0.28125
synthetic_pilot,cv5,50,39,rf,3,0.5
synthetic_pilot,cv5,50,39,rf,4,0.5625
synthetic_pilot,cv5,50,39,rf,5,0.6875
synthetic_pilot,cv5,50,39,gb,1,0.375
synthetic_pilot,cv5,50,39,gb,2,0.625
synthetic_pilot,cv5,50,39,gb,3,0.5625
synthetic_pilot,cv5,50,39,gb,4,0.5
synthetic_pilot,cv5,50,39,gb,5,0.5625
synthetic_pilot,cv5,50,40,logreg,1,0.5
synthetic_pilot,cv5,50,40,logreg,2,0.9375
synthetic_pilot,cv5,50,40,logreg,3,0.625
synthetic_pilot,cv5,50,40,logreg,4,0.5625
synthetic_pilot,cv5,50,40,logreg,5,1.0
synthetic_pilot,cv5,50,40,knn,1,0.4375
synthetic_pilot,cv5,50,40,knn,2,0.84375
synthetic_pilot,cv5,50,40,knn,3,0.875
synthetic_pilot,cv5,50,40,knn,4,0.59375
synthetic_pilot,cv5,50,40,knn,5,0.59375
synthetic_pilot,cv5,50,40,dtree,1,0.375
synthetic_pilot,cv5,50,40,dtree,2,0.4375
synthetic_pilot,cv5,50,40,dtree,3,0.4375
synthetic_pilot,cv5,50,40,dtree,4,0.5
synthetic_pilot,cv5,50,40,dtree,5,0.4375
synthetic_pilot,cv5,50,40,svm,1,0.125
synthetic_pilot,cv5,50,40,svm,2,1.0
synthetic_pilot,cv5,50,40,svm,3,0.75
synthetic_pilot,cv5,50,40,svm,4,0.5
synthetic_pilot,cv5,50,40,svm,5,0.75
synthetic_pilot,cv5,50,40,rf,1,0.40625
synthetic_pilot,cv5,50,40,rf,2,0.40625
synthetic_pilot,cv5,50,40,rf,3,0.8125
synthetic_pilot,cv5,50,40,rf,4,0.34375
synthetic_pilot,cv5,50,40,rf,5,0.875
synthetic_pilot,cv5,50,40,gb,1,0.5625
synthetic_pilot,cv5,50,40,gb,2,0.8125
synthetic_pilot,cv5,50,40,gb,3,0.75
synthetic_pilot,cv5,50,40,gb,4,0.4375
synthetic_pilot,cv5,50,40,gb,5,0.75
synthetic_pilot,cv5,50,41,logreg,1,1.0
synthetic_pilot,cv5,50,41,logreg,2,0.9375
synthetic_pilot,cv5,50,41,logreg,3,0.9375
synthetic_pilot,cv5,50,41,logreg,4,1.0
synthetic_pilot,cv5,50,41,logreg,5,0.875
synthetic_pilot,cv5,50,41,knn,1,0.9375
synthetic_pilot,cv5,50,41,knn,2,0.84375
synthetic_pilot,cv5,50,41,knn,3,0.625
synthetic_pilot,cv5,50,41,knn,4,0.96875
synthetic_pilot,cv5,50,41,knn,5,0.65625
synthetic_pilot,cv5,50,41,dtree,1,0.75
synthetic_pilot,cv5,50,41,dtree,2,0.6875
synthetic_pilot,cv5,50,41,dtree,3,0.6875
synthetic_pilot,cv5,50,41,dtree,4,0.625
synthetic_pilot,cv5,50,41,dtree,5,0.6875
synthetic_pilot,cv5,50,41,svm,1,1.0
synthetic_pilot,cv5,50,41,svm,2,1.0
synthetic_pilot,cv5,50,41,svm,3,0.875
synthetic_pilot,cv5,50,41,svm,4,1.0
synthetic_pilot,cv5,50,41,svm,5,0.5625
synthetic_pilot,cv5,50,41,rf,1,1.0
synthetic_pilot,cv5,50,41,rf,2,0.9375
synthetic_pilot,cv5,50,41,rf,3,0.875
synthetic_pilot,cv5,50,41,rf,4,1.0
synthetic_pilot,cv5,50,41,rf,5,0.875
synthetic_pilot,cv5,50,41,gb,1,0.8125
synthetic_pilot,cv5,50,41,gb,2,0.875
synthetic_pilot,cv5,50,41,gb,3,0.75
synthetic_pilot,cv5,50,41,gb,4,1.0
synthetic_pilot,cv5,50,41,gb,5,0.8125
synthetic_pilot,cv5,50,42,logreg,1,1.0
synthetic_pilot,cv5,50,42,logreg,2,1.0
synthetic_pilot,cv5,50,42,logreg,3,0.875
synthetic_pilot,cv5,50,42,logreg,4,0.875
synthetic_pilot,cv5,50,42,logreg,5,1.0
synthetic_pilot,cv5,50,42,knn,1,0.84375
synthetic_pilot,cv5,50,42,knn,2,1.0
synthetic_pilot,cv5,50,42,knn,3,0.90625
synthetic_pilot,cv5,50,42,knn,4,0.53125
synthetic_pilot,cv5,50,42,knn,5,0.8125
synthetic_pilot,cv5,50,42,dtree,1,0.75
synthetic_pilot,cv5,50,42,dtree,2,0.75
synthetic_pilot,cv5,50,42,dtree,3,0.9375
synthetic_pilot,cv5,50,42,dtree,4,0.5
synthetic_pilot,cv5,50,42,dtree,5,0.75
synthetic_pilot,cv5,50,42,svm,1,0.875
synthetic_pilot,cv5,50,42,svm,2,1.0
synthetic_pilot,cv5,50,42,svm,3,0.875
synthetic_pilot,cv5,50,42,svm,4,0.5625
synthetic_pilot,cv5,50,42,svm,5,1.0
synthetic_pilot,cv5,50,42,rf,1,1.0
synthetic_pilot,cv5,50,42,rf,2,1.0
synthetic_pilot,cv5,50,42,rf,3,0.875
synthetic_pilot,cv5,50,42,rf,4,0.5
synthetic_pilot,cv5,50,42,rf,5,0.9375
synthetic_pilot,cv5,50,42,gb,1,1.0
synthetic_pilot,cv5,50,42,gb,2,0.9375
synthetic_pilot,cv5,50,42,gb,3,0.78125
synthetic_pilot,cv5,50,42,gb,4,0.75
synthetic_pilot,cv5,50,42,gb,5,0.71875
synthetic_pilot,cv5,50,43,logreg,1,0.125
synthetic_pilot,cv5,50,43,logreg,2,0.625
synthetic_pilot,cv5,50,43,logreg,3,0.375
synthetic_pilot,cv5,50,43,logreg,4,0.875
synthetic_pilot,cv5,50,43,logreg,5,0.75
synthetic_pilot,cv5,50,43,knn,1,0.1875
synthetic_pilot,cv5,50,43,knn,2,0.75
synthetic_pilot,cv5,50,43,knn,3,0.65625
synthetic_pilot,cv5,50,43,knn,4,0.9375
synthetic_pilot,cv5,50,43,knn,5,0.4375
synthetic_pilot,cv5,50,43,dtree,1,0.6875
synthetic_pilot,cv5,50,43,dtree,2,0.5
synthetic_pilot,cv5,50,43,dtree,3,0.5625
synthetic_pilot,cv5,50,43,dtree,4,0.75
synthetic_pilot,cv5,50,43,dtree,5,0.625
synthetic_pilot,cv5,50,43,svm,1,0.5
synthetic_pilot,cv5,50,43,svm,2,0.3125
synthetic_pilot,cv5,50,43,svm,3,0.5625
synthetic_pilot,cv5,50,43,svm,4,0.5
synthetic_pilot,cv5,50,43,svm,5,0.5
synthetic_pilot,cv5,50,43,rf,1,0.46875
synthetic_pilot,cv5,50,43,rf,2,0.65625
synthetic_pilot,cv5,50,43,rf,3,0.8125
synthetic_pilot,cv5,50,43,rf,4,0.5
synthetic_pilot,cv5,50,43,rf,5,0.5625
synthetic_pilot,cv5,50,43,gb,1,0.3125
synthetic_pilot,cv5,50,43,gb,2,0.125
synthetic_pilot,cv5,50,43,gb,3,0.25
synthetic_pilot,cv5,50,43,gb,4,0.5625
synthetic_pilot,cv5,50,43,gb,5,0.5625
synthetic_pilot,cv5,50,44,logreg,1,0.6875
synthetic_pilot,cv5,50,44,logreg,2,0.6875
synthetic_pilot,cv5,50,44,logreg,3,1.0
synthetic_pilot,cv5,50,44,logreg,4,0.8125
synthetic_pilot,cv5,50,44,logreg,5,0.9375
synthetic_pilot,cv5,50,44,knn,1,0.6875
synthetic_pilot,cv5,50,44,knn,2,0.28125
synthetic_pilot,cv5,50,44,knn,3,0.5625
synthetic_pilot,cv5,50,44,knn,4,0.75
synthetic_pilot,cv5,50,44,knn,5,0.5625
synthetic_pilot,cv5,50,44,dtree,1,0.75
synthetic_pilot,cv5,50,44,dtree,2,0.4375
synthetic_pilot,cv5,50,44,dtree,3,0.625
synthetic_pilot,cv5,50,44,dtree,4,0.4375
synthetic_pilot,cv5,50,44,dtree,5,0.6875
synthetic_pilot,cv5,50,44,svm,1,0.625
synthetic_pilot,cv5,50,44,svm,2,0.5625
synthetic_pilot,cv5,50,44,svm,3,0.625
synthetic_pilot,cv5,50,44,svm,4,0.625
synthetic_pilot,cv5,50,44,svm,5,0.9375
synthetic_pilot,cv5,50,44,rf,1,0.625
synthetic_pilot,cv5,50,44,rf,2,0.59375
synthetic_pilot,cv5,50,44,rf,3,0.8125
synthetic_pilot,cv5,50,44,rf,4,0.53125
synthetic_pilot,cv5,50,44,rf,5,0.90625
synthetic_pilot,cv5,50,44,gb,1,0.75
synthetic_pilot,cv5,50,44,gb,2,0.625
synthetic_pilot,cv5,50,44,gb,3,0.75
synthetic_pilot,cv5,50,44,gb,4,0.625
synthetic_pilot,cv5,50,44,gb,5,0.6875
synthetic_pilot,cv5,50,45,logreg,1,0.5625
synthetic_pilot,cv5,50,45,logreg,2,0.625
synthetic_pilot,cv5,50,45,logreg,3,0.9375
synthetic_pilot,cv5,50,45,logreg,4,0.625
synthetic_pilot,cv5,50,45,logreg,5,0.625
synthetic_pilot,cv5,50,45,knn,1,0.71875
synthetic_pilot,cv5,50,45,knn,2,0.875
synthetic_pilot,cv5,50,45,knn,3,0.46875
synthetic_pilot,cv5,50,45,knn,4,0.75
synthetic_pilot,cv5,50,45,knn,5,0.5
synthetic_pilot,cv5,50,45,dtree,1,0.4375
synthetic_pilot,cv5,50,45,dtree,2,0.5
synthetic_pilot,cv5,50,45,dtree,3,0.59375
synthetic_pilot,cv5,50,45,dtree,4,0.375
synthetic_pilot,cv5,50,45,dtree,5,0.375
synthetic_pilot,cv5,50,45,svm,1,0.375
synthetic_pilot,cv5,50,45,svm,2,0.75
synthetic_pilot,cv5,50,45,svm,3,0.125
synthetic_pilot,cv5,50,45,svm,4,0.6875
synthetic_pilot,cv5,50,45,svm,5,0.6875
synthetic_pilot,cv5,50,45,rf,1,0.09375
synthetic_pilot,cv5,50,45,rf,2,0.78125
synthetic_pilot,cv5,50,45,rf,3,0.875
synthetic_pilot,cv5,50,45,rf,4,0.21875
synthetic_pilot,cv5,50,45,rf,5,0.28125
synthetic_pilot,cv5,50,45,gb,1,0.4375
synthetic_pilot,cv5,50,45,gb,2,0.6875
synthetic_pilot,cv5,50,45,gb,3,0.625
synthetic_pilot,cv5,50,45,gb,4,0.5625
synthetic_pilot,cv5,50,45,gb,5,0.4375
synthetic_pilot,cv5,50,46,logreg,1,0.375
synthetic_pilot,cv5,50,46,logreg,2,0.75
synthetic_pilot,cv5,50,46,logreg,3,0.625
synthetic_pilot,cv5,50,46,logreg,4,0.6875
synthetic_pilot,cv5,50,46,logreg,5,0.5
synthetic_pilot,cv5,50,46,knn,1,0.34375
synthetic_pilot,cv5,50,46,knn,2,0.375
synthetic_pilot,cv5,50,46,knn,3,0.5625
synthetic_pilot,cv5,50,46,knn,4,0.5625
synthetic_pilot,cv5,50,46,knn,5,0.40625
synthetic_pilot,cv5,50,46,dtree,1,0.6875
synthetic_pilot,cv5,50,46,dtree,2,0.75
synthetic_pilot,cv5,50,46,dtree,3,0.5
synthetic_pilot,cv5,50,46,dtree,4,0.4375
synthetic_pilot,cv5,50,46,dtree,5,0.6875
synthetic_pilot,cv5,50,46,svm,1,0.25
synthetic_pilot,cv5,50,46,svm,2,0.1875
synthetic_pilot,cv5,50,46,svm,3,0.5
synthetic_pilot,cv5,50,46,svm,4,0.5625
synthetic_pilot,cv5,50,46,svm,5,0.4375
synthetic_pilot,cv5,50,46,rf,1,0.8125
synthetic_pilot,cv5,50,46,rf,2,0.96875
synthetic_pilot,cv5,50,46,rf,3,0.625
synthetic_pilot,cv5,50,46,rf,4,0.75
synthetic_pilot,cv5,50,46,rf,5,0.875
synthetic_pilot,cv5,50,46,gb,1,0.1875
synthetic_pilot,cv5,50,46,gb,2,0.59375
synthetic_pilot,cv5,50,46,gb,3,0.3125
synthetic_pilot,cv5,50,46,gb,4,0.5625
synthetic_pilot,cv5,50,46,gb,5,0.59375
synthetic_pilot,cv5,50,47,logreg,1,1.0
synthetic_pilot,cv5,50,47,logreg,2,0.875
synthetic_pilot,cv5,50,47,logreg,3,0.6875
synthetic_pilot,cv5,50,47,logreg,4,0.6875
synthetic_pilot,cv5,50,47,logreg,5,0.625
synthetic_pilot,cv5,50,47,knn,1,0.9375
synthetic_pilot,cv5,50,47,knn,2,0.625
synthetic_pilot,cv5,50,47,knn,3,0.9375
synthetic_pilot,cv5,50,47,knn,4,0.59375
synthetic_pilot,cv5,50,47,knn,5,0.4375
synthetic_pilot,cv5,50,47,dtree,1,0.625
synthetic_pilot,cv5,50,47,dtree,2,0.5
synthetic_pilot,cv5,50,47,dtree,3,0.5
synthetic_pilot,cv5,50,47,dtree,4,0.625
synthetic_pilot,cv5,50,47,dtree,5,0.6875
synthetic_pilot,cv5,50,47,svm,1,0.6875
synthetic_pilot,cv5,50,47,svm,2,0.8125
synthetic_pilot,cv5,50,47,svm,3,0.75
synthetic_pilot,cv5,50,47,svm,4,0.625
synthetic_pilot,cv5,50,47,svm,5,0.75
synthetic_pilot,cv5,50,47,rf,1,0.875
synthetic_pilot,cv5,50,47,rf,2,0.8125
synthetic_pilot,cv5,50,47,rf,3,0.78125
synthetic_pilot,cv5,50,47,rf,4,0.4375
synthetic_pilot,cv5,50,47,rf,5,0.75
synthetic_pilot,cv5,50,47,gb,1,0.65625
synthetic_pilot,cv5,50,47,gb,2,0.90625
synthetic_pilot,cv5,50,47,gb,3,0.375
synthetic_pilot,cv5,50,47,gb,4,0.4375
synthetic_pilot,cv5,50,47,gb,5,0.5
synthetic_pilot,cv5,50,48,logreg,1,0.75
synthetic_pilot,cv5,50,48,logreg,2,0.75
synthetic_pilot,cv5,50,48,logreg,3,0.375
synthetic_pilot,cv5,50,48,logreg,4,0.5625
synthetic_pilot,cv5,50,48,logreg,5,0.625
synthetic_pilot,cv5,50,48,knn,1,0.125
synthetic_pilot,cv5,50,48,knn,2,0.40625
synthetic_pilot,cv5,50,48,knn,3,0.59375
synthetic_pilot,cv5,50,48,knn,4,0.71875
synthetic_pilot,cv5,50,48,knn,5,0.59375
synthetic_pilot,cv5,50,48,dtree,1,0.5625
synthetic_pilot,cv5,50,48,dtree,2,0.4375
synthetic_pilot,cv5,50,48,dtree,3,0.25
synthetic_pilot,cv5,50,48,dtree,4,0.625
synthetic_pilot,cv5,50,48,dtree,5,0.3125
synthetic_pilot,cv5,50,48,svm,1,0.1875
synthetic_pilot,cv5,50,48,svm,2,0.5
synthetic_pilot,cv5,50,48,svm,3,0.5625
synthetic_pilot,cv5,50,48,svm,4,0.625
synthetic_pilot,cv5,50,48,svm,5,0.5
synthetic_pilot,cv5,50,48,rf,1,0.5625
synthetic_pilot,cv5,50,48,rf,2,0.25
synthetic_pilot,cv5,50,48,rf,3,0.3125
synthetic_pilot,cv5,50,48,rf,4,0.65625
synthetic_pilot,cv5,50,48,rf,5,0.28125
synthetic_pilot,cv5,50,48,gb,1,0.5
synthetic_pilot,cv5,50,48,gb,2,0.09375
synthetic_pilot,cv5,50,48,gb,3,0.5625
synthetic_pilot,cv5,50,48,gb,4,0.375
synthetic_pilot,cv5,50,48,gb,5,0.625
synthetic_pilot,cv5,50,49,logreg,1,0.6875
synthetic_pilot,cv5,50,49,logreg,2,0.5
synthetic_pilot,cv5,50,49,logreg,3,0.375
synthetic_pilot,cv5,50,49,logreg,4,0.6875
synthetic_pilot,cv5,50,49,logreg,5,0.75
synthetic_pilot,cv5,50,49,knn,1,0.5625
synthetic_pilot,cv5,50,49,knn,2,0.71875
synthetic_pilot,cv5,50,49,knn,3,0.625
synthetic_pilot,cv5,50,49,knn,4,0.5625
synthetic_pilot,cv5,50,49,knn,5,0.375
synthetic_pilot,cv5,50,49,dtree,1,0.5625
synthetic_pilot,cv5,50,49,dtree,2,0.4375
synthetic_pilot,cv5,50,49,dtree,3,0.625
synthetic_pilot,cv5,50,49,dtree,4,0.3125
synthetic_pilot,cv5,50,49,dtree,5,0.53125
synthetic_pilot,cv5,50,49,svm,1,0.875
synthetic_pilot,cv5,50,49,svm,2,0.375
synthetic_pilot,cv5,50,49,svm,3,0.6875
synthetic_pilot,cv5,50,49,svm,4,0.5
synthetic_pilot,cv5,50,49,svm,5,0.375
synthetic_pilot,cv5,50,49,rf,1,0.875
synthetic_pilot,cv5,50,49,rf,2,0.5625
synthetic_pilot,cv5,50,49,rf,3,0.6875
synthetic_pilot,cv5,50,49,rf,4,0.5
synthetic_pilot,cv5,50,49,rf,5,0.375
synthetic_pilot,cv5,50,49,gb,1,0.65625
synthetic_pilot,cv5,50,49,gb,2,0.1875
synthetic_pilot,cv5,50,49,gb,3,0.375
synthetic_pilot,cv5,50,49,gb,4,0.5
synthetic_pilot,cv5,50,49,gb,5,0.4375
synthetic_pilot,cv5,50,50,logreg,1,1.0
synthetic_pilot,cv5,50,50,logreg,2,1.0
synthetic_pilot,cv5,50,50,logreg,3,1.0
synthetic_pilot,cv5,50,50,logreg,4,0.6875
synthetic_pilot,cv5,50,50,logreg,5,0.75
synthetic_pilot,cv5,50,50,knn,1,0.65625
synthetic_pilot,cv5,50,50,knn,2,0.875
synthetic_pilot,cv5,50,50,knn,3,1.0
synthetic_pilot,cv5,50,50,knn,4,0.5625
synthetic_pilot,cv5,50,50,knn,5,0.6875
synthetic_pilot,cv5,50,50,dtree,1,0.75
synthetic_pilot,cv5,50,50,dtree,2,0.6875
synthetic_pilot,cv5,50,50,dtree,3,0.375
synthetic_pilot,cv5,50,50,dtree,4,0.3125
synthetic_pilot,cv5,50,50,dtree,5,0.5
synthetic_pilot,cv5,50,50,svm,1,0.9375
synthetic_pilot,cv5,50,50,svm,2,0.8125
synthetic_pilot,cv5,50,50,svm,3,1.0
synthetic_pilot,cv5,50,50,svm,4,0.5
synthetic_pilot,cv5,50,50,svm,5,1.0
synthetic_pilot,cv5,50,50,rf,1,0.96875
synthetic_pilot,cv5,50,50,rf,2,1.0
synthetic_pilot,cv5,50,50,rf,3,1.0
synthetic_pilot,cv5,50,50,rf,4,0.65625
synthetic_pilot,cv5,50,50,rf,5,0.625
synthetic_pilot,cv5,50,50,gb,1,0.8125
synthetic_pilot,cv5,50,50,gb,2,0.9375
synthetic_pilot,cv5,50,50,gb,3,0.9375
synthetic_pilot,cv5,50,50,gb,4,0.5625
synthetic_pilot,cv5,50,50,gb,5,0.5
synthetic_pilot,cv5,50,51,logreg,1,0.4375
synthetic_pilot,cv5,50,51,logreg,2,0.8125
synthetic_pilot,cv5,50,51,logreg,3,0.4375
synthetic_pilot,cv5,50,51,logreg,4,0.5
synthetic_pilot,cv5,50,51,logreg,5,0.375
synthetic_pilot,cv5,50,51,knn,1,0.46875
synthetic_pilot,cv5,50,51,knn,2,0.75
synthetic_pilot,cv5,50,51,knn,3,0.25
synthetic_pilot,cv5,50,51,knn,4,0.6875
synthetic_pilot,cv5,50,51,knn,5,0.46875
synthetic_pilot,cv5,50,51,dtree,1,0.5
synthetic_pilot,cv5,50,51,dtree,2,0.5625
synthetic_pilot,cv5,50,51,dtree,3,0.4375
synthetic_pilot,cv5,50,51,dtree,4,0.5625
synthetic_pilot,cv5,50,51,dtree,5,0.5
synthetic_pilot,cv5,50,51,svm,1,0.625
synthetic_pilot,cv5,50,51,svm,2,0.4375
synthetic_pilot,cv5,50,51,svm,3,0.3125
synthetic_pilot,cv5,50,51,svm,4,0.25
synthetic_pilot,cv5,50,51,svm,5,0.4375
synthetic_pilot,cv5,50,51,rf,1,0.625
synthetic_pilot,cv5,50,51,rf,2,0.625
synthetic_pilot,cv5,50,51,rf,3,0.375
synthetic_pilot,cv5,50,51,rf,4,0.75
synthetic_pilot,cv5,50,51,rf,5,0.5
synthetic_pilot,cv5,50,51,gb,1,0.5
synthetic_pilot,cv5,50,51,gb,2,0.6875
synthetic_pilot,cv5,50,51,gb,3,0.5
synthetic_pilot,cv5,50,51,gb,4,0.75
synthetic_pilot,cv5,50,51,gb,5,0.6875
synthetic_pilot,cv5,50,52,logreg,1,0.5
synthetic_pilot,cv5,50,52,logreg,2,0.875
synthetic_pilot,cv5,50,52,logreg,3,0.625
synthetic_pilot,cv5,50,52,logreg,4,0.1875
synthetic_pilot,cv5,50,52,logreg,5,1.0
synthetic_pilot,cv5,50,52,knn,1,0.5
synthetic_pilot,cv5,50,52,knn,2,0.75
synthetic_pilot,cv5,50,52,knn,3,0.5625
synthetic_pilot,cv5,50,52,knn,4,0.5625
synthetic_pilot,cv5,50,52,knn,5,0.71875
synthetic_pilot,cv5,50,52,dtree,1,0.375
synthetic_pilot,cv5,50,52,dtree,2,0.3125
synthetic_pilot,cv5,50,52,dtree,3,0.375
synthetic_pilot,cv5,50,52,dtree,4,0.375
synthetic_pilot,cv5,50,52,dtree,5,0.4375
synthetic_pilot,cv5,50,52,svm,1,0.5625
synthetic_pilot,cv5,50,52,svm,2,1.0
synthetic_pilot,cv5,50,52,svm,3,0.75
synthetic_pilot,cv5,50,52,svm,4,0.25
synthetic_pilot,cv5,50,52,svm,5,0.875
synthetic_pilot,cv5,50,52,rf,1,0.8125
synthetic_pilot,cv5,50,52,rf,2,0.875
synthetic_pilot,cv5,50,52,rf,3,0.34375
synthetic_pilot,cv5,50,52,rf,4,0.4375
synthetic_pilot,cv5,50,52,rf,5,0.75
synthetic_pilot,cv5,50,52,gb,1,0.75
synthetic_pilot,cv5,50,52,gb,2,0.875
synthetic_pilot,cv5,50,52,gb,3,0.625
synthetic_pilot,cv5,50,52,gb,4,0.0
synthetic_pilot,cv5,50,52,gb,5,1.0
synthetic_pilot,cv5,50,53,logreg,1,0.5625
synthetic_pilot,cv5,50,53,logreg,2,0.8125
synthetic_pilot,cv5,50,53,logreg,3,0.625
synthetic_pilot,cv5,50,53,logreg,4,0.3125
synthetic_pilot,cv5,50,53,logreg,5,0.875
synthetic_pilot,cv5,50,53,knn,1,0.15625
synthetic_pilot,cv5,50,53,knn,2,0.8125
synthetic_pilot,cv5,50,53,knn,3,0.5625
synthetic_pilot,cv5,50,53,knn,4,0.1875
synthetic_pilot,cv5,50,53,knn,5,0.75
synthetic_pilot,cv5,50,53,dtree,1,0.625
synthetic_pilot,cv5,50,53,dtree,2,0.5
synthetic_pilot,cv5,50,53,dtree,3,0.75
synthetic_pilot,cv5,50,53,dtree,4,0.4375
synthetic_pilot,cv5,50,53,dtree,5,0.5625
synthetic_pilot,cv5,50,53,svm,1,0.625
synthetic_pilot,cv5,50,53,svm,2,0.1875
synthetic_pilot,cv5,50,53,svm,3,0.5
synthetic_pilot,cv5,50,53,svm,4,0.0
synthetic_pilot,cv5,50,53,svm,5,0.375
synthetic_pilot,cv5,50,53,rf,1,0.25
synthetic_pilot,cv5,50,53,rf,2,0.71875
synthetic_pilot,cv5,50,53,rf,3,0.5
synthetic_pilot,cv5,50,53,rf,4,0.0
synthetic_pilot,cv5,50,53,rf,5,0.5625
synthetic_pilot,cv5,50,53,gb,1,0.5
synthetic_pilot,cv5,50,53,gb,2,0.5
synthetic_pilot,cv5,50,53,gb,3,0.40625
synthetic_pilot,cv5,50,53,gb,4,0.5
synthetic_pilot,cv5,50,53,gb,5,0.5625
synthetic_pilot,cv5,50,54,logreg,1,0.75
synthetic_pilot,cv5,50,54,logreg,2,0.75
synthetic_pilot,cv5,50,54,logreg,3,0.3125
synthetic_pilot,cv5,50,54,logreg,4,1.0
synthetic_pilot,cv5,50,54,logreg,5,0.8125
synthetic_pilot,cv5,50,54,knn,1,0.4375
synthetic_pilot,cv5,50,54,knn,2,0.625
synthetic_pilot,cv5,50,54,knn,3,0.25
synthetic_pilot,cv5,50,54,knn,4,0.78125
synthetic_pilot,cv5,50,54,knn,5,0.65625
synthetic_pilot,cv5,50,54,dtree,1,0.4375
synthetic_pilot,cv5,50,54,dtree,2,1.0
synthetic_pilot,cv5,50,54,dtree,3,0.5625
synthetic_pilot,cv5,50,54,dtree,4,0.625
synthetic_pilot,cv5,50,54,dtree,5,0.875
synthetic_pilot,cv5,50,54,svm,1,0.625
synthetic_pilot,cv5,50,54,svm,2,0.8125
synthetic_pilot,cv5,50,54,svm,3,0.4375
synthetic_pilot,cv5,50,54,svm,4,0.875
synthetic_pilot,cv5,50,54,svm,5,0.5
synthetic_pilot,cv5,50,54,rf,1,0.4375
synthetic_pilot,cv5,50,54,rf,2,1.0
synthetic_pilot,cv5,50,54,rf,3,0.5625
synthetic_pilot,cv5,50,54,rf,4,0.875
synthetic_pilot,cv5,50,54,rf,5,0.9375
synthetic_pilot,cv5,50,54,gb,1,0.375
synthetic_pilot,cv5,50,54,gb,2,0.875
synthetic_pilot,cv5,50,54,gb,3,0.125
synthetic_pilot,cv5,50,54,gb,4,0.5625
synthetic_pilot,cv5,50,54,gb,5,0.78125
synthetic_pilot,cv5,50,55,logreg,1,1.0
synthetic_pilot,cv5,50,55,logreg,2,0.875
synthetic_pilot,cv5,50,55,logreg,3,0.625
synthetic_pilot,cv5,50,55,logreg,4,0.6875
synthetic_pilot,cv5,50,55,logreg,5,0.625
synthetic_pilot,cv5,50,55,knn,1,0.78125
synthetic_pilot,cv5,50,55,knn,2,0.875
synthetic_pilot,cv5,50,55,knn,3,0.40625
synthetic_pilot,cv5,50,55,knn,4,0.125
synthetic_pilot,cv5,50,55,knn,5,0.40625
synthetic_pilot,cv5,50,55,dtree,1,0.5
synthetic_pilot,cv5,50,55,dtree,2,0.5625
synthetic_pilot,cv5,50,55,dtree,3,0.5
synthetic_pilot,cv5,50,55,dtree,4,0.3125
synthetic_pilot,cv5,50,55,dtree,5,0.4375
synthetic_pilot,cv5,50,55,svm,1,0.875
synthetic_pilot,cv5,50,55,svm,2,0.125
synthetic_pilot,cv5,50,55,svm,3,0.5
synthetic_pilot,cv5,50,55,svm,4,0.75
synthetic_pilot,cv5,50,55,svm,5,0.5625
synthetic_pilot,cv5,50,55,rf,1,0.75
synthetic_pilot,cv5,50,55,rf,2,0.875
synthetic_pilot,cv5,50,55,rf,3,0.59375
synthetic_pilot,cv5,50,55,rf,4,0.75
synthetic_pilot,cv5,50,55,rf,5,0.4375
synthetic_pilot,cv5,50,55,gb,1,0.8125
synthetic_pilot,cv5,50,55,gb,2,0.8125
synthetic_pilot,cv5,50,55,gb,3,0.53125
synthetic_pilot,cv5,50,55,gb,4,0.375
synthetic_pilot,cv5,50,55,gb,5,0.25
synthetic_pilot,cv5,50,56,logreg,1,0.8125
synthetic_pilot,cv5,50,56,logreg,2,0.9375
synthetic_pilot,cv5,50,56,logreg,3,0.75
synthetic_pilot,cv5,50,56,logreg,4,1.0
synthetic_pilot,cv5,50,56,logreg,5,1.0
synthetic_pilot,cv5,50,56,knn,1,0.5625
synthetic_pilot,cv5,50,56,knn,2,0.9375
synthetic_pilot,cv5,50,56,knn,3,0.84375
synthetic_pilot,cv5,50,56,knn,4,0.96875
synthetic_pilot,cv5,50,56,knn,5,1.0
synthetic_pilot,cv5,50,56,dtree,1,0.625
synthetic_pilot,cv5,50,56,dtree,2,0.625
synthetic_pilot,cv5,50,56,dtree,3,0.4375
synthetic_pilot,cv5,50,56,dtree,4,0.375
synthetic_pilot,cv5,50,56,dtree,5,0.75
synthetic_pilot,cv5,50,56,svm,1,0.9375
synthetic_pilot,cv5,50,56,svm,2,0.9375
synthetic_pilot,cv5,50,56,svm,3,0.9375
synthetic_pilot,cv5,50,56,svm,4,1.0
synthetic_pilot,cv5,50,56,svm,5,1.0
synthetic_pilot,cv5,50,56,rf,1,0.875
synthetic_pilot,cv5,50,56,rf,2,0.6875
synthetic_pilot,cv5,50,56,rf,3,0.8125
synthetic_pilot,cv5,50,56,rf,4,0.875
synthetic_pilot,cv5,50,56,rf,5,1.0
synthetic_pilot,cv5,50,56,gb,1,0.5
synthetic_pilot,cv5,50,56,gb,2,1.0
synthetic_pilot,cv5,50,56,gb,3,0.625
synthetic_pilot,cv5,50,56,gb,4,1.0
synthetic_pilot,cv5,50,56,gb,5,1.0
synthetic_pilot,cv5,50,57,logreg,1,0.9375
synthetic_pilot,cv5,50,57,logreg,2,0.5625
synthetic_pilot,cv5,50,57,logreg,3,0.8125
synthetic_pilot,cv5,50,57,logreg,4,0.875
synthetic_pilot,cv5,50,57,logreg,5,0.5625
synthetic_pilot,cv5,50,57,knn,1,0.875
synthetic_pilot,cv5,50,57,knn,2,0.5625
synthetic_pilot,cv5,50,57,knn,3,0.46875
synthetic_pilot,cv5,50,57,knn,4,0.25
synthetic_pilot,cv5,50,57,knn,5,0.65625
synthetic_pilot,cv5,50,57,dtree,1,0.75
synthetic_pilot,cv5,50,57,dtree,2,0.9375
synthetic_pilot,cv5,50,57,dtree,3,0.5
synthetic_pilot,cv5,50,57,dtree,4,0.4375
synthetic_pilot,cv5,50,57,dtree,5,0.5
synthetic_pilot,cv5,50,57,svm,1,0.9375
synthetic_pilot,cv5,50,57,svm,2,0.5
synthetic_pilot,cv5,50,57,svm,3,0.6875
synthetic_pilot,cv5,50,57,svm,4,0.6875
synthetic_pilot,cv5,50,57,svm,5,0.5
synthetic_pilot,cv5,50,57,rf,1,0.8125
synthetic_pilot,cv5,50,57,rf,2,0.8125
synthetic_pilot,cv5,50,57,rf,3,0.6875
synthetic_pilot,cv5,50,57,rf,4,0.875
synthetic_pilot,cv5,50,57,rf,5,0.6875
synthetic_pilot,cv5,50,57,gb,1,0.9375
synthetic_pilot,cv5,50,57,gb,2,0.46875
synthetic_pilot,cv5,50,57,gb,3,0.875
synthetic_pilot,cv5,50,57,gb,4,0.6875
synthetic_pilot,cv5,50,57,gb,5,0.875
synthetic_pilot,cv5,50,58,logreg,1,0.625
synthetic_pilot,cv5,50,58,logreg,2,0.75
synthetic_pilot,cv5,50,58,logreg,3,0.6875
synthetic_pilot,cv5,50,58,logreg,4,0.875
synthetic_pilot,cv5,50,58,logreg,5,0.875
synthetic_pilot,cv5,50,58,knn,1,0.71875
synthetic_pilot,cv5,50,58,knn,2,0.5625
synthetic_pilot,cv5,50,58,knn,3,0.75
synthetic_pilot,cv5,50,58,knn,4,0.875
synthetic_pilot,cv5,50,58,knn,5,0.78125
synthetic_pilot,cv5,50,58,dtree,1,0.5625
synthetic_pilot,cv5,50,58,dtree,2,0.5625
synthetic_pilot,cv5,50,58,dtree,3,0.375
synthetic_pilot,cv5,50,58,dtree,4,0.625
synthetic_pilot,cv5,50,58,dtree,5,0.5
synthetic_pilot,cv5,50,58,svm,1,0.75
synthetic_pilot,cv5,50,58,svm,2,0.75
synthetic_pilot,cv5,50,58,svm,3,0.5625
synthetic_pilot,cv5,50,58,svm,4,0.9375
synthetic_pilot,cv5,50,58,svm,5,0.9375
synthetic_pilot,cv5,50,58,rf,1,0.8125
synthetic_pilot,cv5,50,58,rf,2,0.5
synthetic_pilot,cv5,50,58,rf,3,0.5625
synthetic_pilot,cv5,50,58,rf,4,0.8125
synthetic_pilot,cv5,50,58,rf,5,1.0
synthetic_pilot,cv5,50,58,gb,1,0.75
synthetic_pilot,cv5,50,58,gb,2,0.5625
synthetic_pilot,cv5,50,58,gb,3,0.625
synthetic_pilot,cv5,50,58,gb,4,0.75
synthetic_pilot,cv5,50,58,gb,5,0.8125
synthetic_pilot,cv5,50,59,logreg,1,0.8125
synthetic_pilot,cv5,50,59,logreg,2,1.0
synthetic_pilot,cv5,50,59,logreg,3,0.875
synthetic_pilot,cv5,50,59,logreg,4,0.75
synthetic_pilot,cv5,50,59,logreg,5,0.0625
synthetic_pilot,cv5,50,59,knn,1,0.4375
synthetic_pilot,cv5,50,59,knn,2,0.84375
synthetic_pilot,cv5,50,59,knn,3,0.5
synthetic_pilot,cv5,50,59,knn,4,0.375
synthetic_pilot,cv5,50,59,knn,5,0.5625
synthetic_pilot,cv5,50,59,dtree,1,0.5
synthetic_pilot,cv5,50,59,dtree,2,0.625
synthetic_pilot,cv5,50,59,dtree,3,0.5
synthetic_pilot,cv5,50,59,dtree,4,0.75
synthetic_pilot,cv5,50,59,dtree,5,0.75
synthetic_pilot,cv5,50,59,svm,1,0.75
synthetic_pilot,cv5,50,59,svm,2,0.8125
synthetic_pilot,cv5,50,59,svm,3,0.6875
synthetic_pilot,cv5,50,59,svm,4,0.8125
synthetic_pilot,cv5,50,59,svm,5,0.25
synthetic_pilot,cv5,50,59,rf,1,0.625
synthetic_pilot,cv5,50,59,rf,2,0.875
synthetic_pilot,cv5,50,59,rf,3,0.84375
synthetic_pilot,cv5,50,59,rf,4,0.75
synthetic_pilot,cv5,50,59,rf,5,0.0
synthetic_pilot,cv5,50,59,gb,1,0.375
synthetic_pilot,cv5,50,59,gb,2,0.6875
synthetic_pilot,cv5,50,59,gb,3,0.40625
synthetic_pilot,cv5,50,59,gb,4,0.875
synthetic_pilot,cv5,50,59,gb,5,0.1875
synthetic_pilot,cv5,50,60,logreg,1,0.25
synthetic_pilot,cv5,50,60,logreg,2,1.0
synthetic_pilot,cv5,50,60,logreg,3,0.5625
synthetic_pilot,cv5,50,60,logreg,4,0.9375
synthetic_pilot,cv5,50,60,logreg,5,0.9375
synthetic_pilot,cv5,50,60,knn,1,0.4375
synthetic_pilot,cv5,50,60,knn,2,1.0
synthetic_pilot,cv5,50,60,knn,3,0.5
synthetic_pilot,cv5,50,60,knn,4,0.96875
synthetic_pilot,cv5,50,60,knn,5,0.875
synthetic_pilot,cv5,50,60,dtree,1,0.375
synthetic_pilot,cv5,50,60,dtree,2,0.71875
synthetic_pilot,cv5,50,60,dtree,3,0.25
synthetic_pilot,cv5,50,60,dtree,4,0.6875
synthetic_pilot,cv5,50,60,dtree,5,0.375
synthetic_pilot,cv5,50,60,svm,1,0.1875
synthetic_pilot,cv5,50,60,svm,2,0.0
synthetic_pilot,cv5,50,60,svm,3,0.375
synthetic_pilot,cv5,50,60,svm,4,0.875
synthetic_pilot,cv5,50,60,svm,5,0.6875
synthetic_pilot,cv5,50,60,rf,1,0.4375
synthetic_pilot,cv5,50,60,rf,2,1.0
synthetic_pilot,cv5,50,60,rf,3,0.21875
synthetic_pilot,cv5,50,60,rf,4,0.8125
synthetic_pilot,cv5,50,60,rf,5,0.5625
synthetic_pilot,cv5,50,60,gb,1,0.28125
synthetic_pilot,cv5,50,60,gb,2,0.875
synthetic_pilot,cv5,50,60,gb,3,0.4375
synthetic_pilot,cv5,50,60,gb,4,0.875
synthetic_pilot,cv5,50,60,gb,5,0.75
synthetic_pilot,cv5,50,61,logreg,1,0.5
synthetic_pilot,cv5,50,61,logreg,2,0.4375
synthetic_pilot,cv5,50,61,logreg,3,0.875
synthetic_pilot,cv5,50,61,logreg,4,1.0
synthetic_pilot,cv5,50,61,logreg,5,0.5
synthetic_pilot,cv5,50,61,knn,1,0.625
synthetic_pilot,cv5,50,61,knn,2,0.6875
synthetic_pilot,cv5,50,61,knn,3,0.5625
synthetic_pilot,cv5,50,61,knn,4,0.90625
synthetic_pilot,cv5,50,61,knn,5,0.71875
synthetic_pilot,cv5,50,61,dtree,1,0.375
synthetic_pilot,cv5,50,61,dtree,2,0.5
synthetic_pilot,cv5,50,61,dtree,3,0.625
synthetic_pilot,cv5,50,61,dtree,4,0.9375
synthetic_pilot,cv5,50,61,dtree,5,0.6875
synthetic_pilot,cv5,50,61,svm,1,0.5
synthetic_pilot,cv5,50,61,svm,2,0.6875
synthetic_pilot,cv5,50,61,svm,3,0.75
synthetic_pilot,cv5,50,61,svm,4,1.0
synthetic_pilot,cv5,50,61,svm,5,0.75
synthetic_pilot,cv5,50,61,rf,1,0.625
synthetic_pilot,cv5,50,61,rf,2,0.625
synthetic_pilot,cv5,50,61,rf,3,0.5625
synthetic_pilot,cv5,50,61,rf,4,1.0
synthetic_pilot,cv5,50,61,rf,5,0.75
synthetic_pilot,cv5,50,61,gb,1,0.625
synthetic_pilot,cv5,50,61,gb,2,0.75
synthetic_pilot,cv5,50,61,gb,3,0.375
synthetic_pilot,cv5,50,61,gb,4,0.8125
synthetic_pilot,cv5,50,61,gb,5,0.1875
synthetic_pilot,cv5,50,62,logreg,1,0.875
synthetic_pilot,cv5,50,62,logreg,2,0.8125
synthetic_pilot,cv5,50,62,logreg,3,0.6875
synthetic_pilot,cv5,50,62,logreg,4,0.75
synthetic_pilot,cv5,50,62,logreg,5,1.0
synthetic_pilot,cv5,50,62,knn,1,0.84375
synthetic_pilot,cv5,50,62,knn,2,0.625
synthetic_pilot,cv5,50,62,knn,3,0.6875
synthetic_pilot,cv5,50,62,knn,4,0.75
synthetic_pilot,cv5,50,62,knn,5,0.625
synthetic_pilot,cv5,50,62,dtree,1,0.6875
synthetic_pilot,cv5,50,62,dtree,2,0.9375
synthetic_pilot,cv5,50,62,dtree,3,1.0
synthetic_pilot,cv5,50,62,dtree,4,0.625
synthetic_pilot,cv5,50,62,dtree,5,0.6875
synthetic_pilot,cv5,50,62,svm,1,0.8125
synthetic_pilot,cv5,50,62,svm,2,0.75
synthetic_pilot,cv5,50,62,svm,3,0.6875
synthetic_pilot,cv5,50,62,svm,4,0.75
synthetic_pilot,cv5,50,62,svm,5,0.9375
synthetic_pilot,cv5,50,62,rf,1,0.6875
synthetic_pilot,cv5,50,62,rf,2,0.875
synthetic_pilot,cv5,50,62,rf,3,1.0
synthetic_pilot,cv5,50,62,rf,4,0.5625
synthetic_pilot,cv5,50,62,rf,5,0.75
synthetic_pilot,cv5,50,62,gb,1,0.65625
synthetic_pilot,cv5,50,62,gb,2,0.78125
synthetic_pilot,cv5,50,62,gb,3,0.3125
synthetic_pilot,cv5,50,62,gb,4,0.5625
synthetic_pilot,cv5,50,62,gb,5,0.9375
synthetic_pilot,cv5,50,63,logreg,1,0.5
synthetic_pilot,cv5,50,63,logreg,2,0.25
synthetic_pilot,cv5,50,63,logreg,3,0.0
synthetic_pilot,cv5,50,63,logreg,4,0.875
synthetic_pilot,cv5,50,63,logreg,5,0.75
synthetic_pilot,cv5,50,63,knn,1,0.5625
synthetic_pilot,cv5,50,63,knn,2,0.40625
synthetic_pilot,cv5,50,63,knn,3,0.875
synthetic_pilot,cv5,50,63,knn,4,0.53125
synthetic_pilot,cv5,50,63,knn,5,0.9375
synthetic_pilot,cv5,50,63,dtree,1,0.5
synthetic_pilot,cv5,50,63,dtree,2,0.625
synthetic_pilot,cv5,50,63,dtree,3,0.75
synthetic_pilot,cv5,50,63,dtree,4,0.5
synthetic_pilot,cv5,50,63,dtree,5,0.6875
synthetic_pilot,cv5,50,63,svm,1,0.75
synthetic_pilot,cv5,50,63,svm,2,0.625
synthetic_pilot,cv5,50,63,svm,3,0.8125
synthetic_pilot,cv5,50,63,svm,4,0.6875
synthetic_pilot,cv5,50,63,svm,5,0.9375
synthetic_pilot,cv5,50,63,rf,1,0.75
synthetic_pilot,cv5,50,63,rf,2,0.65625
synthetic_pilot,cv5,50,63,rf,3,0.9375
synthetic_pilot,cv5,50,63,rf,4,0.71875
synthetic_pilot,cv5,50,63,rf,5,1.0
synthetic_pilot,cv5,50,63,gb,1,0.625
synthetic_pilot,cv5,50,63,gb,2,0.1875
synthetic_pilot,cv5,50,63,gb,3,0.1875
synthetic_pilot,cv5,50,63,gb,4,0.5
synthetic_pilot,cv5,50,63,gb,5,0.75
synthetic_pilot,cv5,50,64,logreg,1,0.875
synthetic_pilot,cv5,50,64,logreg,2,0.75
synthetic_pilot,cv5,50,64,logreg,3,0.5625
synthetic_pilot,cv5,50,64,logreg,4,0.125
synthetic_pilot,cv5,50,64,logreg,5,0.5
synthetic_pilot,cv5,50,64,knn,1,0.625
synthetic_pilot,cv5,50,64,knn,2,0.5
synthetic_pilot,cv5,50,64,knn,3,0.6875
synthetic_pilot,cv5,50,64,knn,4,0.5
synthetic_pilot,cv5,50,64,knn,5,0.21875
synthetic_pilot,cv5,50,64,dtree,1,0.625
synthetic_pilot,cv5,50,64,dtree,2,0.6875
synthetic_pilot,cv5,50,64,dtree,3,0.3125
synthetic_pilot,cv5,50,64,dtree,4,0.4375
synthetic_pilot,cv5,50,64,dtree,5,0.375
synthetic_pilot,cv5,50,64,svm,1,0.25
synthetic_pilot,cv5,50,64,svm,2,0.125
synthetic_pilot,cv5,50,64,svm,3,0.4375
synthetic_pilot,cv5,50,64,svm,4,0.25
synthetic_pilot,cv5,50,64,svm,5,0.375
synthetic_pilot,cv5,50,64,rf,1,0.5625
synthetic_pilot,cv5,50,64,rf,2,0.625
synthetic_pilot,cv5,50,64,rf,3,0.4375
synthetic_pilot,cv5,50,64,rf,4,0.3125
synthetic_pilot,cv5,50,64,rf,5,0.40625
synthetic_pilot,cv5,50,64,gb,1,0.875
synthetic_pilot,cv5,50,64,gb,2,0.875
synthetic_pilot,cv5,50,64,gb,3,0.71875
synthetic_pilot,cv5,50,64,gb,4,0.46875
synthetic_pilot,cv5,50,64,gb,5,0.625
synthetic_pilot,cv5,50,65,logreg,1,0.1875
synthetic_pilot,cv5,50,65,logreg,2,0.5625
synthetic_pilot,cv5,50,65,logreg,3,0.375
synthetic_pilot,cv5,50,65,logreg,4,0.875
synthetic_pilot,cv5,50,65,logreg,5,0.5625
synthetic_pilot,cv5,50,65,knn,1,0.59375
synthetic_pilot,cv5,50,65,knn,2,0.5
synthetic_pilot,cv5,50,65,knn,3,0.34375
synthetic_pilot,cv5,50,65,knn,4,0.59375
synthetic_pilot,cv5,50,65,knn,5,0.375
synthetic_pilot,cv5,50,65,dtree,1,0.625
synthetic_pilot,cv5,50,65,dtree,2,0.5
synthetic_pilot,cv5,50,65,dtree,3,0.375
synthetic_pilot,cv5,50,65,dtree,4,0.625
synthetic_pilot,cv5,50,65,dtree,5,0.375
synthetic_pilot,cv5,50,65,svm,1,0.75
synthetic_pilot,cv5,50,65,svm,2,0.5625
synthetic_pilot,cv5,50,65,svm,3,0.6875
synthetic_pilot,cv5,50,65,svm,4,0.875
synthetic_pilot,cv5,50,65,svm,5,0.25
synthetic_pilot,cv5,50,65,rf,1,0.625
synthetic_pilot,cv5,50,65,rf,2,0.65625
synthetic_pilot,cv5,50,65,rf,3,0.5
synthetic_pilot,cv5,50,65,rf,4,0.75
synthetic_pilot,cv5,50,65,rf,5,0.375
synthetic_pilot,cv5,50,65,gb,1,0.1875
synthetic_pilot,cv5,50,65,gb,2,0.46875
synthetic_pilot,cv5,50,65,gb,3,0.75
synthetic_pilot,cv5,50,65,gb,4,0.875
synthetic_pilot,cv5,50,65,gb,5,0.625
synthetic_pilot,cv5,50,66,logreg,1,0.625
synthetic_pilot,cv5,50,66,logreg,2,0.375
synthetic_pilot,cv5,50,66,logreg,3,0.4375
synthetic_pilot,cv5,50,66,logreg,4,0.75
synthetic_pilot,cv5,50,66,logreg,5,0.6875
synthetic_pilot,cv5,50,66,knn,1,0.5625
synthetic_pilot,cv5,50,66,knn,2,0.59375
synthetic_pilot,cv5,50,66,knn,3,0.4375
synthetic_pilot,cv5,50,66,knn,4,0.59375
synthetic_pilot,cv5,50,66,knn,5,0.8125
synthetic_pilot,cv5,50,66,dtree,1,0.625
synthetic_pilot,cv5,50,66,dtree,2,0.4375
synthetic_pilot,cv5,50,66,dtree,3,0.5
synthetic_pilot,cv5,50,66,dtree,4,0.6875
synthetic_pilot,cv5,50,66,dtree,5,0.71875
synthetic_pilot,cv5,50,66,svm,1,0.375
synthetic_pilot,cv5,50,66,svm,2,0.25
synthetic_pilot,cv5,50,66,svm,3,0.5625
synthetic_pilot,cv5,50,66,svm,4,0.4375
synthetic_pilot,cv5,50,66,svm,5,0.6875
synthetic_pilot,cv5,50,66,rf,1,0.5625
synthetic_pilot,cv5,50,66,rf,2,0.5
synthetic_pilot,cv5,50,66,rf,3,0.6875
synthetic_pilot,cv5,50,66,rf,4,0.5625
synthetic_pilot,cv5,50,66,rf,5,0.9375
synthetic_pilot,cv5,50,66,gb,1,0.75
synthetic_pilot,cv5,50,66,gb,2,0.3125
synthetic_pilot,cv5,50,66,gb,3,0.4375
synthetic_pilot,cv5,50,66,gb,4,0.625
synthetic_pilot,cv5,50,66,gb,5,0.75
synthetic_pilot,cv5,50,67,logreg,1,0.5
synthetic_pilot,cv5,50,67,logreg,2,0.75
synthetic_pilot,cv5,50,67,logreg,3,0.6875
synthetic_pilot,cv5,50,67,logreg,4,0.75
synthetic_pilot,cv5,50,67,logreg,5,1.0
synthetic_pilot,cv5,50,67,knn,1,0.375
synthetic_pilot,cv5,50,67,knn,2,0.75
synthetic_pilot,cv5,50,67,knn,3,0.84375
synthetic_pilot,cv5,50,67,knn,4,0.875
synthetic_pilot,cv5,50,67,knn,5,1.0
synthetic_pilot,cv5,50,67,dtree,1,0.5
synthetic_pilot,cv5,50,67,dtree,2,0.4375
synthetic_pilot,cv5,50,67,dtree,3,0.625
synthetic_pilot,cv5,50,67,dtree,4,0.625
synthetic_pilot,cv5,50,67,dtree,5,0.6875
synthetic_pilot,cv5,50,67,svm,1,0.875
synthetic_pilot,cv5,50,67,svm,2,0.75
synthetic_pilot,cv5,50,67,svm,3,0.6875
synthetic_pilot,cv5,50,67,svm,4,0.875
synthetic_pilot,cv5,50,67,svm,5,1.0
synthetic_pilot,cv5,50,67,rf,1,0.5
synthetic_pilot,cv5,50,67,rf,2,0.6875
synthetic_pilot,cv5,50,67,rf,3,0.875
synthetic_pilot,cv5,50,67,rf,4,0.75
synthetic_pilot,cv5,50,67,rf,5,0.9375
synthetic_pilot,cv5,50,67,gb,1,0.4375
synthetic_pilot,cv5,50,67,gb,2,0.59375
synthetic_pilot,cv5,50,67,gb,3,0.75
synthetic_pilot,cv5,50,67,gb,4,1.0
synthetic_pilot,cv5,50,67,gb,5,0.875
synthetic_pilot,cv5,50,68,logreg,1,0.6875
synthetic_pilot,cv5,50,68,logreg,2,0.5
synthetic_pilot,cv5,50,68,logreg,3,0.75
synthetic_pilot,cv5,50,68,logreg,4,0.75
synthetic_pilot,cv5,50,68,logreg,5,0.375
synthetic_pilot,cv5,50,68,knn,1,0.65625
synthetic_pilot,cv5,50,68,knn,2,0.65625
synthetic_pilot,cv5,50,68,knn,3,0.5625
synthetic_pilot,cv5,50,68,knn,4,0.53125
synthetic_pilot,cv5,50,68,knn,5,0.375
synthetic_pilot,cv5,50,68,dtree,1,0.25
synthetic_pilot,cv5,50,68,dtree,2,0.375
synthetic_pilot,cv5,50,68,dtree,3,0.4375
synthetic_pilot,cv5,50,68,dtree,4,0.6875
synthetic_pilot,cv5,50,68,dtree,5,0.4375
synthetic_pilot,cv5,50,68,svm,1,0.9375
synthetic_pilot,cv5,50,68,svm,2,0.625
synthetic_pilot,cv5,50,68,svm,3,0.3125
synthetic_pilot,cv5,50,68,svm,4,0.3125
synthetic_pilot,cv5,50,68,svm,5,0.5
synthetic_pilot,cv5,50,68,rf,1,0.25
synthetic_pilot,cv5,50,68,rf,2,0.6875
synthetic_pilot,cv5,50,68,rf,3,0.53125
synthetic_pilot,cv5,50,68,rf,4,0.75
synthetic_pilot,cv5,50,68,rf,5,0.40625
synthetic_pilot,cv5,50,68,gb,1,0.5
synthetic_pilot,cv5,50,68,gb,2,0.5
synthetic_pilot,cv5,50,68,gb,3,0.375
synthetic_pilot,cv5,50,68,gb,4,0.625
synthetic_pilot,cv5,50,68,gb,5,0.0
synthetic_pilot,cv5,50,69,logreg,1,0.25
synthetic_pilot,cv5,50,69,logreg,2,0.9375
synthetic_pilot,cv5,50,69,logreg,3,0.6875
synthetic_pilot,cv5,50,69,logreg,4,1.0
synthetic_pilot,cv5,50,69,logreg,5,0.875
synthetic_pilot,cv5,50,69,knn,1,0.25
synthetic_pilot,cv5,50,69,knn,2,0.375
synthetic_pilot,cv5,50,69,knn,3,0.6875
synthetic_pilot,cv5,50,69,knn,4,0.40625
synthetic_pilot,cv5,50,69,knn,5,0.4375
synthetic_pilot,cv5,50,69,dtree,1,0.375
synthetic_pilot,cv5,50,69,dtree,2,0.375
synthetic_pilot,cv5,50,69,dtree,3,0.375
synthetic_pilot,cv5,50,69,dtree,4,0.6875
synthetic_pilot,cv5,50,69,dtree,5,0.625
synthetic_pilot,cv5,50,69,svm,1,0.1875
synthetic_pilot,cv5,50,69,svm,2,0.75
synthetic_pilot,cv5,50,69,svm,3,0.8125
synthetic_pilot,cv5,50,69,svm,4,0.375
synthetic_pilot,cv5,50,69,svm,5,0.75
synthetic_pilot,cv5,50,69,rf,1,0.125
synthetic_pilot,cv5,50,69,rf,2,0.8125
synthetic_pilot,cv5,50,69,rf,3,0.4375
synthetic_pilot,cv5,50,69,rf,4,0.625
synthetic_pilot,cv5,50,69,rf,5,0.8125
synthetic_pilot,cv5,50,69,gb,1,0.25
synthetic_pilot,cv5,50,69,gb,2,0.6875
synthetic_pilot,cv5,50,69,gb,3,0.875
synthetic_pilot,cv5,50,69,gb,4,0.4375
synthetic_pilot,cv5,50,69,gb,5,0.5625
synthetic_pilot,cv5,50,70,logreg,1,0.8125
synthetic_pilot,cv5,50,70,logreg,2,0.6875
synthetic_pilot,cv5,50,70,logreg,3,0.8125
synthetic_pilot,cv5,50,70,logreg,4,0.1875
synthetic_pilot,cv5,50,70,logreg,5,0.5625
synthetic_pilot,cv5,50,70,knn,1,0.5625
synthetic_pilot,cv5,50,70,knn,2,0.46875
synthetic_pilot,cv5,50,70,knn,3,0.59375
synthetic_pilot,cv5,50,70,knn,4,0.4375
synthetic_pilot,cv5,50,70,knn,5,0.5
synthetic_pilot,cv5,50,70,dtree,1,0.3125
synthetic_pilot,cv5,50,70,dtree,2,0.6875
synthetic_pilot,cv5,50,70,dtree,3,0.3125
synthetic_pilot,cv5,50,70,dtree,4,0.3125
synthetic_pilot,cv5,50,70,dtree,5,0.375
synthetic_pilot,cv5,50,70,svm,1,0.4375
synthetic_pilot,cv5,50,70,svm,2,0.3125
synthetic_pilot,cv5,50,70,svm,3,0.3125
synthetic_pilot,cv5,50,70,svm,4,0.1875
synthetic_pilot,cv5,50,70,svm,5,0.5
synthetic_pilot,cv5,50,70,rf,1,0.375
synthetic_pilot,cv5,50,70,rf,2,0.375
synthetic_pilot,cv5,50,70,rf,3,0.5625
synthetic_pilot,cv5,50,70,rf,4,0.25
synthetic_pilot,cv5,50,70,rf,5,0.75
synthetic_pilot,cv5,50,70,gb,1,0.25
synthetic_pilot,cv5,50,70,gb,2,0.8125
synthetic_pilot,cv5,50,70,gb,3,0.3125
synthetic_pilot,cv5,50,70,gb,4,0.3125
synthetic_pilot,cv5,50,70,gb,5,0.5625
synthetic_pilot,cv5,50,71,logreg,1,1.0
synthetic_pilot,cv5,50,71,logreg,2,0.25
synthetic_pilot,cv5,50,71,logreg,3,0.5625
synthetic_pilot,cv5,50,71,logreg,4,0.625
synthetic_pilot,cv5,50,71,logreg,5,1.0
synthetic_pilot,cv5,50,71,knn,1,0.875
synthetic_pilot,cv5,50,71,knn,2,0.1875
synthetic_pilot,cv5,50,71,knn,3,0.53125
synthetic_pilot,cv5,50,71,knn,4,0.3125
synthetic_pilot,cv5,50,71,knn,5,0.3125
synthetic_pilot,cv5,50,71,dtree,1,0.6875
synthetic_pilot,cv5,50,71,dtree,2,0.5625
synthetic_pilot,cv5,50,71,dtree,3,0.5625
synthetic_pilot,cv5,50,71,dtree,4,0.625
synthetic_pilot,cv5,50,71,dtree,5,0.6875
synthetic_pilot,cv5,50,71,svm,1,1.0
synthetic_pilot,cv5,50,71,svm,2,0.625
synthetic_pilot,cv5,50,71,svm,3,0.5625
synthetic_pilot,cv5,50,71,svm,4,0.5625
synthetic_pilot,cv5,50,71,svm,5,0.875
synthetic_pilot,cv5,50,71,rf,1,0.6875
synthetic_pilot,cv5,50,71,rf,2,0.75
synthetic_pilot,cv5,50,71,rf,3,0.5
synthetic_pilot,cv5,50,71,rf,4,0.8125
synthetic_pilot,cv5,50,71,rf,5,0.875
synthetic_pilot,cv5,50,71,gb,1,0.6875
synthetic_pilot,cv5,50,71,gb,2,0.5625
synthetic_pilot,cv5,50,71,gb,3,0.5
synthetic_pilot,cv5,50,71,gb,4,0.4375
synthetic_pilot,cv5,50,71,gb,5,0.8125
synthetic_pilot,cv5,50,72,logreg,1,0.75
synthetic_pilot,cv5,50,72,logreg,2,0.625
synthetic_pilot,cv5,50,72,logreg,3,0.875
synthetic_pilot,cv5,50,72,logreg,4,0.9375
synthetic_pilot,cv5,50,72,logreg,5,0.8125
synthetic_pilot,cv5,50,72,knn,1,0.78125
synthetic_pilot,cv5,50,72,knn,2,0.625
synthetic_pilot,cv5,50,72,knn,3,0.8125
synthetic_pilot,cv5,50,72,knn,4,0.625
synthetic_pilot,cv5,50,72,knn,5,0.46875
synthetic_pilot,cv5,50,72,dtree,1,0.3125
synthetic_pilot,cv5,50,72,dtree,2,0.375
synthetic_pilot,cv5,50,72,dtree,3,0.75
synthetic_pilot,cv5,50,72,dtree,4,0.75
synthetic_pilot,cv5,50,72,dtree,5,0.5
synthetic_pilot,cv5,50,72,svm,1,0.8125
synthetic_pilot,cv5,50,72,svm,2,0.8125
synthetic_pilot,cv5,50,72,svm,3,0.8125
synthetic_pilot,cv5,50,72,svm,4,0.8125
synthetic_pilot,cv5,50,72,svm,5,0.875
synthetic_pilot,cv5,50,72,rf,1,0.625
synthetic_pilot,cv5,50,72,rf,2,0.3125
synthetic_pilot,cv5,50,72,rf,3,0.8125
synthetic_pilot,cv5,50,72,rf,4,0.875
synthetic_pilot,cv5,50,72,rf,5,1.0
synthetic_pilot,cv5,50,72,gb,1,0.875
synthetic_pilot,cv5,50,72,gb,2,0.96875
synthetic_pilot,cv5,50,72,gb,3,0.6875
synthetic_pilot,cv5,50,72,gb,4,1.0
synthetic_pilot,cv5,50,72,gb,5,0.6875
synthetic_pilot,cv5,50,73,logreg,1,0.25
synthetic_pilot,cv5,50,73,logreg,2,0.25
synthetic_pilot,cv5,50,73,logreg,3,0.5
synthetic_pilot,cv5,50,73,logreg,4,0.625
synthetic_pilot,cv5,50,73,logreg,5,0.5625
synthetic_pilot,cv5,50,73,knn,1,0.4375
synthetic_pilot,cv5,50,73,knn,2,0.71875
synthetic_pilot,cv5,50,73,knn,3,0.78125
synthetic_pilot,cv5,50,73,knn,4,0.6875
synthetic_pilot,cv5,50,73,knn,5,0.65625
synthetic_pilot,cv5,50,73,dtree,1,0.4375
synthetic_pilot,cv5,50,73,dtree,2,0.375
synthetic_pilot,cv5,50,73,dtree,3,0.375
synthetic_pilot,cv5,50,73,dtree,4,0.53125
synthetic_pilot,cv5,50,73,dtree,5,0.3125
synthetic_pilot,cv5,50,73,svm,1,0.4375
synthetic_pilot,cv5,50,73,svm,2,0.4375
synthetic_pilot,cv5,50,73,svm,3,0.125
synthetic_pilot,cv5,50,73,svm,4,0.5625
synthetic_pilot,cv5,50,73,svm,5,0.5
synthetic_pilot,cv5,50,73,rf,1,0.09375
synthetic_pilot,cv5,50,73,rf,2,0.5625
synthetic_pilot,cv5,50,73,rf,3,0.5625
synthetic_pilot,cv5,50,73,rf,4,0.6875
synthetic_pilot,cv5,50,73,rf,5,0.625
synthetic_pilot,cv5,50,73,gb,1,0.09375
synthetic_pilot,cv5,50,73,gb,2,0.21875
synthetic_pilot,cv5,50,73,gb,3,0.125
synthetic_pilot,cv5,50,73,gb,4,0.3125
synthetic_pilot,cv5,50,73,gb,5,0.625
synthetic_pilot,cv5,50,74,logreg,1,0.875
synthetic_pilot,cv5,50,74,logreg,2,0.6875
synthetic_pilot,cv5,50,74,logreg,3,0.6875
synthetic_pilot,cv5,50,74,logreg,4,0.6875
synthetic_pilot,cv5,50,74,logreg,5,0.875
synthetic_pilot,cv5,50,74,knn,1,0.6875
synthetic_pilot,cv5,50,74,knn,2,0.5625
synthetic_pilot,cv5,50,74,knn,3,0.5
synthetic_pilot,cv5,50,74,knn,4,0.3125
synthetic_pilot,cv5,50,74,knn,5,0.59375
synthetic_pilot,cv5,50,74,dtree,1,0.625
synthetic_pilot,cv5,50,74,dtree,2,0.4375
synthetic_pilot,cv5,50,74,dtree,3,0.6875
synthetic_pilot,cv5,50,74,dtree,4,0.8125
synthetic_pilot,cv5,50,74,dtree,5,0.875
synthetic_pilot,cv5,50,74,svm,1,0.8125
synthetic_pilot,cv5,50,74,svm,2,0.375
synthetic_pilot,cv5,50,74,svm,3,0.8125
synthetic_pilot,cv5,50,74,svm,4,0.625
synthetic_pilot,cv5,50,74,svm,5,0.25
synthetic_pilot,cv5,50,74,rf,1,0.8125
synthetic_pilot,cv5,50,74,rf,2,0.4375
synthetic_pilot,cv5,50,74,rf,3,0.6875
synthetic_pilot,cv5,50,74,rf,4,0.6875
synthetic_pilot,cv5,50,74,rf,5,0.6875
synthetic_pilot,cv5,50,74,gb,1,0.75
synthetic_pilot,cv5,50,74,gb,2,0.71875
synthetic_pilot,cv5,50,74,gb,3,0.59375
synthetic_pilot,cv5,50,74,gb,4,0.6875
synthetic_pilot,cv5,50,74,gb,5,0.875
synthetic_pilot,cv5,50,75,logreg,1,0.625
synthetic_pilot,cv5,50,75,logreg,2,0.8125
synthetic_pilot,cv5,50,75,logreg,3,0.875
synthetic_pilot,cv5,50,75,logreg,4,0.625
synthetic_pilot,cv5,50,75,logreg,5,0.875
synthetic_pilot,cv5,50,75,knn,1,0.8125
synthetic_pilot,cv5,50,75,knn,2,0.96875
synthetic_pilot,cv5,50,75,knn,3,0.78125
synthetic_pilot,cv5,50,75,knn,4,0.65625
synthetic_pilot,cv5,50,75,knn,5,0.8125
synthetic_pilot,cv5,50,75,dtree,1,0.4375
synthetic_pilot,cv5,50,75,dtree,2,0.4375
synthetic_pilot,cv5,50,75,dtree,3,0.75
synthetic_pilot,cv5,50,75,dtree,4,0.375
synthetic_pilot,cv5,50,75,dtree,5,0.9375
synthetic_pilot,cv5,50,75,svm,1,0.6875
synthetic_pilot,cv5,50,75,svm,2,0.0625
synthetic_pilot,cv5,50,75,svm,3,0.9375
synthetic_pilot,cv5,50,75,svm,4,0.5625
synthetic_pilot,cv5,50,75,svm,5,0.875
synthetic_pilot,cv5,50,75,rf,1,0.625
synthetic_pilot,cv5,50,75,rf,2,0.65625
synthetic_pilot,cv5,50,75,rf,3,0.875
synthetic_pilot,cv5,50,75,rf,4,0.5
synthetic_pilot,cv5,50,75,rf,5,0.84375
synthetic_pilot,cv5,50,75,gb,1,0.75
synthetic_pilot,cv5,50,75,gb,2,0.8125
synthetic_pilot,cv5,50,75,gb,3,1.0
synthetic_pilot,cv5,50,75,gb,4,0.625
synthetic_pilot,cv5,50,75,gb,5,0.9375
synthetic_pilot,cv5,50,76,logreg,1,0.75
synthetic_pilot,cv5,50,76,logreg,2,0.9375
synthetic_pilot,cv5,50,76,logreg,3,0.9375
synthetic_pilot,cv5,50,76,logreg,4,0.5
synthetic_pilot,cv5,50,76,logreg,5,0.5
synthetic_pilot,cv5,50,76,knn,1,0.5625
synthetic_pilot,cv5,50,76,knn,2,0.84375
synthetic_pilot,cv5,50,76,knn,3,1.0
synthetic_pilot,cv5,50,76,knn,4,0.3125
synthetic_pilot,cv5,50,76,knn,5,0.1875
synthetic_pilot,cv5,50,76,dtree,1,0.375
synthetic_pilot,cv5,50,76,dtree,2,0.625
synthetic_pilot,cv5,50,76,dtree,3,0.4375
synthetic_pilot,cv5,50,76,dtree,4,0.5625
synthetic_pilot,cv5,50,76,dtree,5,0.5
synthetic_pilot,cv5,50,76,svm,1,0.5
synthetic_pilot,cv5,50,76,svm,2,0.9375
synthetic_pilot,cv5,50,76,svm,3,0.8125
synthetic_pilot,cv5,50,76,svm,4,0.5625
synthetic_pilot,cv5,50,76,svm,5,0.25
synthetic_pilot,cv5,50,76,rf,1,0.65625
synthetic_pilot,cv5,50,76,rf,2,1.0
synthetic_pilot,cv5,50,76,rf,3,0.6875
synthetic_pilot,cv5,50,76,rf,4,0.5625
synthetic_pilot,cv5,50,76,rf,5,0.21875
synthetic_pilot,cv5,50,76,gb,1,0.8125
synthetic_pilot,cv5,50,76,gb,2,0.375
synthetic_pilot,cv5,50,76,gb,3,0.1875
synthetic_pilot,cv5,50,76,gb,4,0.4375
synthetic_pilot,cv5,50,76,gb,5,0.5625
synthetic_pilot,cv5,50,77,logreg,1,0.625
synthetic_pilot,cv5,50,77,logreg,2,0.8125
synthetic_pilot,cv5,50,77,logreg,3,0.9375
synthetic_pilot,cv5,50,77,logreg,4,0.625
synthetic_pilot,cv5,50,77,logreg,5,0.6875
synthetic_pilot,cv5,50,77,knn,1,0.625
synthetic_pilot,cv5,50,77,knn,2,0.1875
synthetic_pilot,cv5,50,77,knn,3,0.9375
synthetic_pilot,cv5,50,77,knn,4,0.375
synthetic_pilot,cv5,50,77,knn,5,0.4375
synthetic_pilot,cv5,50,77,dtree,1,0.6875
synthetic_pilot,cv5,50,77,dtree,2,0.6875
synthetic_pilot,cv5,50,77,dtree,3,0.75
synthetic_pilot,cv5,50,77,dtree,4,0.5
synthetic_pilot,cv5,50,77,dtree,5,0.6875
synthetic_pilot,cv5,50,77,svm,1,0.625
synthetic_pilot,cv5,50,77,svm,2,0.6875
synthetic_pilot,cv5,50,77,svm,3,0.75
synthetic_pilot,cv5,50,77,svm,4,0.375
synthetic_pilot,cv5,50,77,svm,5,0.1875
synthetic_pilot,cv5,50,77,rf,1,0.6875
synthetic_pilot,cv5,50,77,rf,2,0.8125
synthetic_pilot,cv5,50,77,rf,3,0.9375
synthetic_pilot,cv5,50,77,rf,4,0.96875
synthetic_pilot,cv5,50,77,rf,5,0.96875
synthetic_pilot,cv5,50,77,gb,1,0.59375
synthetic_pilot,cv5,50,77,gb,2,0.75
synthetic_pilot,cv5,50,77,gb,3,0.625
synthetic_pilot,cv5,50,77,gb,4,0.5
synthetic_pilot,cv5,50,77,gb,5,0.75
synthetic_pilot,cv5,50,78,logreg,1,0.6875
synthetic_pilot,cv5,50,78,logreg,2,0.625
synthetic_pilot,cv5,50,78,logreg,3,0.8125
synthetic_pilot,cv5,50,78,logreg,4,0.6875
synthetic_pilot,cv5,50,78,logreg,5,0.5625
synthetic_pilot,cv5,50,78,knn,1,0.71875
synthetic_pilot,cv5,50,78,knn,2,0.46875
synthetic_pilot,cv5,50,78,knn,3,0.71875
synthetic_pilot,cv5,50,78,knn,4,0.375
synthetic_pilot,cv5,50,78,knn,5,0.40625
synthetic_pilot,cv5,50,78,dtree,1,0.375
synthetic_pilot,cv5,50,78,dtree,2,0.25
synthetic_pilot,cv5,50,78,dtree,3,0.625
synthetic_pilot,cv5,50,78,dtree,4,0.5
synthetic_pilot,cv5,50,78,dtree,5,0.3125
synthetic_pilot,cv5,50,78,svm,1,0.8125
synthetic_pilot,cv5,50,78,svm,2,0.6875
synthetic_pilot,cv5,50,78,svm,3,0.875
synthetic_pilot,cv5,50,78,svm,4,0.4375
synthetic_pilot,cv5,50,78,svm,5,0.75
synthetic_pilot,cv5,50,78,rf,1,1.0
synthetic_pilot,cv5,50,78,rf,2,0.375
synthetic_pilot,cv5,50,78,rf,3,0.875
synthetic_pilot,cv5,50,78,rf,4,0.40625
synthetic_pilot,cv5,50,78,rf,5,0.625
synthetic_pilot,cv5,50,78,gb,1,0.9375
synthetic_pilot,cv5,50,78,gb,2,0.6875
synthetic_pilot,cv5,50,78,gb,3,0.59375
synthetic_pilot,cv5,50,78,gb,4,0.75
synthetic_pilot,cv5,50,78,gb,5,0.5625
synthetic_pilot,cv5,50,79,logreg,1,0.6875
synthetic_pilot,cv5,50,79,logreg,2,0.875
synthetic_pilot,cv5,50,79,logreg,3,0.6875
synthetic_pilot,cv5,50,79,logreg,4,0.875
synthetic_pilot,cv5,50,79,logreg,5,0.9375
synthetic_pilot,cv5,50,79,knn,1,0.65625
synthetic_pilot,cv5,50,79,knn,2,0.71875
synthetic_pilot,cv5,50,79,knn,3,0.5625
synthetic_pilot,cv5,50,79,knn,4,0.5
synthetic_pilot,cv5,50,79,knn,5,0.96875
synthetic_pilot,cv5,50,79,dtree,1,0.625
synthetic_pilot,cv5,50,79,dtree,2,0.4375
synthetic_pilot,cv5,50,79,dtree,3,0.4375
synthetic_pilot,cv5,50,79,dtree,4,0.6875
synthetic_pilot,cv5,50,79,dtree,5,0.4375
synthetic_pilot,cv5,50,79,svm,1,0.875
synthetic_pilot,cv5,50,79,svm,2,1.0
synthetic_pilot,cv5,50,79,svm,3,0.75
synthetic_pilot,cv5,50,79,svm,4,0.75
synthetic_pilot,cv5,50,79,svm,5,1.0
synthetic_pilot,cv5,50,79,rf,1,0.9375
synthetic_pilot,cv5,50,79,rf,2,0.9375
synthetic_pilot,cv5,50,79,rf,3,0.78125
synthetic_pilot,cv5,50,79,rf,4,0.6875
synthetic_pilot,cv5,50,79,rf,5,0.875
synthetic_pilot,cv5,50,79,gb,1,0.375
synthetic_pilot,cv5,50,79,gb,2,0.625
synthetic_pilot,cv5,50,79,gb,3,0.5
synthetic_pilot,cv5,50,79,gb,4,0.625
synthetic_pilot,cv5,50,79,gb,5,0.75
synthetic_pilot,cv5,50,80,logreg,1,0.5625
synthetic_pilot,cv5,50,80,logreg,2,0.0
synthetic_pilot,cv5,50,80,logreg,3,0.75
synthetic_pilot,cv5,50,80,logreg,4,0.4375
synthetic_pilot,cv5,50,80,logreg,5,0.9375
synthetic_pilot,cv5,50,80,knn,1,0.75
synthetic_pilot,cv5,50,80,knn,2,0.3125
synthetic_pilot,cv5,50,80,knn,3,0.90625
synthetic_pilot,cv5,50,80,knn,4,0.4375
synthetic_pilot,cv5,50,80,knn,5,0.53125
synthetic_pilot,cv5,50,80,dtree,1,0.5625
synthetic_pilot,cv5,50,80,dtree,2,0.5
synthetic_pilot,cv5,50,80,dtree,3,0.75
synthetic_pilot,cv5,50,80,dtree,4,0.4375
synthetic_pilot,cv5,50,80,dtree,5,0.3125
synthetic_pilot,cv5,50,80,svm,1,0.4375
synthetic_pilot,cv5,50,80,svm,2,0.75
synthetic_pilot,cv5,50,80,svm,3,0.5
synthetic_pilot,cv5,50,80,svm,4,0.4375
synthetic_pilot,cv5,50,80,svm,5,0.5
synthetic_pilot,cv5,50,80,rf,1,0.5625
synthetic_pilot,cv5,50,80,rf,2,0.5
synthetic_pilot,cv5,50,80,rf,3,0.875
synthetic_pilot,cv5,50,80,rf,4,0.375
synthetic_pilot,cv5,50,80,rf,5,0.4375
synthetic_pilot,cv5,50,80,gb,1,0.25
synthetic_pilot,cv5,50,80,gb,2,0.625
synthetic_pilot,cv5,50,80,gb,3,0.5625
synthetic_pilot,cv5,50,80,gb,4,0.375
synthetic_pilot,cv5,50,80,gb,5,0.875
synthetic_pilot,cv5,50,81,logreg,1,0.5
synthetic_pilot,cv5,50,81,logreg,2,0.3125
synthetic_pilot,cv5,50,81,logreg,3,0.3125
synthetic_pilot,cv5,50,81,logreg,4,0.625
synthetic_pilot,cv5,50,81,logreg,5,0.875
synthetic_pilot,cv5,50,81,knn,1,0.75
synthetic_pilot,cv5,50,81,knn,2,0.625
synthetic_pilot,cv5,50,81,knn,3,0.625
synthetic_pilot,cv5,50,81,knn,4,0.625
synthetic_pilot,cv5,50,81,knn,5,0.25
synthetic_pilot,cv5,50,81,dtree,1,0.375
synthetic_pilot,cv5,50,81,dtree,2,0.625
synthetic_pilot,cv5,50,81,dtree,3,0.1875
synthetic_pilot,cv5,50,81,dtree,4,0.4375
synthetic_pilot,cv5,50,81,dtree,5,0.5
synthetic_pilot,cv5,50,81,svm,1,0.875
synthetic_pilot,cv5,50,81,svm,2,0.75
synthetic_pilot,cv5,50,81,svm,3,0.625
synthetic_pilot,cv5,50,81,svm,4,0.75
synthetic_pilot,cv5,50,81,svm,5,0.8125
synthetic_pilot,cv5,50,81,rf,1,0.6875
synthetic_pilot,cv5,50,81,rf,2,0.75
synthetic_pilot,cv5,50,81,rf,3,0.6875
synthetic_pilot,cv5,50,81,rf,4,0.6875
synthetic_pilot,cv5,50,81,rf,5,0.59375
synthetic_pilot,cv5,50,81,gb,1,0.625
synthetic_pilot,cv5,50,81,gb,2,0.625
synthetic_pilot,cv5,50,81,gb,3,0.875
synthetic_pilot,cv5,50,81,gb,4,0.75
synthetic_pilot,cv5,50,81,gb,5,0.6875
synthetic_pilot,cv5,50,82,logreg,1,0.3125
synthetic_pilot,cv5,50,82,logreg,2,0.5
synthetic_pilot,cv5,50,82,logreg,3,0.625
synthetic_pilot,cv5,50,82,logreg,4,0.75
synthetic_pilot,cv5,50,82,logreg,5,0.5625
synthetic_pilot,cv5,50,82,knn,1,0.625
synthetic_pilot,cv5,50,82,knn,2,0.3125
synthetic_pilot,cv5,50,82,knn,3,0.4375
synthetic_pilot,cv5,50,82,knn,4,0.78125
synthetic_pilot,cv5,50,82,knn,5,0.625
synthetic_pilot,cv5,50,82,dtree,1,0.21875
synthetic_pilot,cv5,50,82,dtree,2,0.375
synthetic_pilot,cv5,50,82,dtree,3,0.5625
synthetic_pilot,cv5,50,82,dtree,4,0.59375
synthetic_pilot,cv5,50,82,dtree,5,0.625
synthetic_pilot,cv5,50,82,svm,1,0.1875
synthetic_pilot,cv5,50,82,svm,2,0.625
synthetic_pilot,cv5,50,82,svm,3,0.375
synthetic_pilot,cv5,50,82,svm,4,0.0
synthetic_pilot,cv5,50,82,svm,5,0.5
synthetic_pilot,cv5,50,82,rf,1,0.59375
synthetic_pilot,cv5,50,82,rf,2,0.4375
synthetic_pilot,cv5,50,82,rf,3,0.75
synthetic_pilot,cv5,50,82,rf,4,0.75
synthetic_pilot,cv5,50,82,rf,5,0.5625
synthetic_pilot,cv5,50,82,gb,1,0.34375
synthetic_pilot,cv5,50,82,gb,2,0.5
synthetic_pilot,cv5,50,82,gb,3,0.5
synthetic_pilot,cv5,50,82,gb,4,0.1875
synthetic_pilot,cv5,50,82,gb,5,0.3125
synthetic_pilot,cv5,50,83,logreg,1,0.1875
synthetic_pilot,cv5,50,83,logreg,2,0.4375
synthetic_pilot,cv5,50,83,logreg,3,0.625
synthetic_pilot,cv5,50,83,logreg,4,0.875
synthetic_pilot,cv5,50,83,logreg,5,0.375
synthetic_pilot,cv5,50,83,knn,1,0.75
synthetic_pilot,cv5,50,83,knn,2,0.6875
synthetic_pilot,cv5,50,83,knn,3,0.71875
synthetic_pilot,cv5,50,83,knn,4,0.59375
synthetic_pilot,cv5,50,83,knn,5,0.1875
synthetic_pilot,cv5,50,83,dtree,1,0.4375
synthetic_pilot,cv5,50,83,dtree,2,0.3125
synthetic_pilot,cv5,50,83,dtree,3,0.5
synthetic_pilot,cv5,50,83,dtree,4,0.6875
synthetic_pilot,cv5,50,83,dtree,5,0.25
synthetic_pilot,cv5,50,83,svm,1,0.5625
synthetic_pilot,cv5,50,83,svm,2,0.5625
synthetic_pilot,cv5,50,83,svm,3,0.3125
synthetic_pilot,cv5,50,83,svm,4,0.6875
synthetic_pilot,cv5,50,83,svm,5,0.125
synthetic_pilot,cv5,50,83,rf,1,0.65625
synthetic_pilot,cv5,50,83,rf,2,0.21875
synthetic_pilot,cv5,50,83,rf,3,0.4375
synthetic_pilot,cv5,50,83,rf,4,0.5625
synthetic_pilot,cv5,50,83,rf,5,0.1875
synthetic_pilot,cv5,50,83,gb,1,0.3125
synthetic_pilot,cv5,50,83,gb,2,0.5
synthetic_pilot,cv5,50,83,gb,3,0.5
synthetic_pilot,cv5,50,83,gb,4,0.75
synthetic_pilot,cv5,50,83,gb,5,0.625
synthetic_pilot,cv5,50,84,logreg,1,0.75
synthetic_pilot,cv5,50,84,logreg,2,0.8125
synthetic_pilot,cv5,50,84,logreg,3,1.0
synthetic_pilot,cv5,50,84,logreg,4,0.5
synthetic_pilot,cv5,50,84,logreg,5,0.875
synthetic_pilot,cv5,50,84,knn,1,0.6875
synthetic_pilot,cv5,50,84,knn,2,0.90625
synthetic_pilot,cv5,50,84,knn,3,0.875
synthetic_pilot,cv5,50,84,knn,4,0.5
synthetic_pilot,cv5,50,84,knn,5,0.78125
synthetic_pilot,cv5,50,84,dtree,1,0.6875
synthetic_pilot,cv5,50,84,dtree,2,0.6875
synthetic_pilot,cv5,50,84,dtree,3,1.0
synthetic_pilot,cv5,50,84,dtree,4,0.6875
synthetic_pilot,cv5,50,84,dtree,5,0.6875
synthetic_pilot,cv5,50,84,svm,1,0.6875
synthetic_pilot,cv5,50,84,svm,2,0.875
synthetic_pilot,cv5,50,84,svm,3,1.0
synthetic_pilot,cv5,50,84,svm,4,0.625
synthetic_pilot,cv5,50,84,svm,5,0.0625
synthetic_pilot,cv5,50,84,rf,1,0.5
synthetic_pilot,cv5,50,84,rf,2,0.6875
synthetic_pilot,cv5,50,84,rf,3,0.9375
synthetic_pilot,cv5,50,84,rf,4,0.59375
synthetic_pilot,cv5,50,84,rf,5,0.9375
synthetic_pilot,cv5,50,84,gb,1,0.625
synthetic_pilot,cv5,50,84,gb,2,0.8125
synthetic_pilot,cv5,50,84,gb,3,0.875
synthetic_pilot,cv5,50,84,gb,4,0.5
synthetic_pilot,cv5,50,84,gb,5,0.75
synthetic_pilot,cv5,50,85,logreg,1,0.3125
synthetic_pilot,cv5,50,85,logreg,2,0.625
synthetic_pilot,cv5,50,85,logreg,3,0.75
synthetic_pilot,cv5,50,85,logreg,4,1.0
synthetic_pilot,cv5,50,85,logreg,5,0.375
synthetic_pilot,cv5,50,85,knn,1,0.3125
synthetic_pilot,cv5,50,85,knn,2,0.3125
synthetic_pilot,cv5,50,85,knn,3,0.96875
synthetic_pilot,cv5,50,85,knn,4,0.6875
synthetic_pilot,cv5,50,85,knn,5,0.5
synthetic_pilot,cv5,50,85,dtree,1,0.625
synthetic_pilot,cv5,50,85,dtree,2,0.5
synthetic_pilot,cv5,50,85,dtree,3,0.8125
synthetic_pilot,cv5,50,85,dtree,4,0.375
synthetic_pilot,cv5,50,85,dtree,5,0.6875
synthetic_pilot,cv5,50,85,svm,1,0.6875
synthetic_pilot,cv5,50,85,svm,2,0.9375
synthetic_pilot,cv5,50,85,svm,3,1.0
synthetic_pilot,cv5,50,85,svm,4,0.6875
synthetic_pilot,cv5,50,85,svm,5,0.5625
synthetic_pilot,cv5,50,85,rf,1,0.53125
synthetic_pilot,cv5,50,85,rf,2,0.375
synthetic_pilot,cv5,50,85,rf,3,0.75
synthetic_pilot,cv5,50,85,rf,4,0.75
synthetic_pilot,cv5,50,85,rf,5,0.6875
synthetic_pilot,cv5,50,85,gb,1,0.75
synthetic_pilot,cv5,50,85,gb,2,0.5625
synthetic_pilot,cv5,50,85,gb,3,0.875
synthetic_pilot,cv5,50,85,gb,4,1.0
synthetic_pilot,cv5,50,85,gb,5,0.5
synthetic_pilot,cv5,50,86,logreg,1,0.125
synthetic_pilot,cv5,50,86,logreg,2,0.9375
synthetic_pilot,cv5,50,86,logreg,3,0.875
synthetic_pilot,cv5,50,86,logreg,4,0.75
synthetic_pilot,cv5,50,86,logreg,5,0.5
synthetic_pilot,cv5,50,86,knn,1,0.53125
synthetic_pilot,cv5,50,86,knn,2,0.4375
synthetic_pilot,cv5,50,86,knn,3,0.78125
synthetic_pilot,cv5,50,86,knn,4,0.8125
synthetic_pilot,cv5,50,86,knn,5,0.71875
synthetic_pilot,cv5,50,86,dtree,1,0.25
synthetic_pilot,cv5,50,86,dtree,2,0.875
synthetic_pilot,cv5,50,86,dtree,3,0.625
synthetic_pilot,cv5,50,86,dtree,4,0.4375
synthetic_pilot,cv5,50,86,dtree,5,0.375
synthetic_pilot,cv5,50,86,svm,1,0.375
synthetic_pilot,cv5,50,86,svm,2,0.5625
synthetic_pilot,cv5,50,86,svm,3,0.0625
synthetic_pilot,cv5,50,86,svm,4,0.75
synthetic_pilot,cv5,50,86,svm,5,0.75
synthetic_pilot,cv5,50,86,rf,1,0.40625
synthetic_pilot,cv5,50,86,rf,2,0.59375
synthetic_pilot,cv5,50,86,rf,3,0.90625
synthetic_pilot,cv5,50,86,rf,4,0.875
synthetic_pilot,cv5,50,86,rf,5,0.875
synthetic_pilot,cv5,50,86,gb,1,0.25
synthetic_pilot,cv5,50,86,gb,2,1.0
synthetic_pilot,cv5,50,86,gb,3,0.875
synthetic_pilot,cv5,50,86,gb,4,0.625
synthetic_pilot,cv5,50,86,gb,5,0.6875
synthetic_pilot,cv5,50,87,logreg,1,0.625
synthetic_pilot,cv5,50,87,logreg,2,0.375
synthetic_pilot,cv5,50,87,logreg,3,0.75
synthetic_pilot,cv5,50,87,logreg,4,0.875
synthetic_pilot,cv5,50,87,logreg,5,0.625
synthetic_pilot,cv5,50,87,knn,1,0.875
synthetic_pilot,cv5,50,87,knn,2,0.59375
synthetic_pilot,cv5,50,87,knn,3,0.6875
synthetic_pilot,cv5,50,87,knn,4,0.46875
synthetic_pilot,cv5,50,87,knn,5,0.9375
synthetic_pilot,cv5,50,87,dtree,1,0.625
synthetic_pilot,cv5,50,87,dtree,2,0.4375
synthetic_pilot,cv5,50,87,dtree,3,0.5
synthetic_pilot,cv5,50,87,dtree,4,0.375
synthetic_pilot,cv5,50,87,dtree,5,0.4375
synthetic_pilot,cv5,50,87,svm,1,1.0
synthetic_pilot,cv5,50,87,svm,2,0.5625
synthetic_pilot,cv5,50,87,svm,3,0.9375
synthetic_pilot,cv5,50,87,svm,4,1.0
synthetic_pilot,cv5,50,87,svm,5,1.0
synthetic_pilot,cv5,50,87,rf,1,0.875
synthetic_pilot,cv5,50,87,rf,2,0.3125
synthetic_pilot,cv5,50,87,rf,3,0.78125
synthetic_pilot,cv5,50,87,rf,4,0.75
synthetic_pilot,cv5,50,87,rf,5,0.875
synthetic_pilot,cv5,50,87,gb,1,0.65625
synthetic_pilot,cv5,50,87,gb,2,0.28125
synthetic_pilot,cv5,50,87,gb,3,0.5
synthetic_pilot,cv5,50,87,gb,4,0.9375
synthetic_pilot,cv5,50,87,gb,5,0.5625
synthetic_pilot,cv5,50,88,logreg,1,1.0
synthetic_pilot,cv5,50,88,logreg,2,0.1875
synthetic_pilot,cv5,50,88,logreg,3,0.5625
synthetic_pilot,cv5,50,88,logreg,4,0.8125
synthetic_pilot,cv5,50,88,logreg,5,0.875
synthetic_pilot,cv5,50,88,knn,1,0.9375
synthetic_pilot,cv5,50,88,knn,2,0.5625
synthetic_pilot,cv5,50,88,knn,3,0.5625
synthetic_pilot,cv5,50,88,knn,4,0.65625
synthetic_pilot,cv5,50,88,knn,5,0.875
synthetic_pilot,cv5,50,88,dtree,1,0.9375
synthetic_pilot,cv5,50,88,dtree,2,0.40625
synthetic_pilot,cv5,50,88,dtree,3,0.4375
synthetic_pilot,cv5,50,88,dtree,4,0.65625
synthetic_pilot,cv5,50,88,dtree,5,1.0
synthetic_pilot,cv5,50,88,svm,1,1.0
synthetic_pilot,cv5,50,88,svm,2,0.75
synthetic_pilot,cv5,50,88,svm,3,0.5625
synthetic_pilot,cv5,50,88,svm,4,1.0
synthetic_pilot,cv5,50,88,svm,5,1.0
synthetic_pilot,cv5,50,88,rf,1,1.0
synthetic_pilot,cv5,50,88,rf,2,0.5625
synthetic_pilot,cv5,50,88,rf,3,0.3125
synthetic_pilot,cv5,50,88,rf,4,0.875
synthetic_pilot,cv5,50,88,rf,5,1.0
synthetic_pilot,cv5,50,88,gb,1,0.9375
synthetic_pilot,cv5,50,88,gb,2,0.375
synthetic_pilot,cv5,50,88,gb,3,0.5625
synthetic_pilot,cv5,50,88,gb,4,0.71875
synthetic_pilot,cv5,50,88,gb,5,0.71875
synthetic_pilot,cv5,50,89,logreg,1,1.0
synthetic_pilot,cv5,50,89,logreg,2,1.0
synthetic_pilot,cv5,50,89,logreg,3,0.5625
synthetic_pilot,cv5,50,89,logreg,4,0.4375
synthetic_pilot,cv5,50,89,logreg,5,0.6875
synthetic_pilot,cv5,50,89,knn,1,0.375
synthetic_pilot,cv5,50,89,knn,2,0.6875
synthetic_pilot,cv5,50,89,knn,3,0.625
synthetic_pilot,cv5,50,89,knn,4,0.25
synthetic_pilot,cv5,50,89,knn,5,0.4375
synthetic_pilot,cv5,50,89,dtree,1,0.6875
synthetic_pilot,cv5,50,89,dtree,2,0.9375
synthetic_pilot,cv5,50,89,dtree,3,0.75
synthetic_pilot,cv5,50,89,dtree,4,0.375
synthetic_pilot,cv5,50,89,dtree,5,0.75
synthetic_pilot,cv5,50,89,svm,1,0.9375
synthetic_pilot,cv5,50,89,svm,2,0.9375
synthetic_pilot,cv5,50,89,svm,3,0.75
synthetic_pilot,cv5,50,89,svm,4,0.3125
synthetic_pilot,cv5,50,89,svm,5,0.4375
synthetic_pilot,cv5,50,89,rf,1,0.75
synthetic_pilot,cv5,50,89,rf,2,1.0
synthetic_pilot,cv5,50,89,rf,3,0.84375
synthetic_pilot,cv5,50,89,rf,4,0.375
synthetic_pilot,cv5,50,89,rf,5,0.625
synthetic_pilot,cv5,50,89,gb,1,1.0
synthetic_pilot,cv5,50,89,gb,2,0.625
synthetic_pilot,cv5,50,89,gb,3,0.5625
synthetic_pilot,cv5,50,89,gb,4,0.4375
synthetic_pilot,cv5,50,89,gb,5,0.875
synthetic_pilot,cv5,50,90,logreg,1,0.375
synthetic_pilot,cv5,50,90,logreg,2,1.0
synthetic_pilot,cv5,50,90,logreg,3,0.75
synthetic_pilot,cv5,50,90,logreg,4,1.0
synthetic_pilot,cv5,50,90,logreg,5,0.875
synthetic_pilot,cv5,50,90,knn,1,0.25
synthetic_pilot,cv5,50,90,knn,2,0.84375
synthetic_pilot,cv5,50,90,knn,3,0.90625
synthetic_pilot,cv5,50,90,knn,4,0.875
synthetic_pilot,cv5,50,90,knn,5,0.6875
synthetic_pilot,cv5,50,90,dtree,1,0.625
synthetic_pilot,cv5,50,90,dtree,2,0.75
synthetic_pilot,cv5,50,90,dtree,3,0.6875
synthetic_pilot,cv5,50,90,dtree,4,0.5
synthetic_pilot,cv5,50,90,dtree,5,0.375
synthetic_pilot,cv5,50,90,svm,1,0.125
synthetic_pilot,cv5,50,90,svm,2,1.0
synthetic_pilot,cv5,50,90,svm,3,1.0
synthetic_pilot,cv5,50,90,svm,4,1.0
synthetic_pilot,cv5,50,90,svm,5,0.8125
synthetic_pilot,cv5,50,90,rf,1,0.40625
synthetic_pilot,cv5,50,90,rf,2,0.8125
synthetic_pilot,cv5,50,90,rf,3,0.9375
synthetic_pilot,cv5,50,90,rf,4,1.0
synthetic_pilot,cv5,50,90,rf,5,0.78125
synthetic_pilot,cv5,50,90,gb,1,0.4375
synthetic_pilot,cv5,50,90,gb,2,0.25
synthetic_pilot,cv5,50,90,gb,3,0.5625
synthetic_pilot,cv5,50,90,gb,4,1.0
synthetic_pilot,cv5,50,90,gb,5,0.875
synthetic_pilot,cv5,50,91,logreg,1,0.25
synthetic_pilot,cv5,50,91,logreg,2,0.5625
synthetic_pilot,cv5,50,91,logreg,3,0.6875
synthetic_pilot,cv5,50,91,logreg,4,0.375
synthetic_pilot,cv5,50,91,logreg,5,0.4375
synthetic_pilot,cv5,50,91,knn,1,0.25
synthetic_pilot,cv5,50,91,knn,2,0.53125
synthetic_pilot,cv5,50,91,knn,3,0.75
synthetic_pilot,cv5,50,91,knn,4,0.8125
synthetic_pilot,cv5,50,91,knn,5,0.59375
synthetic_pilot,cv5,50,91,dtree,1,0.625
synthetic_pilot,cv5,50,91,dtree,2,0.5
synthetic_pilot,cv5,50,91,dtree,3,0.375
synthetic_pilot,cv5,50,91,dtree,4,0.5625
synthetic_pilot,cv5,50,91,dtree,5,0.3125
synthetic_pilot,cv5,50,91,svm,1,0.5
synthetic_pilot,cv5,50,91,svm,2,0.625
synthetic_pilot,cv5,50,91,svm,3,0.375
synthetic_pilot,cv5,50,91,svm,4,0.5625
synthetic_pilot,cv5,50,91,svm,5,0.3125
synthetic_pilot,cv5,50,91,rf,1,0.625
synthetic_pilot,cv5,50,91,rf,2,0.875
synthetic_pilot,cv5,50,91,rf,3,0.625
synthetic_pilot,cv5,50,91,rf,4,0.5
synthetic_pilot,cv5,50,91,rf,5,0.3125
synthetic_pilot,cv5,50,91,gb,1,0.375
synthetic_pilot,cv5,50,91,gb,2,0.5625
synthetic_pilot,cv5,50,91,gb,3,0.5625
synthetic_pilot,cv5,50,91,gb,4,0.0
synthetic_pilot,cv5,50,91,gb,5,0.5
synthetic_pilot,cv5,50,92,logreg,1,0.4375
synthetic_pilot,cv5,50,92,logreg,2,0.8125
synthetic_pilot,cv5,50,92,logreg,3,0.625
synthetic_pilot,cv5,50,92,logreg,4,0.375
synthetic_pilot,cv5,50,92,logreg,5,0.625
synthetic_pilot,cv5,50,92,knn,1,0.46875
synthetic_pilot,cv5,50,92,knn,2,0.5625
synthetic_pilot,cv5,50,92,knn,3,0.65625
synthetic_pilot,cv5,50,92,knn,4,0.28125
synthetic_pilot,cv5,50,92,knn,5,0.8125
synthetic_pilot,cv5,50,92,dtree,1,0.3125
synthetic_pilot,cv5,50,92,dtree,2,0.4375
synthetic_pilot,cv5,50,92,dtree,3,0.6875
synthetic_pilot,cv5,50,92,dtree,4,0.625
synthetic_pilot,cv5,50,92,dtree,5,0.75
synthetic_pilot,cv5,50,92,svm,1,0.625
synthetic_pilot,cv5,50,92,svm,2,0.5
synthetic_pilot,cv5,50,92,svm,3,0.6875
synthetic_pilot,cv5,50,92,svm,4,0.4375
synthetic_pilot,cv5,50,92,svm,5,0.375
synthetic_pilot,cv5,50,92,rf,1,0.40625
synthetic_pilot,cv5,50,92,rf,2,0.53125
synthetic_pilot,cv5,50,92,rf,3,0.8125
synthetic_pilot,cv5,50,92,rf,4,0.625
synthetic_pilot,cv5,50,92,rf,5,0.59375
synthetic_pilot,cv5,50,92,gb,1,0.3125
synthetic_pilot,cv5,50,92,gb,2,0.96875
synthetic_pilot,cv5,50,92,gb,3,0.5625
synthetic_pilot,cv5,50,92,gb,4,0.375
synthetic_pilot,cv5,50,92,gb,5,0.6875
synthetic_pilot,cv5,50,93,logreg,1,1.0
synthetic_pilot,cv5,50,93,logreg,2,0.6875
synthetic_pilot,cv5,50,93,logreg,3,0.6875
synthetic_pilot,cv5,50,93,logreg,4,0.75
synthetic_pilot,cv5,50,93,logreg,5,0.5
synthetic_pilot,cv5,50,93,knn,1,0.71875
synthetic_pilot,cv5,50,93,knn,2,0.4375
synthetic_pilot,cv5,50,93,knn,3,0.8125
synthetic_pilot,cv5,50,93,knn,4,1.0
synthetic_pilot,cv5,50,93,knn,5,0.375
synthetic_pilot,cv5,50,93,dtree,1,0.75
synthetic_pilot,cv5,50,93,dtree,2,0.6875
synthetic_pilot,cv5,50,93,dtree,3,0.5625
synthetic_pilot,cv5,50,93,dtree,4,0.625
synthetic_pilot,cv5,50,93,dtree,5,0.5625
synthetic_pilot,cv5,50,93,svm,1,0.25
synthetic_pilot,cv5,50,93,svm,2,0.625
synthetic_pilot,cv5,50,93,svm,3,0.8125
synthetic_pilot,cv5,50,93,svm,4,0.75
synthetic_pilot,cv5,50,93,svm,5,0.375
synthetic_pilot,cv5,50,93,rf,1,0.875
synthetic_pilot,cv5,50,93,rf,2,0.375
synthetic_pilot,cv5,50,93,rf,3,0.5625
synthetic_pilot,cv5,50,93,rf,4,0.5
synthetic_pilot,cv5,50,93,rf,5,0.4375
synthetic_pilot,cv5,50,93,gb,1,0.1875
synthetic_pilot,cv5,50,93,gb,2,0.4375
synthetic_pilot,cv5,50,93,gb,3,0.5
synthetic_pilot,cv5,50,93,gb,4,0.5
synthetic_pilot,cv5,50,93,gb,5,0.4375
synthetic_pilot,cv5,50,94,logreg,1,1.0
synthetic_pilot,cv5,50,94,logreg,2,1.0
synthetic_pilot,cv5,50,94,logreg,3,0.625
synthetic_pilot,cv5,50,94,logreg,4,0.625
synthetic_pilot,cv5,50,94,logreg,5,0.6875
synthetic_pilot,cv5,50,94,knn,1,0.8125
synthetic_pilot,cv5,50,94,knn,2,0.625
synthetic_pilot,cv5,50,94,knn,3,0.40625
synthetic_pilot,cv5,50,94,knn,4,0.3125
synthetic_pilot,cv5,50,94,knn,5,0.5625
synthetic_pilot,cv5,50,94,dtree,1,1.0
synthetic_pilot,cv5,50,94,dtree,2,0.4375
synthetic_pilot,cv5,50,94,dtree,3,0.4375
synthetic_pilot,cv5,50,94,dtree,4,0.5
synthetic_pilot,cv5,50,94,dtree,5,0.5
synthetic_pilot,cv5,50,94,svm,1,0.0
synthetic_pilot,cv5,50,94,svm,2,0.625
synthetic_pilot,cv5,50,94,svm,3,0.6875
synthetic_pilot,cv5,50,94,svm,4,0.5625
synthetic_pilot,cv5,50,94,svm,5,0.75
synthetic_pilot,cv5,50,94,rf,1,0.8125
synthetic_pilot,cv5,50,94,rf,2,0.65625
synthetic_pilot,cv5,50,94,rf,3,0.25
synthetic_pilot,cv5,50,94,rf,4,0.59375
synthetic_pilot,cv5,50,94,rf,5,0.71875
synthetic_pilot,cv5,50,94,gb,1,0.9375
synthetic_pilot,cv5,50,94,gb,2,0.625
synthetic_pilot,cv5,50,94,gb,3,0.65625
synthetic_pilot,cv5,50,94,gb,4,0.4375
synthetic_pilot,cv5,50,94,gb,5,0.5
synthetic_pilot,cv5,50,95,logreg,1,0.5
synthetic_pilot,cv5,50,95,logreg,2,0.5
synthetic_pilot,cv5,50,95,logreg,3,0.9375
synthetic_pilot,cv5,50,95,logreg,4,0.4375
synthetic_pilot,cv5,50,95,logreg,5,0.4375
synthetic_pilot,cv5,50,95,knn,1,0.3125
synthetic_pilot,cv5,50,95,knn,2,0.6875
synthetic_pilot,cv5,50,95,knn,3,0.46875
synthetic_pilot,cv5,50,95,knn,4,0.6875
synthetic_pilot,cv5,50,95,knn,5,0.34375
synthetic_pilot,cv5,50,95,dtree,1,0.5625
synthetic_pilot,cv5,50,95,dtree,2,0.3125
synthetic_pilot,cv5,50,95,dtree,3,0.4375
synthetic_pilot,cv5,50,95,dtree,4,0.5
synthetic_pilot,cv5,50,95,dtree,5,0.4375
synthetic_pilot,cv5,50,95,svm,1,0.6875
synthetic_pilot,cv5,50,95,svm,2,0.8125
synthetic_pilot,cv5,50,95,svm,3,0.25
synthetic_pilot,cv5,50,95,svm,4,0.4375
synthetic_pilot,cv5,50,95,svm,5,0.125
synthetic_pilot,cv5,50,95,rf,1,0.28125
synthetic_pilot,cv5,50,95,rf,2,0.5
synthetic_pilot,cv5,50,95,rf,3,0.5
synthetic_pilot,cv5,50,95,rf,4,0.4375
synthetic_pilot,cv5,50,95,rf,5,0.5625
synthetic_pilot,cv5,50,95,gb,1,0.4375
synthetic_pilot,cv5,50,95,gb,2,0.5625
synthetic_pilot,cv5,50,95,gb,3,0.5625
synthetic_pilot,cv5,50,95,gb,4,0.75
synthetic_pilot,cv5,50,95,gb,5,0.5625
synthetic_pilot,cv5,50,96,logreg,1,0.4375
synthetic_pilot,cv5,50,96,logreg,2,0.5
synthetic_pilot,cv5,50,96,logreg,3,0.875
synthetic_pilot,cv5,50,96,logreg,4,0.75
synthetic_pilot,cv5,50,96,logreg,5,0.5
synthetic_pilot,cv5,50,96,knn,1,0.28125
synthetic_pilot,cv5,50,96,knn,2,0.1875
synthetic_pilot,cv5,50,96,knn,3,0.71875
synthetic_pilot,cv5,50,96,knn,4,0.78125
synthetic_pilot,cv5,50,96,knn,5,0.8125
synthetic_pilot,cv5,50,96,dtree,1,0.5
synthetic_pilot,cv5,50,96,dtree,2,0.6875
synthetic_pilot,cv5,50,96,dtree,3,0.5625
synthetic_pilot,cv5,50,96,dtree,4,0.875
synthetic_pilot,cv5,50,96,dtree,5,0.5
synthetic_pilot,cv5,50,96,svm,1,0.375
synthetic_pilot,cv5,50,96,svm,2,0.4375
synthetic_pilot,cv5,50,96,svm,3,0.25
synthetic_pilot,cv5,50,96,svm,4,0.75
synthetic_pilot,cv5,50,96,svm,5,0.75
synthetic_pilot,cv5,50,96,rf,1,0.3125
synthetic_pilot,cv5,50,96,rf,2,0.375
synthetic_pilot,cv5,50,96,rf,3,0.5625
synthetic_pilot,cv5,50,96,rf,4,0.8125
synthetic_pilot,cv5,50,96,rf,5,0.65625
synthetic_pilot,cv5,50,96,gb,1,0.5625
synthetic_pilot,cv5,50,96,gb,2,0.40625
synthetic_pilot,cv5,50,96,gb,3,0.875
synthetic_pilot,cv5,50,96,gb,4,0.5625
synthetic_pilot,cv5,50,96,gb,5,0.6875
synthetic_pilot,cv5,50,97,logreg,1,0.875
synthetic_pilot,cv5,50,97,logreg,2,0.25
synthetic_pilot,cv5,50,97,logreg,3,0.6875
synthetic_pilot,cv5,50,97,logreg,4,0.8125
synthetic_pilot,cv5,50,97,logreg,5,0.375
synthetic_pilot,cv5,50,97,knn,1,0.875
synthetic_pilot,cv5,50,97,knn,2,0.25
synthetic_pilot,cv5,50,97,knn,3,0.9375
synthetic_pilot,cv5,50,97,knn,4,1.0
synthetic_pilot,cv5,50,97,knn,5,0.4375
synthetic_pilot,cv5,50,97,dtree,1,0.75
synthetic_pilot,cv5,50,97,dtree,2,0.4375
synthetic_pilot,cv5,50,97,dtree,3,0.5
synthetic_pilot,cv5,50,97,dtree,4,0.65625
synthetic_pilot,cv5,50,97,dtree,5,0.5
synthetic_pilot,cv5,50,97,svm,1,0.6875
synthetic_pilot,cv5,50,97,svm,2,0.3125
synthetic_pilot,cv5,50,97,svm,3,0.8125
synthetic_pilot,cv5,50,97,svm,4,0.0625
synthetic_pilot,cv5,50,97,svm,5,0.5
synthetic_pilot,cv5,50,97,rf,1,0.5
synthetic_pilot,cv5,50,97,rf,2,0.5
synthetic_pilot,cv5,50,97,rf,3,1.0
synthetic_pilot,cv5,50,97,rf,4,0.90625
synthetic_pilot,cv5,50,97,rf,5,0.5
synthetic_pilot,cv5,50,97,gb,1,0.75
synthetic_pilot,cv5,50,97,gb,2,0.1875
synthetic_pilot,cv5,50,97,gb,3,0.75
synthetic_pilot,cv5,50,97,gb,4,0.625
synthetic_pilot,cv5,50,97,gb,5,0.375
synthetic_pilot,cv5,50,98,logreg,1,0.4375
synthetic_pilot,cv5,50,98,logreg,2,0.8125
synthetic_pilot,cv5,50,98,logreg,3,0.875
synthetic_pilot,cv5,50,98,logreg,4,0.5
synthetic_pilot,cv5,50,98,logreg,5,0.5
synthetic_pilot,cv5,50,98,knn,1,0.1875
synthetic_pilot,cv5,50,98,knn,2,0.90625
synthetic_pilot,cv5,50,98,knn,3,0.75
synthetic_pilot,cv5,50,98,knn,4,0.9375
synthetic_pilot,cv5,50,98,knn,5,0.5625
synthetic_pilot,cv5,50,98,dtree,1,0.4375
synthetic_pilot,cv5,50,98,dtree,2,0.5625
synthetic_pilot,cv5,50,98,dtree,3,0.4375
synthetic_pilot,cv5,50,98,dtree,4,0.875
synthetic_pilot,cv5,50,98,dtree,5,0.6875
synthetic_pilot,cv5,50,98,svm,1,0.375
synthetic_pilot,cv5,50,98,svm,2,0.5625
synthetic_pilot,cv5,50,98,svm,3,0.875
synthetic_pilot,cv5,50,98,svm,4,0.6875
synthetic_pilot,cv5,50,98,svm,5,0.375
synthetic_pilot,cv5,50,98,rf,1,0.9375
synthetic_pilot,cv5,50,98,rf,2,0.75
synthetic_pilot,cv5,50,98,rf,3,1.0
synthetic_pilot,cv5,50,98,rf,4,0.9375
synthetic_pilot,cv5,50,98,rf,5,0.90625
synthetic_pilot,cv5,50,98,gb,1,0.1875
synthetic_pilot,cv5,50,98,gb,2,0.71875
synthetic_pilot,cv5,50,98,gb,3,0.53125
synthetic_pilot,cv5,50,98,gb,4,0.375
synthetic_pilot,cv5,50,98,gb,5,0.125
synthetic_pilot,cv5,50,99,logreg,1,0.625
synthetic_pilot,cv5,50,99,logreg,2,0.75
synthetic_pilot,cv5,50,99,logreg,3,1.0
synthetic_pilot,cv5,50,99,logreg,4,0.9375
synthetic_pilot,cv5,50,99,logreg,5,0.375
synthetic_pilot,cv5,50,99,knn,1,0.65625
synthetic_pilot,cv5,50,99,knn,2,0.78125
synthetic_pilot,cv5,50,99,knn,3,0.9375
synthetic_pilot,cv5,50,99,knn,4,0.5
synthetic_pilot,cv5,50,99,knn,5,0.65625
synthetic_pilot,cv5,50,99,dtree,1,0.9375
synthetic_pilot,cv5,50,99,dtree,2,0.4375
synthetic_pilot,cv5,50,99,dtree,3,0.6875
synthetic_pilot,cv5,50,99,dtree,4,0.25
synthetic_pilot,cv5,50,99,dtree,5,0.5
synthetic_pilot,cv5,50,99,svm,1,0.25
synthetic_pilot,cv5,50,99,svm,2,0.75
synthetic_pilot,cv5,50,99,svm,3,0.25
synthetic_pilot,cv5,50,99,svm,4,0.5625
synthetic_pilot,cv5,50,99,svm,5,0.375
synthetic_pilot,cv5,50,99,rf,1,0.75
synthetic_pilot,cv5,50,99,rf,2,0.46875
synthetic_pilot,cv5,50,99,rf,3,0.625
synthetic_pilot,cv5,50,99,rf,4,0.78125
synthetic_pilot,cv5,50,99,rf,5,0.5
synthetic_pilot,cv5,50,99,gb,1,0.6875
synthetic_pilot,cv5,50,99,gb,2,0.6875
synthetic_pilot,cv5,50,99,gb,3,0.875
synthetic_pilot,cv5,50,99,gb,4,0.6875
synthetic_pilot,cv5,50,99,gb,5,0.59375
synthetic_pilot,cv5,50,100,logreg,1,0.875
synthetic_pilot,cv5,50,100,logreg,2,0.875
synthetic_pilot,cv5,50,100,logreg,3,0.4375
synthetic_pilot,cv5,50,100,logreg,4,0.8125
synthetic_pilot,cv5,50,100,logreg,5,0.75
synthetic_pilot,cv5,50,100,knn,1,0.75
synthetic_pilot,cv5,50,100,knn,2,0.53125
synthetic_pilot,cv5,50,100,knn,3,0.1875
synthetic_pilot,cv5,50,100,knn,4,0.625
synthetic_pilot,cv5,50,100,knn,5,0.5625
synthetic_pilot,cv5,50,100,dtree,1,0.3125
synthetic_pilot,cv5,50,100,dtree,2,0.3125
synthetic_pilot,cv5,50,100,dtree,3,0.375
synthetic_pilot,cv5,50,100,dtree,4,0.6875
synthetic_pilot,cv5,50,100,dtree,5,0.9375
synthetic_pilot,cv5,50,100,svm,1,0.75
synthetic_pilot,cv5,50,100,svm,2,0.6875
synthetic_pilot,cv5,50,100,svm,3,0.1875
synthetic_pilot,cv5,50,100,svm,4,0.75
synthetic_pilot,cv5,50,100,svm,5,0.75
synthetic_pilot,cv5,50,100,rf,1,0.59375
synthetic_pilot,cv5,50,100,rf,2,0.875
synthetic_pilot,cv5,50,100,rf,3,0.125
synthetic_pilot,cv5,50,100,rf,4,0.6875
synthetic_pilot,cv5,50,100,rf,5,0.875
synthetic_pilot,cv5,50,100,gb,1,0.5625
synthetic_pilot,cv5,50,100,gb,2,1.0
synthetic_pilot,cv5,50,100,gb,3,0.5
synthetic_pilot,cv5,50,100,gb,4,0.8125
synthetic_pilot,cv5,50,100,gb,5,0.625
synthetic_pilot,cv5,100,1,logreg,1,0.625
synthetic_pilot,cv5,100,1,logreg,2,0.625
synthetic_pilot,cv5,100,1,logreg,3,0.96875
synthetic_pilot,cv5,100,1,logreg,4,0.703125
synthetic_pilot,cv5,100,1,logreg,5,0.59375
synthetic_pilot,cv5,100,1,knn,1,0.6953125
synthetic_pilot,cv5,100,1,knn,2,0.28125
synthetic_pilot,cv5,100,1,knn,3,0.9453125
synthetic_pilot,cv5,100,1,knn,4,0.765625
synthetic_pilot,cv5,100,1,knn,5,0.21875
synthetic_pilot,cv5,100,1,dtree,1,0.53125
synthetic_pilot,cv5,100,1,dtree,2,0.2890625
synthetic_pilot,cv5,100,1,dtree,3,0.6171875
synthetic_pilot,cv5,100,1,dtree,4,0.75
synthetic_pilot,cv5,100,1,dtree,5,0.53125
synthetic_pilot,cv5,100,1,svm,1,0.671875
synthetic_pilot,cv5,100,1,svm,2,0.71875
synthetic_pilot,cv5,100,1,svm,3,1.0
synthetic_pilot,cv5,100,1,svm,4,0.84375
synthetic_pilot,cv5,100,1,svm,5,0.40625
synthetic_pilot,cv5,100,1,rf,1,0.6171875
synthetic_pilot,cv5,100,1,rf,2,0.4296875
synthetic_pilot,cv5,100,1,rf,3,0.71875
synthetic_pilot,cv5,100,1,rf,4,0.625
synthetic_pilot,cv5,100,1,rf,5,0.484375
synthetic_pilot,cv5,100,1,gb,1,0.6875
synthetic_pilot,cv5,100,1,gb,2,0.578125
synthetic_pilot,cv5,100,1,gb,3,0.953125
synthetic_pilot,cv5,100,1,gb,4,0.5625
synthetic_pilot,cv5,100,1,gb,5,0.40625
synthetic_pilot,cv5,100,2,logreg,1,0.6875
synthetic_pilot,cv5,100,2,logreg,2,0.984375
synthetic_pilot,cv5,100,2,logreg,3,0.890625
synthetic_pilot,cv5,100,2,logreg,4,0.765625
synthetic_pilot,cv5,100,2,logreg,5,0.65625
synthetic_pilot,cv5,100,2,knn,1,0.671875
synthetic_pilot,cv5,100,2,knn,2,0.609375
synthetic_pilot,cv5,100,2,knn,3,0.78125
synthetic_pilot,cv5,100,2,knn,4,0.71875
synthetic_pilot,cv5,100,2,knn,5,0.75
synthetic_pilot,cv5,100,2,dtree,1,0.6875
synthetic_pilot,cv5,100,2,dtree,2,0.59375
synthetic_pilot,cv5,100,2,dtree,3,0.5625
synthetic_pilot,cv5,100,2,dtree,4,0.625
synthetic_pilot,cv5,100,2,dtree,5,0.609375
synthetic_pilot,cv5,100,2,svm,1,0.671875
synthetic_pilot,cv5,100,2,svm,2,0.859375
synthetic_pilot,cv5,100,2,svm,3,0.890625
synthetic_pilot,cv5,100,2,svm,4,0.28125
synthetic_pilot,cv5,100,2,svm,5,0.515625
synthetic_pilot,cv5,100,2,rf,1,0.7109375
synthetic_pilot,cv5,100,2,rf,2,0.890625
synthetic_pilot,cv5,100,2,rf,3,0.453125
synthetic_pilot,cv5,100,2,rf,4,0.6171875
synthetic_pilot,cv5,100,2,rf,5,0.796875
synthetic_pilot,cv5,100,2,gb,1,0.65625
synthetic_pilot,cv5,100,2,gb,2,0.78125
synthetic_pilot,cv5,100,2,gb,3,0.578125
synthetic_pilot,cv5,100,2,gb,4,0.625
synthetic_pilot,cv5,100,2,gb,5,0.75
synthetic_pilot,cv5,100,3,logreg,1,0.78125
synthetic_pilot,cv5,100,3,logreg,2,0.875
synthetic_pilot,cv5,100,3,logreg,3,0.765625
synthetic_pilot,cv5,100,3,logreg,4,0.84375
synthetic_pilot,cv5,100,3,logreg,5,0.6875
synthetic_pilot,cv5,100,3,knn,1,0.90625
synthetic_pilot,cv5,100,3,knn,2,0.6640625
synthetic_pilot,cv5,100,3,knn,3,0.609375
synthetic_pilot,cv5,100,3,knn,4,0.53125
synthetic_pilot,cv5,100,3,knn,5,0.84375
synthetic_pilot,cv5,100,3,dtree,1,0.59375
synthetic_pilot,cv5,100,3,dtree,2,0.734375
synthetic_pilot,cv5,100,3,dtree,3,0.6875
synthetic_pilot,cv5,100,3,dtree,4,0.65625
synthetic_pilot,cv5,100,3,dtree,5,0.84375
synthetic_pilot,cv5,100,3,svm,1,0.875
synthetic_pilot,cv5,100,3,svm,2,0.8125
synthetic_pilot,cv5,100,3,svm,3,0.796875
synthetic_pilot,cv5,100,3,svm,4,0.796875
synthetic_pilot,cv5,100,3,svm,5,0.6875
synthetic_pilot,cv5,100,3,rf,1,0.8828125
synthetic_pilot,cv5,100,3,rf,2,0.828125
synthetic_pilot,cv5,100,3,rf,3,0.8046875
synthetic_pilot,cv5,100,3,rf,4,0.7890625
synthetic_pilot,cv5,100,3,rf,5,0.8203125
synthetic_pilot,cv5,100,3,gb,1,1.0
synthetic_pilot,cv5,100,3,gb,2,0.875
synthetic_pilot,cv5,100,3,gb,3,0.84375
synthetic_pilot,cv5,100,3,gb,4,0.6875
synthetic_pilot,cv5,100,3,gb,5,0.640625
synthetic_pilot,cv5,100,4,logreg,1,0.90625
synthetic_pilot,cv5,100,4,logreg,2,0.78125
synthetic_pilot,cv5,100,4,logreg,3,0.65625
synthetic_pilot,cv5,100,4,logreg,4,0.796875
synthetic_pilot,cv5,100,4,logreg,5,0.859375
synthetic_pilot,cv5,100,4,knn,1,0.625
synthetic_pilot,cv5,100,4,knn,2,0.828125
synthetic_pilot,cv5,100,4,knn,3,0.6171875
synthetic_pilot,cv5,100,4,knn,4,0.7421875
synthetic_pilot,cv5,100,4,knn,5,0.75
synthetic_pilot,cv5,100,4,dtree,1,0.7578125
synthetic_pilot,cv5,100,4,dtree,2,0.40625
synthetic_pilot,cv5,100,4,dtree,3,0.5625
synthetic_pilot,cv5,100,4,dtree,4,0.5
synthetic_pilot,cv5,100,4,dtree,5,0.5703125
synthetic_pilot,cv5,100,4,svm,1,0.765625
synthetic_pilot,cv5,100,4,svm,2,0.8125
synthetic_pilot,cv5,100,4,svm,3,0.484375
synthetic_pilot,cv5,100,4,svm,4,0.75
synthetic_pilot,cv5,100,4,svm,5,0.984375
synthetic_pilot,cv5,100,4,rf,1,0.8046875
synthetic_pilot,cv5,100,4,rf,2,0.734375
synthetic_pilot,cv5,100,4,rf,3,0.3671875
synthetic_pilot,cv5,100,4,rf,4,0.71875
synthetic_pilot,cv5,100,4,rf,5,0.65625
synthetic_pilot,cv5,100,4,gb,1,0.734375
synthetic_pilot,cv5,100,4,gb,2,0.796875
synthetic_pilot,cv5,100,4,gb,3,0.78125
synthetic_pilot,cv5,100,4,gb,4,0.65625
synthetic_pilot,cv5,100,4,gb,5,0.84375
synthetic_pilot,cv5,100,5,logreg,1,0.671875
synthetic_pilot,cv5,100,5,logreg,2,0.84375
synthetic_pilot,cv5,100,5,logreg,3,0.78125
synthetic_pilot,cv5,100,5,logreg,4,0.875
synthetic_pilot,cv5,100,5,logreg,5,0.78125
synthetic_pilot,cv5,100,5,knn,1,0.4765625
synthetic_pilot,cv5,100,5,knn,2,0.890625
synthetic_pilot,cv5,100,5,knn,3,0.78125
synthetic_pilot,cv5,100,5,knn,4,0.6640625
synthetic_pilot,cv5,100,5,knn,5,0.6171875
synthetic_pilot,cv5,100,5,dtree,1,0.5625
synthetic_pilot,cv5,100,5,dtree,2,0.640625
synthetic_pilot,cv5,100,5,dtree,3,0.578125
synthetic_pilot,cv5,100,5,dtree,4,0.625
synthetic_pilot,cv5,100,5,dtree,5,0.8359375
synthetic_pilot,cv5,100,5,svm,1,0.796875
synthetic_pilot,cv5,100,5,svm,2,0.9375
synthetic_pilot,cv5,100,5,svm,3,0.734375
synthetic_pilot,cv5,100,5,svm,4,0.640625
synthetic_pilot,cv5,100,5,svm,5,0.765625
synthetic_pilot,cv5,100,5,rf,1,0.765625
synthetic_pilot,cv5,100,5,rf,2,0.859375
synthetic_pilot,cv5,100,5,rf,3,0.703125
synthetic_pilot,cv5,100,5,rf,4,0.78125
synthetic_pilot,cv5,100,5,rf,5,0.703125
synthetic_pilot,cv5,100,5,gb,1,0.703125
synthetic_pilot,cv5,100,5,gb,2,0.859375
synthetic_pilot,cv5,100,5,gb,3,0.71875
synthetic_pilot,cv5,100,5,gb,4,0.765625
synthetic_pilot,cv5,100,5,gb,5,0.859375
synthetic_pilot,cv5,100,6,logreg,1,0.4375
synthetic_pilot,cv5,100,6,logreg,2,0.84375
synthetic_pilot,cv5,100,6,logreg,3,0.46875
synthetic_pilot,cv5,100,6,logreg,4,0.703125
synthetic_pilot,cv5,100,6,logreg,5,0.546875
synthetic_pilot,cv5,100,6,knn,1,0.65625
synthetic_pilot,cv5,100,6,knn,2,0.765625
synthetic_pilot,cv5,100,6,knn,3,0.65625
synthetic_pilot,cv5,100,6,knn,4,0.84375
synthetic_pilot,cv5,100,6,knn,5,0.6484375
synthetic_pilot,cv5,100,6,dtree,1,0.4375
synthetic_pilot,cv5,100,6,dtree,2,0.5625
synthetic_pilot,cv5,100,6,dtree,3,0.640625
synthetic_pilot,cv5,100,6,dtree,4,0.5234375
synthetic_pilot,cv5,100,6,dtree,5,0.1484375
synthetic_pilot,cv5,100,6,svm,1,0.515625
synthetic_pilot,cv5,100,6,svm,2,0.890625
synthetic_pilot,cv5,100,6,svm,3,0.828125
synthetic_pilot,cv5,100,6,svm,4,0.84375
synthetic_pilot,cv5,100,6,svm,5,0.640625
synthetic_pilot,cv5,100,6,rf,1,0.5390625
synthetic_pilot,cv5,100,6,rf,2,0.5
synthetic_pilot,cv5,100,6,rf,3,0.5625
synthetic_pilot,cv5,100,6,rf,4,0.703125
synthetic_pilot,cv5,100,6,rf,5,0.4765625
synthetic_pilot,cv5,100,6,gb,1,0.46875
synthetic_pilot,cv5,100,6,gb,2,0.703125
synthetic_pilot,cv5,100,6,gb,3,0.484375
synthetic_pilot,cv5,100,6,gb,4,0.734375
synthetic_pilot,cv5,100,6,gb,5,0.65625
synthetic_pilot,cv5,100,7,logreg,1,0.984375
synthetic_pilot,cv5,100,7,logreg,2,0.609375
synthetic_pilot,cv5,100,7,logreg,3,0.78125
synthetic_pilot,cv5,100,7,logreg,4,0.875
synthetic_pilot,cv5,100,7,logreg,5,0.84375
synthetic_pilot,cv5,100,7,knn,1,0.984375
synthetic_pilot,cv5,100,7,knn,2,0.71875
synthetic_pilot,cv5,100,7,knn,3,0.671875
synthetic_pilot,cv5,100,7,knn,4,0.6328125
synthetic_pilot,cv5,100,7,knn,5,0.9453125
synthetic_pilot,cv5,100,7,dtree,1,0.734375
synthetic_pilot,cv5,100,7,dtree,2,0.671875
synthetic_pilot,cv5,100,7,dtree,3,0.78125
synthetic_pilot,cv5,100,7,dtree,4,0.5625
synthetic_pilot,cv5,100,7,dtree,5,0.5625
synthetic_pilot,cv5,100,7,svm,1,1.0
synthetic_pilot,cv5,100,7,svm,2,0.75
synthetic_pilot,cv5,100,7,svm,3,0.828125
synthetic_pilot,cv5,100,7,svm,4,0.703125
synthetic_pilot,cv5,100,7,svm,5,0.921875
synthetic_pilot,cv5,100,7,rf,1,0.96875
synthetic_pilot,cv5,100,7,rf,2,0.7578125
synthetic_pilot,cv5,100,7,rf,3,0.8828125
synthetic_pilot,cv5,100,7,rf,4,0.625
synthetic_pilot,cv5,100,7,rf,5,0.796875
synthetic_pilot,cv5,100,7,gb,1,0.828125
synthetic_pilot,cv5,100,7,gb,2,0.71875
synthetic_pilot,cv5,100,7,gb,3,0.515625
synthetic_pilot,cv5,100,7,gb,4,0.453125
synthetic_pilot,cv5,100,7,gb,5,0.890625
synthetic_pilot,cv5,100,8,logreg,1,0.859375
synthetic_pilot,cv5,100,8,logreg,2,0.734375
synthetic_pilot,cv5,100,8,logreg,3,0.765625
synthetic_pilot,cv5,100,8,logreg,4,0.9375
synthetic_pilot,cv5,100,8,logreg,5,0.3125
synthetic_pilot,cv5,100,8,knn,1,0.734375
synthetic_pilot,cv5,100,8,knn,2,0.6875
synthetic_pilot,cv5,100,8,knn,3,0.7734375
synthetic_pilot,cv5,100,8,knn,4,0.875
synthetic_pilot,cv5,100,8,knn,5,0.484375
synthetic_pilot,cv5,100,8,dtree,1,0.3671875
synthetic_pilot,cv5,100,8,dtree,2,0.5390625
synthetic_pilot,cv5,100,8,dtree,3,0.5546875
synthetic_pilot,cv5,100,8,dtree,4,0.6640625
synthetic_pilot,cv5,100,8,dtree,5,0.4375
synthetic_pilot,cv5,100,8,svm,1,0.921875
synthetic_pilot,cv5,100,8,svm,2,0.71875
synthetic_pilot,cv5,100,8,svm,3,0.84375
synthetic_pilot,cv5,100,8,svm,4,0.90625
synthetic_pilot,cv5,100,8,svm,5,0.421875
synthetic_pilot,cv5,100,8,rf,1,0.859375
synthetic_pilot,cv5,100,8,rf,2,0.859375
synthetic_pilot,cv5,100,8,rf,3,0.765625
synthetic_pilot,cv5,100,8,rf,4,0.90625
synthetic_pilot,cv5,100,8,rf,5,0.546875
synthetic_pilot,cv5,100,8,gb,1,0.734375
synthetic_pilot,cv5,100,8,gb,2,0.6875
synthetic_pilot,cv5,100,8,gb,3,0.703125
synthetic_pilot,cv5,100,8,gb,4,0.84375
synthetic_pilot,cv5,100,8,gb,5,0.5625
synthetic_pilot,cv5,100,9,logreg,1,0.90625
synthetic_pilot,cv5,100,9,logreg,2,0.90625
synthetic_pilot,cv5,100,9,logreg,3,0.671875
synthetic_pilot,cv5,100,9,logreg,4,0.734375
synthetic_pilot,cv5,100,9,logreg,5,0.796875
synthetic_pilot,cv5,100,9,knn,1,0.625
synthetic_pilot,cv5,100,9,knn,2,0.875
synthetic_pilot,cv5,100,9,knn,3,0.53125
synthetic_pilot,cv5,100,9,knn,4,0.71875
synthetic_pilot,cv5,100,9,knn,5,0.78125
synthetic_pilot,cv5,100,9,dtree,1,0.5390625
synthetic_pilot,cv5,100,9,dtree,2,0.5546875
synthetic_pilot,cv5,100,9,dtree,3,0.65625
synthetic_pilot,cv5,100,9,dtree,4,0.6015625
synthetic_pilot,cv5,100,9,dtree,5,0.6328125
synthetic_pilot,cv5,100,9,svm,1,0.9375
synthetic_pilot,cv5,100,9,svm,2,0.953125
synthetic_pilot,cv5,100,9,svm,3,0.734375
synthetic_pilot,cv5,100,9,svm,4,0.703125
synthetic_pilot,cv5,100,9,svm,5,0.75
synthetic_pilot,cv5,100,9,rf,1,0.84375
synthetic_pilot,cv5,100,9,rf,2,0.7265625
synthetic_pilot,cv5,100,9,rf,3,0.59375
synthetic_pilot,cv5,100,9,rf,4,0.8046875
synthetic_pilot,cv5,100,9,rf,5,0.84375
synthetic_pilot,cv5,100,9,gb,1,0.71875
synthetic_pilot,cv5,100,9,gb,2,0.75
synthetic_pilot,cv5,100,9,gb,3,0.5625
synthetic_pilot,cv5,100,9,gb,4,0.5625
synthetic_pilot,cv5,100,9,gb,5,0.703125
synthetic_pilot,cv5,100,10,logreg,1,0.75
synthetic_pilot,cv5,100,10,logreg,2,0.5625
synthetic_pilot,cv5,100,10,logreg,3,0.390625
synthetic_pilot,cv5,100,10,logreg,4,0.90625
synthetic_pilot,cv5,100,10,logreg,5,0.796875
synthetic_pilot,cv5,100,10,knn,1,0.8125
synthetic_pilot,cv5,100,10,knn,2,0.6328125
synthetic_pilot,cv5,100,10,knn,3,0.484375
synthetic_pilot,cv5,100,10,knn,4,0.734375
synthetic_pilot,cv5,100,10,knn,5,0.796875
synthetic_pilot,cv5,100,10,dtree,1,0.8828125
synthetic_pilot,cv5,100,10,dtree,2,0.71875
synthetic_pilot,cv5,100,10,dtree,3,0.4453125
synthetic_pilot,cv5,100,10,dtree,4,0.59375
synthetic_pilot,cv5,100,10,dtree,5,0.8515625
synthetic_pilot,cv5,100,10,svm,1,0.875
synthetic_pilot,cv5,100,10,svm,2,0.75
synthetic_pilot,cv5,100,10,svm,3,0.609375
synthetic_pilot,cv5,100,10,svm,4,0.875
synthetic_pilot,cv5,100,10,svm,5,0.84375
synthetic_pilot,cv5,100,10,rf,1,0.96875
synthetic_pilot,cv5,100,10,rf,2,0.7734375
synthetic_pilot,cv5,100,10,rf,3,0.3671875
synthetic_pilot,cv5,100,10,rf,4,0.640625
synthetic_pilot,cv5,100,10,rf,5,0.6796875
synthetic_pilot,cv5,100,10,gb,1,0.8125
synthetic_pilot,cv5,100,10,gb,2,0.46875
synthetic_pilot,cv5,100,10,gb,3,0.53125
synthetic_pilot,cv5,100,10,gb,4,0.53125
synthetic_pilot,cv5,100,10,gb,5,0.734375
synthetic_pilot,cv5,100,11,logreg,1,0.6875
synthetic_pilot,cv5,100,11,logreg,2,0.75
synthetic_pilot,cv5,100,11,logreg,3,0.4375
synthetic_pilot,cv5,100,11,logreg,4,0.671875
synthetic_pilot,cv5,100,11,logreg,5,0.703125
synthetic_pilot,cv5,100,11,knn,1,0.8125
synthetic_pilot,cv5,100,11,knn,2,0.515625
synthetic_pilot,cv5,100,11,knn,3,0.5625
synthetic_pilot,cv5,100,11,knn,4,0.5546875
synthetic_pilot,cv5,100,11,knn,5,0.6875
synthetic_pilot,cv5,100,11,dtree,1,0.375
synthetic_pilot,cv5,100,11,dtree,2,0.6875
synthetic_pilot,cv5,100,11,dtree,3,0.5703125
synthetic_pilot,cv5,100,11,dtree,4,0.5
synthetic_pilot,cv5,100,11,dtree,5,0.8125
synthetic_pilot,cv5,100,11,svm,1,0.796875
synthetic_pilot,cv5,100,11,svm,2,0.75
synthetic_pilot,cv5,100,11,svm,3,0.46875
synthetic_pilot,cv5,100,11,svm,4,0.5
synthetic_pilot,cv5,100,11,svm,5,0.6875
synthetic_pilot,cv5,100,11,rf,1,0.71875
synthetic_pilot,cv5,100,11,rf,2,0.90625
synthetic_pilot,cv5,100,11,rf,3,0.59375
synthetic_pilot,cv5,100,11,rf,4,0.609375
synthetic_pilot,cv5,100,11,rf,5,0.765625
synthetic_pilot,cv5,100,11,gb,1,0.828125
synthetic_pilot,cv5,100,11,gb,2,0.78125
synthetic_pilot,cv5,100,11,gb,3,0.75
synthetic_pilot,cv5,100,11,gb,4,0.453125
synthetic_pilot,cv5,100,11,gb,5,0.65625
synthetic_pilot,cv5,100,12,logreg,1,0.5625
synthetic_pilot,cv5,100,12,logreg,2,0.734375
synthetic_pilot,cv5,100,12,logreg,3,0.796875
synthetic_pilot,cv5,100,12,logreg,4,0.828125
synthetic_pilot,cv5,100,12,logreg,5,0.734375
synthetic_pilot,cv5,100,12,knn,1,0.5859375
synthetic_pilot,cv5,100,12,knn,2,0.765625
synthetic_pilot,cv5,100,12,knn,3,0.7578125
synthetic_pilot,cv5,100,12,knn,4,0.6953125
synthetic_pilot,cv5,100,12,knn,5,0.5625
synthetic_pilot,cv5,100,12,dtree,1,0.5625
synthetic_pilot,cv5,100,12,dtree,2,0.4453125
synthetic_pilot,cv5,100,12,dtree,3,0.734375
synthetic_pilot,cv5,100,12,dtree,4,0.6015625
synthetic_pilot,cv5,100,12,dtree,5,0.46875
synthetic_pilot,cv5,100,12,svm,1,0.671875
synthetic_pilot,cv5,100,12,svm,2,0.859375
synthetic_pilot,cv5,100,12,svm,3,0.828125
synthetic_pilot,cv5,100,12,svm,4,0.828125
synthetic_pilot,cv5,100,12,svm,5,0.875
synthetic_pilot,cv5,100,12,rf,1,0.609375
synthetic_pilot,cv5,100,12,rf,2,0.890625
synthetic_pilot,cv5,100,12,rf,3,0.8984375
synthetic_pilot,cv5,100,12,rf,4,0.921875
synthetic_pilot,cv5,100,12,rf,5,0.7421875
synthetic_pilot,cv5,100,12,gb,1,0.6875
synthetic_pilot,cv5,100,12,gb,2,0.75
synthetic_pilot,cv5,100,12,gb,3,0.828125
synthetic_pilot,cv5,100,12,gb,4,0.78125
synthetic_pilot,cv5,100,12,gb,5,0.5
synthetic_pilot,cv5,100,13,logreg,1,0.765625
synthetic_pilot,cv5,100,13,logreg,2,0.921875
synthetic_pilot,cv5,100,13,logreg,3,0.953125
synthetic_pilot,cv5,100,13,logreg,4,0.65625
synthetic_pilot,cv5,100,13,logreg,5,0.90625
synthetic_pilot,cv5,100,13,knn,1,0.6875
synthetic_pilot,cv5,100,13,knn,2,0.6875
synthetic_pilot,cv5,100,13,knn,3,0.7578125
synthetic_pilot,cv5,100,13,knn,4,0.75
synthetic_pilot,cv5,100,13,knn,5,0.6875
synthetic_pilot,cv5,100,13,dtree,1,0.40625
synthetic_pilot,cv5,100,13,dtree,2,0.5625
synthetic_pilot,cv5,100,13,dtree,3,0.8359375
synthetic_pilot,cv5,100,13,dtree,4,0.5625
synthetic_pilot,cv5,100,13,dtree,5,0.609375
synthetic_pilot,cv5,100,13,svm,1,0.765625
synthetic_pilot,cv5,100,13,svm,2,0.984375
synthetic_pilot,cv5,100,13,svm,3,0.84375
synthetic_pilot,cv5,100,13,svm,4,0.890625
synthetic_pilot,cv5,100,13,svm,5,0.921875
synthetic_pilot,cv5,100,13,rf,1,0.59375
synthetic_pilot,cv5,100,13,rf,2,0.8125
synthetic_pilot,cv5,100,13,rf,3,0.8359375
synthetic_pilot,cv5,100,13,rf,4,0.484375
synthetic_pilot,cv5,100,13,rf,5,0.8125
synthetic_pilot,cv5,100,13,gb,1,0.859375
synthetic_pilot,cv5,100,13,gb,2,0.828125
synthetic_pilot,cv5,100,13,gb,3,0.921875
synthetic_pilot,cv5,100,13,gb,4,0.546875
synthetic_pilot,cv5,100,13,gb,5,0.890625
synthetic_pilot,cv5,100,14,logreg,1,0.65625
synthetic_pilot,cv5,100,14,logreg,2,0.671875
synthetic_pilot,cv5,100,14,logreg,3,0.921875
synthetic_pilot,cv5,100,14,logreg,4,0.828125
synthetic_pilot,cv5,100,14,logreg,5,0.71875
synthetic_pilot,cv5,100,14,knn,1,0.6171875
synthetic_pilot,cv5,100,14,knn,2,0.3828125
synthetic_pilot,cv5,100,14,knn,3,0.3125
synthetic_pilot,cv5,100,14,knn,4,0.671875
synthetic_pilot,cv5,100,14,knn,5,0.546875
synthetic_pilot,cv5,100,14,dtree,1,0.53125
synthetic_pilot,cv5,100,14,dtree,2,0.5
synthetic_pilot,cv5,100,14,dtree,3,0.5546875
synthetic_pilot,cv5,100,14,dtree,4,0.59375
synthetic_pilot,cv5,100,14,dtree,5,0.71875
synthetic_pilot,cv5,100,14,svm,1,0.609375
synthetic_pilot,cv5,100,14,svm,2,0.671875
synthetic_pilot,cv5,100,14,svm,3,0.765625
synthetic_pilot,cv5,100,14,svm,4,0.828125
synthetic_pilot,cv5,100,14,svm,5,0.75
synthetic_pilot,cv5,100,14,rf,1,0.75
synthetic_pilot,cv5,100,14,rf,2,0.6796875
synthetic_pilot,cv5,100,14,rf,3,0.6953125
synthetic_pilot,cv5,100,14,rf,4,0.59375
synthetic_pilot,cv5,100,14,rf,5,0.734375
synthetic_pilot,cv5,100,14,gb,1,0.640625
synthetic_pilot,cv5,100,14,gb,2,0.515625
synthetic_pilot,cv5,100,14,gb,3,0.828125
synthetic_pilot,cv5,100,14,gb,4,0.6875
synthetic_pilot,cv5,100,14,gb,5,0.75
synthetic_pilot,cv5,100,15,logreg,1,0.765625
synthetic_pilot,cv5,100,15,logreg,2,0.75
synthetic_pilot,cv5,100,15,logreg,3,0.84375
synthetic_pilot,cv5,100,15,logreg,4,0.59375
synthetic_pilot,cv5,100,15,logreg,5,0.6875
synthetic_pilot,cv5,100,15,knn,1,0.5
synthetic_pilot,cv5,100,15,knn,2,0.6484375
synthetic_pilot,cv5,100,15,knn,3,0.7578125
synthetic_pilot,cv5,100,15,knn,4,0.6640625
synthetic_pilot,cv5,100,15,knn,5,0.546875
synthetic_pilot,cv5,100,15,dtree,1,0.5625
synthetic_pilot,cv5,100,15,dtree,2,0.375
synthetic_pilot,cv5,100,15,dtree,3,0.65625
synthetic_pilot,cv5,100,15,dtree,4,0.6328125
synthetic_pilot,cv5,100,15,dtree,5,0.5703125
synthetic_pilot,cv5,100,15,svm,1,0.6875
synthetic_pilot,cv5,100,15,svm,2,0.828125
synthetic_pilot,cv5,100,15,svm,3,0.890625
synthetic_pilot,cv5,100,15,svm,4,0.609375
synthetic_pilot,cv5,100,15,svm,5,0.71875
synthetic_pilot,cv5,100,15,rf,1,0.671875
synthetic_pilot,cv5,100,15,rf,2,0.6328125
synthetic_pilot,cv5,100,15,rf,3,0.6875
synthetic_pilot,cv5,100,15,rf,4,0.6015625
synthetic_pilot,cv5,100,15,rf,5,0.625
synthetic_pilot,cv5,100,15,gb,1,0.75
synthetic_pilot,cv5,100,15,gb,2,0.875
synthetic_pilot,cv5,100,15,gb,3,0.703125
synthetic_pilot,cv5,100,15,gb,4,0.765625
synthetic_pilot,cv5,100,15,gb,5,0.5625
synthetic_pilot,cv5,100,16,logreg,1,0.71875
synthetic_pilot,cv5,100,16,logreg,2,0.796875
synthetic_pilot,cv5,100,16,logreg,3,0.703125
synthetic_pilot,cv5,100,16,logreg,4,0.875
synthetic_pilot,cv5,100,16,logreg,5,0.875
synthetic_pilot,cv5,100,16,knn,1,0.671875
synthetic_pilot,cv5,100,16,knn,2,0.5625
synthetic_pilot,cv5,100,16,knn,3,0.7421875
synthetic_pilot,cv5,100,16,knn,4,0.8203125
synthetic_pilot,cv5,100,16,knn,5,0.8046875
synthetic_pilot,cv5,100,16,dtree,1,0.7734375
synthetic_pilot,cv5,100,16,dtree,2,0.71875
synthetic_pilot,cv5,100,16,dtree,3,0.71875
synthetic_pilot,cv5,100,16,dtree,4,0.8359375
synthetic_pilot,cv5,100,16,dtree,5,0.796875
synthetic_pilot,cv5,100,16,svm,1,0.8125
synthetic_pilot,cv5,100,16,svm,2,0.609375
synthetic_pilot,cv5,100,16,svm,3,0.75
synthetic_pilot,cv5,100,16,svm,4,0.828125
synthetic_pilot,cv5,100,16,svm,5,0.8125
synthetic_pilot,cv5,100,16,rf,1,0.8828125
synthetic_pilot,cv5,100,16,rf,2,0.6328125
synthetic_pilot,cv5,100,16,rf,3,0.5703125
synthetic_pilot,cv5,100,16,rf,4,0.90625
synthetic_pilot,cv5,100,16,rf,5,0.8203125
synthetic_pilot,cv5,100,16,gb,1,0.59375
synthetic_pilot,cv5,100,16,gb,2,0.65625
synthetic_pilot,cv5,100,16,gb,3,0.546875
synthetic_pilot,cv5,100,16,gb,4,0.90625
synthetic_pilot,cv5,100,16,gb,5,0.5625
synthetic_pilot,cv5,100,17,logreg,1,0.59375
synthetic_pilot,cv5,100,17,logreg,2,0.828125
synthetic_pilot,cv5,100,17,logreg,3,0.578125
synthetic_pilot,cv5,100,17,logreg,4,0.84375
synthetic_pilot,cv5,100,17,logreg,5,0.90625
synthetic_pilot,cv5,100,17,knn,1,0.6171875
synthetic_pilot,cv5,100,17,knn,2,0.609375
synthetic_pilot,cv5,100,17,knn,3,0.546875
synthetic_pilot,cv5,100,17,knn,4,0.4296875
synthetic_pilot,cv5,100,17,knn,5,0.46875
synthetic_pilot,cv5,100,17,dtree,1,0.546875
synthetic_pilot,cv5,100,17,dtree,2,0.609375
synthetic_pilot,cv5,100,17,dtree,3,0.9140625
synthetic_pilot,cv5,100,17,dtree,4,0.703125
synthetic_pilot,cv5,100,17,dtree,5,0.296875
synthetic_pilot,cv5,100,17,svm,1,0.5625
synthetic_pilot,cv5,100,17,svm,2,0.734375
synthetic_pilot,cv5,100,17,svm,3,0.703125
synthetic_pilot,cv5,100,17,svm,4,0.640625
synthetic_pilot,cv5,100,17,svm,5,0.125
synthetic_pilot,cv5,100,17,rf,1,0.609375
synthetic_pilot,cv5,100,17,rf,2,0.765625
synthetic_pilot,cv5,100,17,rf,3,0.796875
synthetic_pilot,cv5,100,17,rf,4,0.6171875
synthetic_pilot,cv5,100,17,rf,5,0.7265625
synthetic_pilot,cv5,100,17,gb,1,0.5
synthetic_pilot,cv5,100,17,gb,2,0.71875
synthetic_pilot,cv5,100,17,gb,3,0.59375
synthetic_pilot,cv5,100,17,gb,4,0.65625
synthetic_pilot,cv5,100,17,gb,5,0.859375
synthetic_pilot,cv5,100,18,logreg,1,0.765625
synthetic_pilot,cv5,100,18,logreg,2,0.828125
synthetic_pilot,cv5,100,18,logreg,3,0.921875
synthetic_pilot,cv5,100,18,logreg,4,0.859375
synthetic_pilot,cv5,100,18,logreg,5,0.546875
synthetic_pilot,cv5,100,18,knn,1,0.75
synthetic_pilot,cv5,100,18,knn,2,0.765625
synthetic_pilot,cv5,100,18,knn,3,0.8515625
synthetic_pilot,cv5,100,18,knn,4,0.90625
synthetic_pilot,cv5,100,18,knn,5,0.796875
synthetic_pilot,cv5,100,18,dtree,1,0.71875
synthetic_pilot,cv5,100,18,dtree,2,0.5625
synthetic_pilot,cv5,100,18,dtree,3,0.6875
synthetic_pilot,cv5,100,18,dtree,4,0.5
synthetic_pilot,cv5,100,18,dtree,5,0.46875
synthetic_pilot,cv5,100,18,svm,1,0.765625
synthetic_pilot,cv5,100,18,svm,2,0.65625
synthetic_pilot,cv5,100,18,svm,3,0.96875
synthetic_pilot,cv5,100,18,svm,4,0.828125
synthetic_pilot,cv5,100,18,svm,5,0.6875
synthetic_pilot,cv5,100,18,rf,1,0.7421875
synthetic_pilot,cv5,100,18,rf,2,0.875
synthetic_pilot,cv5,100,18,rf,3,0.765625
synthetic_pilot,cv5,100,18,rf,4,0.796875
synthetic_pilot,cv5,100,18,rf,5,0.484375
synthetic_pilot,cv5,100,18,gb,1,0.703125
synthetic_pilot,cv5,100,18,gb,2,0.765625
synthetic_pilot,cv5,100,18,gb,3,0.875
synthetic_pilot,cv5,100,18,gb,4,0.890625
synthetic_pilot,cv5,100,18,gb,5,0.515625
synthetic_pilot,cv5,100,19,logreg,1,0.9375
synthetic_pilot,cv5,100,19,logreg,2,0.640625
synthetic_pilot,cv5,100,19,logreg,3,0.890625
synthetic_pilot,cv5,100,19,logreg,4,0.828125
synthetic_pilot,cv5,100,19,logreg,5,0.875
synthetic_pilot,cv5,100,19,knn,1,0.703125
synthetic_pilot,cv5,100,19,knn,2,0.546875
synthetic_pilot,cv5,100,19,knn,3,0.6640625
synthetic_pilot,cv5,100,19,knn,4,0.6640625
synthetic_pilot,cv5,100,19,knn,5,0.671875
synthetic_pilot,cv5,100,19,dtree,1,0.40625
synthetic_pilot,cv5,100,19,dtree,2,0.484375
synthetic_pilot,cv5,100,19,dtree,3,0.7421875
synthetic_pilot,cv5,100,19,dtree,4,0.5625
synthetic_pilot,cv5,100,19,dtree,5,0.6484375
synthetic_pilot,cv5,100,19,svm,1,0.875
synthetic_pilot,cv5,100,19,svm,2,0.578125
synthetic_pilot,cv5,100,19,svm,3,0.890625
synthetic_pilot,cv5,100,19,svm,4,0.875
synthetic_pilot,cv5,100,19,svm,5,1.0
synthetic_pilot,cv5,100,19,rf,1,0.8046875
synthetic_pilot,cv5,100,19,rf,2,0.3671875
synthetic_pilot,cv5,100,19,rf,3,0.84375
synthetic_pilot,cv5,100,19,rf,4,0.78125
synthetic_pilot,cv5,100,19,rf,5,0.84375
synthetic_pilot,cv5,100,19,gb,1,0.8125
synthetic_pilot,cv5,100,19,gb,2,0.578125
synthetic_pilot,cv5,100,19,gb,3,0.734375
synthetic_pilot,cv5,100,19,gb,4,0.859375
synthetic_pilot,cv5,100,19,gb,5,0.640625
synthetic_pilot,cv5,100,20,logreg,1,0.8125
synthetic_pilot,cv5,100,20,logreg,2,0.625
synthetic_pilot,cv5,100,20,logreg,3,0.828125
synthetic_pilot,cv5,100,20,logreg,4,0.734375
synthetic_pilot,cv5,100,20,logreg,5,0.75
synthetic_pilot,cv5,100,20,knn,1,0.5546875
synthetic_pilot,cv5,100,20,knn,2,0.609375
synthetic_pilot,cv5,100,20,knn,3,0.6640625
synthetic_pilot,cv5,100,20,knn,4,0.8984375
synthetic_pilot,cv5,100,20,knn,5,0.6484375
synthetic_pilot,cv5,100,20,dtree,1,0.59375
synthetic_pilot,cv5,100,20,dtree,2,0.7421875
synthetic_pilot,cv5,100,20,dtree,3,0.6328125
synthetic_pilot,cv5,100,20,dtree,4,0.921875
synthetic_pilot,cv5,100,20,dtree,5,0.46875
synthetic_pilot,cv5,100,20,svm,1,0.75
synthetic_pilot,cv5,100,20,svm,2,0.609375
synthetic_pilot,cv5,100,20,svm,3,0.765625
synthetic_pilot,cv5,100,20,svm,4,0.828125
synthetic_pilot,cv5,100,20,svm,5,0.78125
synthetic_pilot,cv5,100,20,rf,1,0.6484375
synthetic_pilot,cv5,100,20,rf,2,0.5390625
synthetic_pilot,cv5,100,20,rf,3,0.6953125
synthetic_pilot,cv5,100,20,rf,4,0.859375
synthetic_pilot,cv5,100,20,rf,5,0.640625
synthetic_pilot,cv5,100,20,gb,1,0.546875
synthetic_pilot,cv5,100,20,gb,2,0.609375
synthetic_pilot,cv5,100,20,gb,3,0.703125
synthetic_pilot,cv5,100,20,gb,4,0.796875
synthetic_pilot,cv5,100,20,gb,5,0.671875
synthetic_pilot,cv5,100,21,logreg,1,0.609375
synthetic_pilot,cv5,100,21,logreg,2,0.765625
synthetic_pilot,cv5,100,21,logreg,3,0.96875
synthetic_pilot,cv5,100,21,logreg,4,0.71875
synthetic_pilot,cv5,100,21,logreg,5,0.640625
synthetic_pilot,cv5,100,21,knn,1,0.703125
synthetic_pilot,cv5,100,21,knn,2,0.4609375
synthetic_pilot,cv5,100,21,knn,3,0.703125
synthetic_pilot,cv5,100,21,knn,4,0.59375
synthetic_pilot,cv5,100,21,knn,5,0.65625
synthetic_pilot,cv5,100,21,dtree,1,0.53125
synthetic_pilot,cv5,100,21,dtree,2,0.6015625
synthetic_pilot,cv5,100,21,dtree,3,0.8046875
synthetic_pilot,cv5,100,21,dtree,4,0.890625
synthetic_pilot,cv5,100,21,dtree,5,0.46875
synthetic_pilot,cv5,100,21,svm,1,0.703125
synthetic_pilot,cv5,100,21,svm,2,0.796875
synthetic_pilot,cv5,100,21,svm,3,0.75
synthetic_pilot,cv5,100,21,svm,4,0.734375
synthetic_pilot,cv5,100,21,svm,5,0.5625
synthetic_pilot,cv5,100,21,rf,1,0.71875
synthetic_pilot,cv5,100,21,rf,2,0.640625
synthetic_pilot,cv5,100,21,rf,3,0.921875
synthetic_pilot,cv5,100,21,rf,4,0.75
synthetic_pilot,cv5,100,21,rf,5,0.65625
synthetic_pilot,cv5,100,21,gb,1,0.578125
synthetic_pilot,cv5,100,21,gb,2,0.875
synthetic_pilot,cv5,100,21,gb,3,0.859375
synthetic_pilot,cv5,100,21,gb,4,0.671875
synthetic_pilot,cv5,100,21,gb,5,0.828125
synthetic_pilot,cv5,100,22,logreg,1,0.84375
synthetic_pilot,cv5,100,22,logreg,2,0.734375
synthetic_pilot,cv5,100,22,logreg,3,0.75
synthetic_pilot,cv5,100,22,logreg,4,0.78125
synthetic_pilot,cv5,100,22,logreg,5,0.71875
synthetic_pilot,cv5,100,22,knn,1,0.578125
synthetic_pilot,cv5,100,22,knn,2,0.4375
synthetic_pilot,cv5,100,22,knn,3,0.6484375
synthetic_pilot,cv5,100,22,knn,4,0.515625
synthetic_pilot,cv5,100,22,knn,5,0.59375
synthetic_pilot,cv5,100,22,dtree,1,0.546875
synthetic_pilot,cv5,100,22,dtree,2,0.625
synthetic_pilot,cv5,100,22,dtree,3,0.53125
synthetic_pilot,cv5,100,22,dtree,4,0.4375
synthetic_pilot,cv5,100,22,dtree,5,0.46875
synthetic_pilot,cv5,100,22,svm,1,0.765625
synthetic_pilot,cv5,100,22,svm,2,0.703125
synthetic_pilot,cv5,100,22,svm,3,0.75
synthetic_pilot,cv5,100,22,svm,4,0.71875
synthetic_pilot,cv5,100,22,svm,5,0.84375
synthetic_pilot,cv5,100,22,rf,1,0.734375
synthetic_pilot,cv5,100,22,rf,2,0.578125
synthetic_pilot,cv5,100,22,rf,3,0.7421875
synthetic_pilot,cv5,100,22,rf,4,0.515625
synthetic_pilot,cv5,100,22,rf,5,0.671875
synthetic_pilot,cv5,100,22,gb,1,0.53125
synthetic_pilot,cv5,100,22,gb,2,0.453125
synthetic_pilot,cv5,100,22,gb,3,0.46875
synthetic_pilot,cv5,100,22,gb,4,0.46875
synthetic_pilot,cv5,100,22,gb,5,0.71875
synthetic_pilot,cv5,100,23,logreg,1,0.765625
synthetic_pilot,cv5,100,23,logreg,2,0.96875
synthetic_pilot,cv5,100,23,logreg,3,0.875
synthetic_pilot,cv5,100,23,logreg,4,0.96875
synthetic_pilot,cv5,100,23,logreg,5,0.65625
synthetic_pilot,cv5,100,23,knn,1,0.6171875
synthetic_pilot,cv5,100,23,knn,2,0.9453125
synthetic_pilot,cv5,100,23,knn,3,0.375
synthetic_pilot,cv5,100,23,knn,4,0.6875
synthetic_pilot,cv5,100,23,knn,5,0.5625
synthetic_pilot,cv5,100,23,dtree,1,0.65625
synthetic_pilot,cv5,100,23,dtree,2,0.71875
synthetic_pilot,cv5,100,23,dtree,3,0.609375
synthetic_pilot,cv5,100,23,dtree,4,0.640625
synthetic_pilot,cv5,100,23,dtree,5,0.609375
synthetic_pilot,cv5,100,23,svm,1,0.8125
synthetic_pilot,cv5,100,23,svm,2,0.765625
synthetic_pilot,cv5,100,23,svm,3,0.734375
synthetic_pilot,cv5,100,23,svm,4,0.921875
synthetic_pilot,cv5,100,23,svm,5,0.546875
synthetic_pilot,cv5,100,23,rf,1,0.734375
synthetic_pilot,cv5,100,23,rf,2,0.796875
synthetic_pilot,cv5,100,23,rf,3,0.625
synthetic_pilot,cv5,100,23,rf,4,0.859375
synthetic_pilot,cv5,100,23,rf,5,0.3671875
synthetic_pilot,cv5,100,23,gb,1,0.734375
synthetic_pilot,cv5,100,23,gb,2,0.921875
synthetic_pilot,cv5,100,23,gb,3,0.65625
synthetic_pilot,cv5,100,23,gb,4,0.90625
synthetic_pilot,cv5,100,23,gb,5,0.546875
synthetic_pilot,cv5,100,24,logreg,1,0.765625
synthetic_pilot,cv5,100,24,logreg,2,0.984375
synthetic_pilot,cv5,100,24,logreg,3,0.6875
synthetic_pilot,cv5,100,24,logreg,4,0.5625
synthetic_pilot,cv5,100,24,logreg,5,0.5625
synthetic_pilot,cv5,100,24,knn,1,0.71875
synthetic_pilot,cv5,100,24,knn,2,0.6640625
synthetic_pilot,cv5,100,24,knn,3,0.59375
synthetic_pilot,cv5,100,24,knn,4,0.78125
synthetic_pilot,cv5,100,24,knn,5,0.6796875
synthetic_pilot,cv5,100,24,dtree,1,0.46875
synthetic_pilot,cv5,100,24,dtree,2,0.625
synthetic_pilot,cv5,100,24,dtree,3,0.4375
synthetic_pilot,cv5,100,24,dtree,4,0.75
synthetic_pilot,cv5,100,24,dtree,5,0.59375
synthetic_pilot,cv5,100,24,svm,1,0.890625
synthetic_pilot,cv5,100,24,svm,2,0.78125
synthetic_pilot,cv5,100,24,svm,3,0.40625
synthetic_pilot,cv5,100,24,svm,4,0.75
synthetic_pilot,cv5,100,24,svm,5,0.828125
synthetic_pilot,cv5,100,24,rf,1,0.875
synthetic_pilot,cv5,100,24,rf,2,0.890625
synthetic_pilot,cv5,100,24,rf,3,0.5078125
synthetic_pilot,cv5,100,24,rf,4,0.921875
synthetic_pilot,cv5,100,24,rf,5,0.765625
synthetic_pilot,cv5,100,24,gb,1,0.84375
synthetic_pilot,cv5,100,24,gb,2,0.84375
synthetic_pilot,cv5,100,24,gb,3,0.53125
synthetic_pilot,cv5,100,24,gb,4,0.515625
synthetic_pilot,cv5,100,24,gb,5,0.5625
synthetic_pilot,cv5,100,25,logreg,1,0.625
synthetic_pilot,cv5,100,25,logreg,2,0.671875
synthetic_pilot,cv5,100,25,logreg,3,0.6875
synthetic_pilot,cv5,100,25,logreg,4,0.84375
synthetic_pilot,cv5,100,25,logreg,5,1.0
synthetic_pilot,cv5,100,25,knn,1,0.640625
synthetic_pilot,cv5,100,25,knn,2,0.46875
synthetic_pilot,cv5,100,25,knn,3,0.625
synthetic_pilot,cv5,100,25,knn,4,0.90625
synthetic_pilot,cv5,100,25,knn,5,0.8671875
synthetic_pilot,cv5,100,25,dtree,1,0.65625
synthetic_pilot,cv5,100,25,dtree,2,0.5703125
synthetic_pilot,cv5,100,25,dtree,3,0.53125
synthetic_pilot,cv5,100,25,dtree,4,0.65625
synthetic_pilot,cv5,100,25,dtree,5,0.59375
synthetic_pilot,cv5,100,25,svm,1,0.671875
synthetic_pilot,cv5,100,25,svm,2,0.5625
synthetic_pilot,cv5,100,25,svm,3,0.703125
synthetic_pilot,cv5,100,25,svm,4,0.890625
synthetic_pilot,cv5,100,25,svm,5,0.984375
synthetic_pilot,cv5,100,25,rf,1,0.53125
synthetic_pilot,cv5,100,25,rf,2,0.703125
synthetic_pilot,cv5,100,25,rf,3,0.515625
synthetic_pilot,cv5,100,25,rf,4,0.859375
synthetic_pilot,cv5,100,25,rf,5,0.796875
synthetic_pilot,cv5,100,25,gb,1,0.609375
synthetic_pilot,cv5,100,25,gb,2,0.828125
synthetic_pilot,cv5,100,25,gb,3,0.671875
synthetic_pilot,cv5,100,25,gb,4,0.65625
synthetic_pilot,cv5,100,25,gb,5,0.875
synthetic_pilot,cv5,100,26,logreg,1,0.90625
synthetic_pilot,cv5,100,26,logreg,2,0.75
synthetic_pilot,cv5,100,26,logreg,3,0.828125
synthetic_pilot,cv5,100,26,logreg,4,0.703125
synthetic_pilot,cv5,100,26,logreg,5,0.96875
synthetic_pilot,cv5,100,26,knn,1,0.8125
synthetic_pilot,cv5,100,26,knn,2,0.7734375
synthetic_pilot,cv5,100,26,knn,3,0.9609375
synthetic_pilot,cv5,100,26,knn,4,0.734375
synthetic_pilot,cv5,100,26,knn,5,0.7578125
synthetic_pilot,cv5,100,26,dtree,1,0.71875
synthetic_pilot,cv5,100,26,dtree,2,0.75
synthetic_pilot,cv5,100,26,dtree,3,0.59375
synthetic_pilot,cv5,100,26,dtree,4,0.71875
synthetic_pilot,cv5,100,26,dtree,5,0.65625
synthetic_pilot,cv5,100,26,svm,1,0.890625
synthetic_pilot,cv5,100,26,svm,2,0.6875
synthetic_pilot,cv5,100,26,svm,3,0.875
synthetic_pilot,cv5,100,26,svm,4,0.796875
synthetic_pilot,cv5,100,26,svm,5,0.859375
synthetic_pilot,cv5,100,26,rf,1,0.9296875
synthetic_pilot,cv5,100,26,rf,2,0.8046875
synthetic_pilot,cv5,100,26,rf,3,0.890625
synthetic_pilot,cv5,100,26,rf,4,0.7890625
synthetic_pilot,cv5,100,26,rf,5,0.8984375
synthetic_pilot,cv5,100,26,gb,1,0.953125
synthetic_pilot,cv5,100,26,gb,2,0.921875
synthetic_pilot,cv5,100,26,gb,3,0.734375
synthetic_pilot,cv5,100,26,gb,4,0.640625
synthetic_pilot,cv5,100,26,gb,5,0.921875
synthetic_pilot,cv5,100,27,logreg,1,0.890625
synthetic_pilot,cv5,100,27,logreg,2,0.96875
synthetic_pilot,cv5,100,27,logreg,3,0.765625
synthetic_pilot,cv5,100,27,logreg,4,0.625
synthetic_pilot,cv5,100,27,logreg,5,0.8125
synthetic_pilot,cv5,100,27,knn,1,0.8125
synthetic_pilot,cv5,100,27,knn,2,0.90625
synthetic_pilot,cv5,100,27,knn,3,0.9609375
synthetic_pilot,cv5,100,27,knn,4,0.6875
synthetic_pilot,cv5,100,27,knn,5,0.6484375
synthetic_pilot,cv5,100,27,dtree,1,0.71875
synthetic_pilot,cv5,100,27,dtree,2,0.625
synthetic_pilot,cv5,100,27,dtree,3,0.6875
synthetic_pilot,cv5,100,27,dtree,4,0.5625
synthetic_pilot,cv5,100,27,dtree,5,0.5625
synthetic_pilot,cv5,100,27,svm,1,0.78125
synthetic_pilot,cv5,100,27,svm,2,0.953125
synthetic_pilot,cv5,100,27,svm,3,0.859375
synthetic_pilot,cv5,100,27,svm,4,0.71875
synthetic_pilot,cv5,100,27,svm,5,0.953125
synthetic_pilot,cv5,100,27,rf,1,0.625
synthetic_pilot,cv5,100,27,rf,2,0.90625
synthetic_pilot,cv5,100,27,rf,3,0.7734375
synthetic_pilot,cv5,100,27,rf,4,0.5859375
synthetic_pilot,cv5,100,27,rf,5,0.9453125
synthetic_pilot,cv5,100,27,gb,1,0.71875
synthetic_pilot,cv5,100,27,gb,2,0.9375
synthetic_pilot,cv5,100,27,gb,3,0.796875
synthetic_pilot,cv5,100,27,gb,4,0.75
synthetic_pilot,cv5,100,27,gb,5,0.875
synthetic_pilot,cv5,100,28,logreg,1,0.875
synthetic_pilot,cv5,100,28,logreg,2,0.875
synthetic_pilot,cv5,100,28,logreg,3,0.625
synthetic_pilot,cv5,100,28,logreg,4,0.828125
synthetic_pilot,cv5,100,28,logreg,5,0.796875
synthetic_pilot,cv5,100,28,knn,1,0.828125
synthetic_pilot,cv5,100,28,knn,2,0.9375
synthetic_pilot,cv5,100,28,knn,3,0.5625
synthetic_pilot,cv5,100,28,knn,4,0.6171875
synthetic_pilot,cv5,100,28,knn,5,0.84375
synthetic_pilot,cv5,100,28,dtree,1,0.8359375
synthetic_pilot,cv5,100,28,dtree,2,0.78125
synthetic_pilot,cv5,100,28,dtree,3,0.5625
synthetic_pilot,cv5,100,28,dtree,4,0.53125
synthetic_pilot,cv5,100,28,dtree,5,0.65625
synthetic_pilot,cv5,100,28,svm,1,0.90625
synthetic_pilot,cv5,100,28,svm,2,1.0
synthetic_pilot,cv5,100,28,svm,3,0.5
synthetic_pilot,cv5,100,28,svm,4,0.78125
synthetic_pilot,cv5,100,28,svm,5,0.796875
synthetic_pilot,cv5,100,28,rf,1,0.9375
synthetic_pilot,cv5,100,28,rf,2,0.984375
synthetic_pilot,cv5,100,28,rf,3,0.5234375
synthetic_pilot,cv5,100,28,rf,4,0.7421875
synthetic_pilot,cv5,100,28,rf,5,0.8203125
synthetic_pilot,cv5,100,28,gb,1,0.828125
synthetic_pilot,cv5,100,28,gb,2,0.65625
synthetic_pilot,cv5,100,28,gb,3,0.734375
synthetic_pilot,cv5,100,28,gb,4,0.75
synthetic_pilot,cv5,100,28,gb,5,0.921875
synthetic_pilot,cv5,100,29,logreg,1,0.890625
synthetic_pilot,cv5,100,29,logreg,2,0.5625
synthetic_pilot,cv5,100,29,logreg,3,0.484375
synthetic_pilot,cv5,100,29,logreg,4,0.796875
synthetic_pilot,cv5,100,29,logreg,5,0.796875
synthetic_pilot,cv5,100,29,knn,1,0.6640625
synthetic_pilot,cv5,100,29,knn,2,0.3125
synthetic_pilot,cv5,100,29,knn,3,0.3515625
synthetic_pilot,cv5,100,29,knn,4,0.5703125
synthetic_pilot,cv5,100,29,knn,5,0.65625
synthetic_pilot,cv5,100,29,dtree,1,0.5625
synthetic_pilot,cv5,100,29,dtree,2,0.3984375
synthetic_pilot,cv5,100,29,dtree,3,0.46875
synthetic_pilot,cv5,100,29,dtree,4,0.78125
synthetic_pilot,cv5,100,29,dtree,5,0.6875
synthetic_pilot,cv5,100,29,svm,1,0.8125
synthetic_pilot,cv5,100,29,svm,2,0.28125
synthetic_pilot,cv5,100,29,svm,3,0.640625
synthetic_pilot,cv5,100,29,svm,4,0.75
synthetic_pilot,cv5,100,29,svm,5,0.78125
synthetic_pilot,cv5,100,29,rf,1,0.8203125
synthetic_pilot,cv5,100,29,rf,2,0.3125
synthetic_pilot,cv5,100,29,rf,3,0.546875
synthetic_pilot,cv5,100,29,rf,4,0.8515625
synthetic_pilot,cv5,100,29,rf,5,0.71875
synthetic_pilot,cv5,100,29,gb,1,0.953125
synthetic_pilot,cv5,100,29,gb,2,0.515625
synthetic_pilot,cv5,100,29,gb,3,0.3125
synthetic_pilot,cv5,100,29,gb,4,0.8125
synthetic_pilot,cv5,100,29,gb,5,0.828125
synthetic_pilot,cv5,100,30,logreg,1,0.6875
synthetic_pilot,cv5,100,30,logreg,2,0.90625
synthetic_pilot,cv5,100,30,logreg,3,0.875
synthetic_pilot,cv5,100,30,logreg,4,0.84375
synthetic_pilot,cv5,100,30,logreg,5,0.796875
synthetic_pilot,cv5,100,30,knn,1,0.78125
synthetic_pilot,cv5,100,30,knn,2,0.890625
synthetic_pilot,cv5,100,30,knn,3,0.7890625
synthetic_pilot,cv5,100,30,knn,4,0.6796875
synthetic_pilot,cv5,100,30,knn,5,0.890625
synthetic_pilot,cv5,100,30,dtree,1,0.5625
synthetic_pilot,cv5,100,30,dtree,2,0.84375
synthetic_pilot,cv5,100,30,dtree,3,0.78125
synthetic_pilot,cv5,100,30,dtree,4,0.625
synthetic_pilot,cv5,100,30,dtree,5,0.75
synthetic_pilot,cv5,100,30,svm,1,0.875
synthetic_pilot,cv5,100,30,svm,2,0.890625
synthetic_pilot,cv5,100,30,svm,3,0.875
synthetic_pilot,cv5,100,30,svm,4,0.78125
synthetic_pilot,cv5,100,30,svm,5,0.90625
synthetic_pilot,cv5,100,30,rf,1,0.765625
synthetic_pilot,cv5,100,30,rf,2,0.953125
synthetic_pilot,cv5,100,30,rf,3,0.8984375
synthetic_pilot,cv5,100,30,rf,4,0.875
synthetic_pilot,cv5,100,30,rf,5,0.8125
synthetic_pilot,cv5,100,30,gb,1,0.71875
synthetic_pilot,cv5,100,30,gb,2,0.90625
synthetic_pilot,cv5,100,30,gb,3,0.734375
synthetic_pilot,cv5,100,30,gb,4,0.8125
synthetic_pilot,cv5,100,30,gb,5,0.890625
synthetic_pilot,cv5,100,31,logreg,1,0.828125
synthetic_pilot,cv5,100,31,logreg,2,0.671875
synthetic_pilot,cv5,100,31,logreg,3,0.796875
synthetic_pilot,cv5,100,31,logreg,4,0.859375
synthetic_pilot,cv5,100,31,logreg,5,0.75
synthetic_pilot,cv5,100,31,knn,1,0.859375
synthetic_pilot,cv5,100,31,knn,2,0.640625
synthetic_pilot,cv5,100,31,knn,3,0.9453125
synthetic_pilot,cv5,100,31,knn,4,0.6796875
synthetic_pilot,cv5,100,31,knn,5,0.8203125
synthetic_pilot,cv5,100,31,dtree,1,0.625
synthetic_pilot,cv5,100,31,dtree,2,0.65625
synthetic_pilot,cv5,100,31,dtree,3,0.59375
synthetic_pilot,cv5,100,31,dtree,4,0.6875
synthetic_pilot,cv5,100,31,dtree,5,0.671875
synthetic_pilot,cv5,100,31,svm,1,0.9375
synthetic_pilot,cv5,100,31,svm,2,0.703125
synthetic_pilot,cv5,100,31,svm,3,0.78125
synthetic_pilot,cv5,100,31,svm,4,0.859375
synthetic_pilot,cv5,100,31,svm,5,0.765625
synthetic_pilot,cv5,100,31,rf,1,0.75
synthetic_pilot,cv5,100,31,rf,2,0.859375
synthetic_pilot,cv5,100,31,rf,3,0.734375
synthetic_pilot,cv5,100,31,rf,4,0.859375
synthetic_pilot,cv5,100,31,rf,5,0.78125
synthetic_pilot,cv5,100,31,gb,1,0.84375
synthetic_pilot,cv5,100,31,gb,2,0.8125
synthetic_pilot,cv5,100,31,gb,3,0.78125
synthetic_pilot,cv5,100,31,gb,4,0.8125
synthetic_pilot,cv5,100,31,gb,5,0.828125
synthetic_pilot,cv5,100,32,logreg,1,0.84375
synthetic_pilot,cv5,100,32,logreg,2,0.578125
synthetic_pilot,cv5,100,32,logreg,3,0.515625
synthetic_pilot,cv5,100,32,logreg,4,0.90625
synthetic_pilot,cv5,100,32,logreg,5,0.640625
synthetic_pilot,cv5,100,32,knn,1,0.578125
synthetic_pilot,cv5,100,32,knn,2,0.734375
synthetic_pilot,cv5,100,32,knn,3,0.5625
synthetic_pilot,cv5,100,32,knn,4,0.703125
synthetic_pilot,cv5,100,32,knn,5,0.84375
synthetic_pilot,cv5,100,32,dtree,1,0.65625
synthetic_pilot,cv5,100,32,dtree,2,0.578125
synthetic_pilot,cv5,100,32,dtree,3,0.4453125
synthetic_pilot,cv5,100,32,dtree,4,0.6015625
synthetic_pilot,cv5,100,32,dtree,5,0.65625
synthetic_pilot,cv5,100,32,svm,1,0.75
synthetic_pilot,cv5,100,32,svm,2,0.671875
synthetic_pilot,cv5,100,32,svm,3,0.46875
synthetic_pilot,cv5,100,32,svm,4,0.734375
synthetic_pilot,cv5,100,32,svm,5,0.828125
synthetic_pilot,cv5,100,32,rf,1,0.734375
synthetic_pilot,cv5,100,32,rf,2,0.8984375
synthetic_pilot,cv5,100,32,rf,3,0.578125
synthetic_pilot,cv5,100,32,rf,4,0.5625
synthetic_pilot,cv5,100,32,rf,5,0.734375
synthetic_pilot,cv5,100,32,gb,1,0.71875
synthetic_pilot,cv5,100,32,gb,2,0.578125
synthetic_pilot,cv5,100,32,gb,3,0.75
synthetic_pilot,cv5,100,32,gb,4,0.703125
synthetic_pilot,cv5,100,32,gb,5,0.4375
synthetic_pilot,cv5,100,33,logreg,1,0.75
synthetic_pilot,cv5,100,33,logreg,2,0.75
synthetic_pilot,cv5,100,33,logreg,3,0.671875
synthetic_pilot,cv5,100,33,logreg,4,0.90625
synthetic_pilot,cv5,100,33,logreg,5,0.875
synthetic_pilot,cv5,100,33,knn,1,0.640625
synthetic_pilot,cv5,100,33,knn,2,0.546875
synthetic_pilot,cv5,100,33,knn,3,0.7734375
synthetic_pilot,cv5,100,33,knn,4,0.515625
synthetic_pilot,cv5,100,33,knn,5,0.90625
synthetic_pilot,cv5,100,33,dtree,1,0.5625
synthetic_pilot,cv5,100,33,dtree,2,0.8359375
synthetic_pilot,cv5,100,33,dtree,3,0.5625
synthetic_pilot,cv5,100,33,dtree,4,0.625
synthetic_pilot,cv5,100,33,dtree,5,0.8125
synthetic_pilot,cv5,100,33,svm,1,0.796875
synthetic_pilot,cv5,100,33,svm,2,0.8125
synthetic_pilot,cv5,100,33,svm,3,0.765625
synthetic_pilot,cv5,100,33,svm,4,0.75
synthetic_pilot,cv5,100,33,svm,5,0.921875
synthetic_pilot,cv5,100,33,rf,1,0.90625
synthetic_pilot,cv5,100,33,rf,2,0.953125
synthetic_pilot,cv5,100,33,rf,3,0.75
synthetic_pilot,cv5,100,33,rf,4,0.75
synthetic_pilot,cv5,100,33,rf,5,0.953125
synthetic_pilot,cv5,100,33,gb,1,0.625
synthetic_pilot,cv5,100,33,gb,2,0.8125
synthetic_pilot,cv5,100,33,gb,3,0.640625
synthetic_pilot,cv5,100,33,gb,4,0.609375
synthetic_pilot,cv5,100,33,gb,5,0.75
synthetic_pilot,cv5,100,34,logreg,1,0.8125
synthetic_pilot,cv5,100,34,logreg,2,0.8125
synthetic_pilot,cv5,100,34,logreg,3,0.703125
synthetic_pilot,cv5,100,34,logreg,4,0.84375
synthetic_pilot,cv5,100,34,logreg,5,0.703125
synthetic_pilot,cv5,100,34,knn,1,0.953125
synthetic_pilot,cv5,100,34,knn,2,0.8125
synthetic_pilot,cv5,100,34,knn,3,0.5234375
synthetic_pilot,cv5,100,34,knn,4,0.84375
synthetic_pilot,cv5,100,34,knn,5,0.7265625
synthetic_pilot,cv5,100,34,dtree,1,0.75
synthetic_pilot,cv5,100,34,dtree,2,0.59375
synthetic_pilot,cv5,100,34,dtree,3,0.9375
synthetic_pilot,cv5,100,34,dtree,4,0.96875
synthetic_pilot,cv5,100,34,dtree,5,0.75
synthetic_pilot,cv5,100,34,svm,1,0.984375
synthetic_pilot,cv5,100,34,svm,2,0.875
synthetic_pilot,cv5,100,34,svm,3,0.734375
synthetic_pilot,cv5,100,34,svm,4,0.9375
synthetic_pilot,cv5,100,34,svm,5,0.84375
synthetic_pilot,cv5,100,34,rf,1,0.921875
synthetic_pilot,cv5,100,34,rf,2,0.8125
synthetic_pilot,cv5,100,34,rf,3,0.8828125
synthetic_pilot,cv5,100,34,rf,4,0.9453125
synthetic_pilot,cv5,100,34,rf,5,0.765625
synthetic_pilot,cv5,100,34,gb,1,1.0
synthetic_pilot,cv5,100,34,gb,2,0.859375
synthetic_pilot,cv5,100,34,gb,3,0.75
synthetic_pilot,cv5,100,34,gb,4,0.71875
synthetic_pilot,cv5,100,34,gb,5,0.78125
synthetic_pilot,cv5,100,35,logreg,1,0.75
synthetic_pilot,cv5,100,35,logreg,2,0.703125
synthetic_pilot,cv5,100,35,logreg,3,0.90625
synthetic_pilot,cv5,100,35,logreg,4,0.90625
synthetic_pilot,cv5,100,35,logreg,5,0.640625
synthetic_pilot,cv5,100,35,knn,1,0.8125
synthetic_pilot,cv5,100,35,knn,2,0.765625
synthetic_pilot,cv5,100,35,knn,3,0.796875
synthetic_pilot,cv5,100,35,knn,4,0.8125
synthetic_pilot,cv5,100,35,knn,5,0.375
synthetic_pilot,cv5,100,35,dtree,1,0.5
synthetic_pilot,cv5,100,35,dtree,2,0.59375
synthetic_pilot,cv5,100,35,dtree,3,0.8046875
synthetic_pilot,cv5,100,35,dtree,4,0.296875
synthetic_pilot,cv5,100,35,dtree,5,0.59375
synthetic_pilot,cv5,100,35,svm,1,0.828125
synthetic_pilot,cv5,100,35,svm,2,0.71875
synthetic_pilot,cv5,100,35,svm,3,0.859375
synthetic_pilot,cv5,100,35,svm,4,0.8125
synthetic_pilot,cv5,100,35,svm,5,0.59375
synthetic_pilot,cv5,100,35,rf,1,0.6796875
synthetic_pilot,cv5,100,35,rf,2,0.59375
synthetic_pilot,cv5,100,35,rf,3,0.8046875
synthetic_pilot,cv5,100,35,rf,4,0.71875
synthetic_pilot,cv5,100,35,rf,5,0.6484375
synthetic_pilot,cv5,100,35,gb,1,0.6875
synthetic_pilot,cv5,100,35,gb,2,0.640625
synthetic_pilot,cv5,100,35,gb,3,0.90625
synthetic_pilot,cv5,100,35,gb,4,0.671875
synthetic_pilot,cv5,100,35,gb,5,0.6875
synthetic_pilot,cv5,100,36,logreg,1,0.828125
synthetic_pilot,cv5,100,36,logreg,2,0.828125
synthetic_pilot,cv5,100,36,logreg,3,0.875
synthetic_pilot,cv5,100,36,logreg,4,0.734375
synthetic_pilot,cv5,100,36,logreg,5,0.75
synthetic_pilot,cv5,100,36,knn,1,0.71875
synthetic_pilot,cv5,100,36,knn,2,0.7578125
synthetic_pilot,cv5,100,36,knn,3,0.6328125
synthetic_pilot,cv5,100,36,knn,4,0.734375
synthetic_pilot,cv5,100,36,knn,5,0.6015625
synthetic_pilot,cv5,100,36,dtree,1,0.71875
synthetic_pilot,cv5,100,36,dtree,2,0.296875
synthetic_pilot,cv5,100,36,dtree,3,0.328125
synthetic_pilot,cv5,100,36,dtree,4,0.4296875
synthetic_pilot,cv5,100,36,dtree,5,0.59375
synthetic_pilot,cv5,100,36,svm,1,0.734375
synthetic_pilot,cv5,100,36,svm,2,0.8125
synthetic_pilot,cv5,100,36,svm,3,0.75
synthetic_pilot,cv5,100,36,svm,4,0.65625
synthetic_pilot,cv5,100,36,svm,5,0.6875
synthetic_pilot,cv5,100,36,rf,1,0.6015625
synthetic_pilot,cv5,100,36,rf,2,0.6875
synthetic_pilot,cv5,100,36,rf,3,0.7734375
synthetic_pilot,cv5,100,36,rf,4,0.6484375
synthetic_pilot,cv5,100,36,rf,5,0.6640625
synthetic_pilot,cv5,100,36,gb,1,0.65625
synthetic_pilot,cv5,100,36,gb,2,0.546875
synthetic_pilot,cv5,100,36,gb,3,0.703125
synthetic_pilot,cv5,100,36,gb,4,0.828125
synthetic_pilot,cv5,100,36,gb,5,0.703125
synthetic_pilot,cv5,100,37,logreg,1,0.796875
synthetic_pilot,cv5,100,37,logreg,2,0.734375
synthetic_pilot,cv5,100,37,logreg,3,0.359375
synthetic_pilot,cv5,100,37,logreg,4,0.953125
synthetic_pilot,cv5,100,37,logreg,5,0.953125
synthetic_pilot,cv5,100,37,knn,1,0.3671875
synthetic_pilot,cv5,100,37,knn,2,0.859375
synthetic_pilot,cv5,100,37,knn,3,0.5546875
synthetic_pilot,cv5,100,37,knn,4,0.59375
synthetic_pilot,cv5,100,37,knn,5,0.7421875
synthetic_pilot,cv5,100,37,dtree,1,0.6875
synthetic_pilot,cv5,100,37,dtree,2,0.5
synthetic_pilot,cv5,100,37,dtree,3,0.65625
synthetic_pilot,cv5,100,37,dtree,4,0.65625
synthetic_pilot,cv5,100,37,dtree,5,0.5625
synthetic_pilot,cv5,100,37,svm,1,0.734375
synthetic_pilot,cv5,100,37,svm,2,0.75
synthetic_pilot,cv5,100,37,svm,3,0.4375
synthetic_pilot,cv5,100,37,svm,4,0.859375
synthetic_pilot,cv5,100,37,svm,5,0.90625
synthetic_pilot,cv5,100,37,rf,1,0.7890625
synthetic_pilot,cv5,100,37,rf,2,0.703125
synthetic_pilot,cv5,100,37,rf,3,0.640625
synthetic_pilot,cv5,100,37,rf,4,0.90625
synthetic_pilot,cv5,100,37,rf,5,0.96875
synthetic_pilot,cv5,100,37,gb,1,0.765625
synthetic_pilot,cv5,100,37,gb,2,0.5625
synthetic_pilot,cv5,100,37,gb,3,0.609375
synthetic_pilot,cv5,100,37,gb,4,0.921875
synthetic_pilot,cv5,100,37,gb,5,0.8125
synthetic_pilot,cv5,100,38,logreg,1,0.8125
synthetic_pilot,cv5,100,38,logreg,2,0.703125
synthetic_pilot,cv5,100,38,logreg,3,0.484375
synthetic_pilot,cv5,100,38,logreg,4,0.859375
synthetic_pilot,cv5,100,38,logreg,5,0.875
synthetic_pilot,cv5,100,38,knn,1,0.734375
synthetic_pilot,cv5,100,38,knn,2,0.7890625
synthetic_pilot,cv5,100,38,knn,3,0.484375
synthetic_pilot,cv5,100,38,knn,4,0.71875
synthetic_pilot,cv5,100,38,knn,5,0.9296875
synthetic_pilot,cv5,100,38,dtree,1,0.609375
synthetic_pilot,cv5,100,38,dtree,2,0.40625
synthetic_pilot,cv5,100,38,dtree,3,0.5625
synthetic_pilot,cv5,100,38,dtree,4,0.4375
synthetic_pilot,cv5,100,38,dtree,5,0.84375
synthetic_pilot,cv5,100,38,svm,1,0.875
synthetic_pilot,cv5,100,38,svm,2,0.796875
synthetic_pilot,cv5,100,38,svm,3,0.546875
synthetic_pilot,cv5,100,38,svm,4,0.71875
synthetic_pilot,cv5,100,38,svm,5,0.953125
synthetic_pilot,cv5,100,38,rf,1,0.7578125
synthetic_pilot,cv5,100,38,rf,2,0.546875
synthetic_pilot,cv5,100,38,rf,3,0.5
synthetic_pilot,cv5,100,38,rf,4,0.671875
synthetic_pilot,cv5,100,38,rf,5,0.875
synthetic_pilot,cv5,100,38,gb,1,0.875
synthetic_pilot,cv5,100,38,gb,2,0.71875
synthetic_pilot,cv5,100,38,gb,3,0.59375
synthetic_pilot,cv5,100,38,gb,4,0.765625
synthetic_pilot,cv5,100,38,gb,5,0.921875
synthetic_pilot,cv5,100,39,logreg,1,0.84375
synthetic_pilot,cv5,100,39,logreg,2,0.96875
synthetic_pilot,cv5,100,39,logreg,3,0.96875
synthetic_pilot,cv5,100,39,logreg,4,0.84375
synthetic_pilot,cv5,100,39,logreg,5,0.921875
synthetic_pilot,cv5,100,39,knn,1,0.625
synthetic_pilot,cv5,100,39,knn,2,0.6875
synthetic_pilot,cv5,100,39,knn,3,0.5078125
synthetic_pilot,cv5,100,39,knn,4,0.7109375
synthetic_pilot,cv5,100,39,knn,5,0.8125
synthetic_pilot,cv5,100,39,dtree,1,0.59375
synthetic_pilot,cv5,100,39,dtree,2,0.5546875
synthetic_pilot,cv5,100,39,dtree,3,0.8046875
synthetic_pilot,cv5,100,39,dtree,4,0.8125
synthetic_pilot,cv5,100,39,dtree,5,0.5625
synthetic_pilot,cv5,100,39,svm,1,0.84375
synthetic_pilot,cv5,100,39,svm,2,0.796875
synthetic_pilot,cv5,100,39,svm,3,0.921875
synthetic_pilot,cv5,100,39,svm,4,0.828125
synthetic_pilot,cv5,100,39,svm,5,0.890625
synthetic_pilot,cv5,100,39,rf,1,0.921875
synthetic_pilot,cv5,100,39,rf,2,0.8828125
synthetic_pilot,cv5,100,39,rf,3,0.859375
synthetic_pilot,cv5,100,39,rf,4,0.9140625
synthetic_pilot,cv5,100,39,rf,5,0.7421875
synthetic_pilot,cv5,100,39,gb,1,0.8125
synthetic_pilot,cv5,100,39,gb,2,0.828125
synthetic_pilot,cv5,100,39,gb,3,0.796875
synthetic_pilot,cv5,100,39,gb,4,0.78125
synthetic_pilot,cv5,100,39,gb,5,0.828125
synthetic_pilot,cv5,100,40,logreg,1,0.5
synthetic_pilot,cv5,100,40,logreg,2,0.625
synthetic_pilot,cv5,100,40,logreg,3,0.8125
synthetic_pilot,cv5,100,40,logreg,4,0.703125
synthetic_pilot,cv5,100,40,logreg,5,0.578125
synthetic_pilot,cv5,100,40,knn,1,0.375
synthetic_pilot,cv5,100,40,knn,2,0.640625
synthetic_pilot,cv5,100,40,knn,3,0.734375
synthetic_pilot,cv5,100,40,knn,4,0.28125
synthetic_pilot,cv5,100,40,knn,5,0.65625
synthetic_pilot,cv5,100,40,dtree,1,0.4609375
synthetic_pilot,cv5,100,40,dtree,2,0.25
synthetic_pilot,cv5,100,40,dtree,3,0.7109375
synthetic_pilot,cv5,100,40,dtree,4,0.390625
synthetic_pilot,cv5,100,40,dtree,5,0.71875
synthetic_pilot,cv5,100,40,svm,1,0.34375
synthetic_pilot,cv5,100,40,svm,2,0.5
synthetic_pilot,cv5,100,40,svm,3,0.671875
synthetic_pilot,cv5,100,40,svm,4,0.46875
synthetic_pilot,cv5,100,40,svm,5,0.671875
synthetic_pilot,cv5,100,40,rf,1,0.4375
synthetic_pilot,cv5,100,40,rf,2,0.5859375
synthetic_pilot,cv5,100,40,rf,3,0.578125
synthetic_pilot,cv5,100,40,rf,4,0.6328125
synthetic_pilot,cv5,100,40,rf,5,0.734375
synthetic_pilot,cv5,100,40,gb,1,0.5
synthetic_pilot,cv5,100,40,gb,2,0.53125
synthetic_pilot,cv5,100,40,gb,3,0.5625
synthetic_pilot,cv5,100,40,gb,4,0.578125
synthetic_pilot,cv5,100,40,gb,5,0.46875
synthetic_pilot,cv5,100,41,logreg,1,0.9375
synthetic_pilot,cv5,100,41,logreg,2,0.65625
synthetic_pilot,cv5,100,41,logreg,3,0.90625
synthetic_pilot,cv5,100,41,logreg,4,0.5625
synthetic_pilot,cv5,100,41,logreg,5,0.609375
synthetic_pilot,cv5,100,41,knn,1,0.75
synthetic_pilot,cv5,100,41,knn,2,0.6796875
synthetic_pilot,cv5,100,41,knn,3,0.828125
synthetic_pilot,cv5,100,41,knn,4,0.5546875
synthetic_pilot,cv5,100,41,knn,5,0.5078125
synthetic_pilot,cv5,100,41,dtree,1,0.609375
synthetic_pilot,cv5,100,41,dtree,2,0.4375
synthetic_pilot,cv5,100,41,dtree,3,0.59375
synthetic_pilot,cv5,100,41,dtree,4,0.6015625
synthetic_pilot,cv5,100,41,dtree,5,0.625
synthetic_pilot,cv5,100,41,svm,1,0.1875
synthetic_pilot,cv5,100,41,svm,2,0.625
synthetic_pilot,cv5,100,41,svm,3,0.796875
synthetic_pilot,cv5,100,41,svm,4,0.71875
synthetic_pilot,cv5,100,41,svm,5,0.484375
synthetic_pilot,cv5,100,41,rf,1,0.8828125
synthetic_pilot,cv5,100,41,rf,2,0.6875
synthetic_pilot,cv5,100,41,rf,3,0.7578125
synthetic_pilot,cv5,100,41,rf,4,0.7109375
synthetic_pilot,cv5,100,41,rf,5,0.4453125
synthetic_pilot,cv5,100,41,gb,1,0.734375
synthetic_pilot,cv5,100,41,gb,2,0.71875
synthetic_pilot,cv5,100,41,gb,3,0.703125
synthetic_pilot,cv5,100,41,gb,4,0.6875
synthetic_pilot,cv5,100,41,gb,5,0.546875
synthetic_pilot,cv5,100,42,logreg,1,0.78125
synthetic_pilot,cv5,100,42,logreg,2,0.703125
synthetic_pilot,cv5,100,42,logreg,3,0.953125
synthetic_pilot,cv5,100,42,logreg,4,0.75
synthetic_pilot,cv5,100,42,logreg,5,0.59375
synthetic_pilot,cv5,100,42,knn,1,0.78125
synthetic_pilot,cv5,100,42,knn,2,0.78125
synthetic_pilot,cv5,100,42,knn,3,0.875
synthetic_pilot,cv5,100,42,knn,4,0.5
synthetic_pilot,cv5,100,42,knn,5,0.4921875
synthetic_pilot,cv5,100,42,dtree,1,0.4375
synthetic_pilot,cv5,100,42,dtree,2,0.5
synthetic_pilot,cv5,100,42,dtree,3,0.6484375
synthetic_pilot,cv5,100,42,dtree,4,0.3984375
synthetic_pilot,cv5,100,42,dtree,5,0.4375
synthetic_pilot,cv5,100,42,svm,1,0.859375
synthetic_pilot,cv5,100,42,svm,2,0.546875
synthetic_pilot,cv5,100,42,svm,3,0.90625
synthetic_pilot,cv5,100,42,svm,4,0.796875
synthetic_pilot,cv5,100,42,svm,5,0.625
synthetic_pilot,cv5,100,42,rf,1,0.765625
synthetic_pilot,cv5,100,42,rf,2,0.5078125
synthetic_pilot,cv5,100,42,rf,3,0.6875
synthetic_pilot,cv5,100,42,rf,4,0.71875
synthetic_pilot,cv5,100,42,rf,5,0.4921875
synthetic_pilot,cv5,100,42,gb,1,0.5625
synthetic_pilot,cv5,100,42,gb,2,0.4375
synthetic_pilot,cv5,100,42,gb,3,0.40625
synthetic_pilot,cv5,100,42,gb,4,0.8125
synthetic_pilot,cv5,100,42,gb,5,0.4375
synthetic_pilot,cv5,100,43,logreg,1,0.5625
synthetic_pilot,cv5,100,43,logreg,2,0.59375
synthetic_pilot,cv5,100,43,logreg,3,0.890625
synthetic_pilot,cv5,100,43,logreg,4,0.5625
synthetic_pilot,cv5,100,43,logreg,5,0.421875
synthetic_pilot,cv5,100,43,knn,1,0.5
synthetic_pilot,cv5,100,43,knn,2,0.484375
synthetic_pilot,cv5,100,43,knn,3,0.6953125
synthetic_pilot,cv5,100,43,knn,4,0.65625
synthetic_pilot,cv5,100,43,knn,5,0.7109375
synthetic_pilot,cv5,100,43,dtree,1,0.4765625
synthetic_pilot,cv5,100,43,dtree,2,0.4765625
synthetic_pilot,cv5,100,43,dtree,3,0.5859375
synthetic_pilot,cv5,100,43,dtree,4,0.75
synthetic_pilot,cv5,100,43,dtree,5,0.5625
synthetic_pilot,cv5,100,43,svm,1,0.6875
synthetic_pilot,cv5,100,43,svm,2,0.6875
synthetic_pilot,cv5,100,43,svm,3,0.734375
synthetic_pilot,cv5,100,43,svm,4,0.546875
synthetic_pilot,cv5,100,43,svm,5,0.5625
synthetic_pilot,cv5,100,43,rf,1,0.828125
synthetic_pilot,cv5,100,43,rf,2,0.7578125
synthetic_pilot,cv5,100,43,rf,3,0.546875
synthetic_pilot,cv5,100,43,rf,4,0.8203125
synthetic_pilot,cv5,100,43,rf,5,0.5390625
synthetic_pilot,cv5,100,43,gb,1,0.484375
synthetic_pilot,cv5,100,43,gb,2,0.34375
synthetic_pilot,cv5,100,43,gb,3,0.796875
synthetic_pilot,cv5,100,43,gb,4,0.78125
synthetic_pilot,cv5,100,43,gb,5,0.75
synthetic_pilot,cv5,100,44,logreg,1,0.84375
synthetic_pilot,cv5,100,44,logreg,2,0.953125
synthetic_pilot,cv5,100,44,logreg,3,0.953125
synthetic_pilot,cv5,100,44,logreg,4,0.75
synthetic_pilot,cv5,100,44,logreg,5,0.8125
synthetic_pilot,cv5,100,44,knn,1,0.6875
synthetic_pilot,cv5,100,44,knn,2,0.78125
synthetic_pilot,cv5,100,44,knn,3,0.734375
synthetic_pilot,cv5,100,44,knn,4,0.5625
synthetic_pilot,cv5,100,44,knn,5,0.7265625
synthetic_pilot,cv5,100,44,dtree,1,0.6875
synthetic_pilot,cv5,100,44,dtree,2,0.75
synthetic_pilot,cv5,100,44,dtree,3,0.8125
synthetic_pilot,cv5,100,44,dtree,4,0.46875
synthetic_pilot,cv5,100,44,dtree,5,0.5625
synthetic_pilot,cv5,100,44,svm,1,0.75
synthetic_pilot,cv5,100,44,svm,2,0.96875
synthetic_pilot,cv5,100,44,svm,3,0.9375
synthetic_pilot,cv5,100,44,svm,4,0.828125
synthetic_pilot,cv5,100,44,svm,5,0.796875
synthetic_pilot,cv5,100,44,rf,1,0.796875
synthetic_pilot,cv5,100,44,rf,2,0.875
synthetic_pilot,cv5,100,44,rf,3,0.828125
synthetic_pilot,cv5,100,44,rf,4,0.5078125
synthetic_pilot,cv5,100,44,rf,5,0.8125
synthetic_pilot,cv5,100,44,gb,1,0.765625
synthetic_pilot,cv5,100,44,gb,2,0.828125
synthetic_pilot,cv5,100,44,gb,3,0.9375
synthetic_pilot,cv5,100,44,gb,4,0.625
synthetic_pilot,cv5,100,44,gb,5,0.71875
synthetic_pilot,cv5,100,45,logreg,1,0.546875
synthetic_pilot,cv5,100,45,logreg,2,0.90625
synthetic_pilot,cv5,100,45,logreg,3,0.65625
synthetic_pilot,cv5,100,45,logreg,4,0.953125
synthetic_pilot,cv5,100,45,logreg,5,0.640625
synthetic_pilot,cv5,100,45,knn,1,0.7265625
synthetic_pilot,cv5,100,45,knn,2,0.6875
synthetic_pilot,cv5,100,45,knn,3,0.5859375
synthetic_pilot,cv5,100,45,knn,4,0.8125
synthetic_pilot,cv5,100,45,knn,5,0.515625
synthetic_pilot,cv5,100,45,dtree,1,0.8046875
synthetic_pilot,cv5,100,45,dtree,2,0.578125
synthetic_pilot,cv5,100,45,dtree,3,0.7109375
synthetic_pilot,cv5,100,45,dtree,4,0.6640625
synthetic_pilot,cv5,100,45,dtree,5,0.375
synthetic_pilot,cv5,100,45,svm,1,0.5625
synthetic_pilot,cv5,100,45,svm,2,0.75
synthetic_pilot,cv5,100,45,svm,3,0.625
synthetic_pilot,cv5,100,45,svm,4,0.828125
synthetic_pilot,cv5,100,45,svm,5,0.609375
synthetic_pilot,cv5,100,45,rf,1,0.859375
synthetic_pilot,cv5,100,45,rf,2,0.7265625
synthetic_pilot,cv5,100,45,rf,3,0.609375
synthetic_pilot,cv5,100,45,rf,4,0.96875
synthetic_pilot,cv5,100,45,rf,5,0.5390625
synthetic_pilot,cv5,100,45,gb,1,0.71875
synthetic_pilot,cv5,100,45,gb,2,0.859375
synthetic_pilot,cv5,100,45,gb,3,0.6875
synthetic_pilot,cv5,100,45,gb,4,0.890625
synthetic_pilot,cv5,100,45,gb,5,0.625
synthetic_pilot,cv5,100,46,logreg,1,0.671875
synthetic_pilot,cv5,100,46,logreg,2,0.84375
synthetic_pilot,cv5,100,46,logreg,3,0.34375
synthetic_pilot,cv5,100,46,logreg,4,0.59375
synthetic_pilot,cv5,100,46,logreg,5,0.6875
synthetic_pilot,cv5,100,46,knn,1,0.671875
synthetic_pilot,cv5,100,46,knn,2,0.75
synthetic_pilot,cv5,100,46,knn,3,0.3046875
synthetic_pilot,cv5,100,46,knn,4,0.625
synthetic_pilot,cv5,100,46,knn,5,0.625
synthetic_pilot,cv5,100,46,dtree,1,0.5625
synthetic_pilot,cv5,100,46,dtree,2,0.3125
synthetic_pilot,cv5,100,46,dtree,3,0.4375
synthetic_pilot,cv5,100,46,dtree,4,0.4375
synthetic_pilot,cv5,100,46,dtree,5,0.3984375
synthetic_pilot,cv5,100,46,svm,1,0.859375
synthetic_pilot,cv5,100,46,svm,2,0.96875
synthetic_pilot,cv5,100,46,svm,3,0.34375
synthetic_pilot,cv5,100,46,svm,4,0.875
synthetic_pilot,cv5,100,46,svm,5,0.6875
synthetic_pilot,cv5,100,46,rf,1,0.671875
synthetic_pilot,cv5,100,46,rf,2,0.7578125
synthetic_pilot,cv5,100,46,rf,3,0.3671875
synthetic_pilot,cv5,100,46,rf,4,0.3984375
synthetic_pilot,cv5,100,46,rf,5,0.46875
synthetic_pilot,cv5,100,46,gb,1,0.59375
synthetic_pilot,cv5,100,46,gb,2,0.5625
synthetic_pilot,cv5,100,46,gb,3,0.1875
synthetic_pilot,cv5,100,46,gb,4,0.453125
synthetic_pilot,cv5,100,46,gb,5,0.390625
synthetic_pilot,cv5,100,47,logreg,1,0.65625
synthetic_pilot,cv5,100,47,logreg,2,0.765625
synthetic_pilot,cv5,100,47,logreg,3,0.953125
synthetic_pilot,cv5,100,47,logreg,4,0.578125
synthetic_pilot,cv5,100,47,logreg,5,0.578125
synthetic_pilot,cv5,100,47,knn,1,0.28125
synthetic_pilot,cv5,100,47,knn,2,0.5859375
synthetic_pilot,cv5,100,47,knn,3,0.7578125
synthetic_pilot,cv5,100,47,knn,4,0.5
synthetic_pilot,cv5,100,47,knn,5,0.8046875
synthetic_pilot,cv5,100,47,dtree,1,0.375
synthetic_pilot,cv5,100,47,dtree,2,0.8125
synthetic_pilot,cv5,100,47,dtree,3,0.5625
synthetic_pilot,cv5,100,47,dtree,4,0.4375
synthetic_pilot,cv5,100,47,dtree,5,0.75
synthetic_pilot,cv5,100,47,svm,1,0.203125
synthetic_pilot,cv5,100,47,svm,2,0.78125
synthetic_pilot,cv5,100,47,svm,3,0.21875
synthetic_pilot,cv5,100,47,svm,4,0.625
synthetic_pilot,cv5,100,47,svm,5,0.75
synthetic_pilot,cv5,100,47,rf,1,0.53125
synthetic_pilot,cv5,100,47,rf,2,0.71875
synthetic_pilot,cv5,100,47,rf,3,0.8984375
synthetic_pilot,cv5,100,47,rf,4,0.71875
synthetic_pilot,cv5,100,47,rf,5,0.671875
synthetic_pilot,cv5,100,47,gb,1,0.5
synthetic_pilot,cv5,100,47,gb,2,0.875
synthetic_pilot,cv5,100,47,gb,3,0.75
synthetic_pilot,cv5,100,47,gb,4,0.71875
synthetic_pilot,cv5,100,47,gb,5,0.5
synthetic_pilot,cv5,100,48,logreg,1,0.515625
synthetic_pilot,cv5,100,48,logreg,2,0.828125
synthetic_pilot,cv5,100,48,logreg,3,0.640625
synthetic_pilot,cv5,100,48,logreg,4,0.796875
synthetic_pilot,cv5,100,48,logreg,5,0.59375
synthetic_pilot,cv5,100,48,knn,1,0.6640625
synthetic_pilot,cv5,100,48,knn,2,0.7734375
synthetic_pilot,cv5,100,48,knn,3,0.4921875
synthetic_pilot,cv5,100,48,knn,4,0.6796875
synthetic_pilot,cv5,100,48,knn,5,0.703125
synthetic_pilot,cv5,100,48,dtree,1,0.625
synthetic_pilot,cv5,100,48,dtree,2,0.5859375
synthetic_pilot,cv5,100,48,dtree,3,0.375
synthetic_pilot,cv5,100,48,dtree,4,0.40625
synthetic_pilot,cv5,100,48,dtree,5,0.53125
synthetic_pilot,cv5,100,48,svm,1,0.53125
synthetic_pilot,cv5,100,48,svm,2,0.875
synthetic_pilot,cv5,100,48,svm,3,0.53125
synthetic_pilot,cv5,100,48,svm,4,0.75
synthetic_pilot,cv5,100,48,svm,5,0.484375
synthetic_pilot,cv5,100,48,rf,1,0.625
synthetic_pilot,cv5,100,48,rf,2,0.890625
synthetic_pilot,cv5,100,48,rf,3,0.546875
synthetic_pilot,cv5,100,48,rf,4,0.6015625
synthetic_pilot,cv5,100,48,rf,5,0.6484375
synthetic_pilot,cv5,100,48,gb,1,0.671875
synthetic_pilot,cv5,100,48,gb,2,0.765625
synthetic_pilot,cv5,100,48,gb,3,0.65625
synthetic_pilot,cv5,100,48,gb,4,0.765625
synthetic_pilot,cv5,100,48,gb,5,0.625
synthetic_pilot,cv5,100,49,logreg,1,0.828125
synthetic_pilot,cv5,100,49,logreg,2,0.78125
synthetic_pilot,cv5,100,49,logreg,3,0.359375
synthetic_pilot,cv5,100,49,logreg,4,0.6875
synthetic_pilot,cv5,100,49,logreg,5,0.8125
synthetic_pilot,cv5,100,49,knn,1,0.75
synthetic_pilot,cv5,100,49,knn,2,0.53125
synthetic_pilot,cv5,100,49,knn,3,0.4921875
synthetic_pilot,cv5,100,49,knn,4,0.6796875
synthetic_pilot,cv5,100,49,knn,5,0.828125
synthetic_pilot,cv5,100,49,dtree,1,0.4375
synthetic_pilot,cv5,100,49,dtree,2,0.625
synthetic_pilot,cv5,100,49,dtree,3,0.484375
synthetic_pilot,cv5,100,49,dtree,4,0.5078125
synthetic_pilot,cv5,100,49,dtree,5,0.5
synthetic_pilot,cv5,100,49,svm,1,0.140625
synthetic_pilot,cv5,100,49,svm,2,0.796875
synthetic_pilot,cv5,100,49,svm,3,0.53125
synthetic_pilot,cv5,100,49,svm,4,0.515625
synthetic_pilot,cv5,100,49,svm,5,0.8125
synthetic_pilot,cv5,100,49,rf,1,0.84375
synthetic_pilot,cv5,100,49,rf,2,0.859375
synthetic_pilot,cv5,100,49,rf,3,0.59375
synthetic_pilot,cv5,100,49,rf,4,0.625
synthetic_pilot,cv5,100,49,rf,5,0.671875
synthetic_pilot,cv5,100,49,gb,1,0.875
synthetic_pilot,cv5,100,49,gb,2,0.671875
synthetic_pilot,cv5,100,49,gb,3,0.421875
synthetic_pilot,cv5,100,49,gb,4,0.5625
synthetic_pilot,cv5,100,49,gb,5,0.640625
synthetic_pilot,cv5,100,50,logreg,1,0.75
synthetic_pilot,cv5,100,50,logreg,2,0.765625
synthetic_pilot,cv5,100,50,logreg,3,0.734375
synthetic_pilot,cv5,100,50,logreg,4,0.640625
synthetic_pilot,cv5,100,50,logreg,5,0.8125
synthetic_pilot,cv5,100,50,knn,1,0.6328125
synthetic_pilot,cv5,100,50,knn,2,0.671875
synthetic_pilot,cv5,100,50,knn,3,0.671875
synthetic_pilot,cv5,100,50,knn,4,0.546875
synthetic_pilot,cv5,100,50,knn,5,0.5859375
synthetic_pilot,cv5,100,50,dtree,1,0.59375
synthetic_pilot,cv5,100,50,dtree,2,0.59375
synthetic_pilot,cv5,100,50,dtree,3,0.53125
synthetic_pilot,cv5,100,50,dtree,4,0.59375
synthetic_pilot,cv5,100,50,dtree,5,0.71875
synthetic_pilot,cv5,100,50,svm,1,0.734375
synthetic_pilot,cv5,100,50,svm,2,0.671875
synthetic_pilot,cv5,100,50,svm,3,0.828125
synthetic_pilot,cv5,100,50,svm,4,0.75
synthetic_pilot,cv5,100,50,svm,5,0.734375
synthetic_pilot,cv5,100,50,rf,1,0.734375
synthetic_pilot,cv5,100,50,rf,2,0.6796875
synthetic_pilot,cv5,100,50,rf,3,0.765625
synthetic_pilot,cv5,100,50,rf,4,0.46875
synthetic_pilot,cv5,100,50,rf,5,0.796875
synthetic_pilot,cv5,100,50,gb,1,0.609375
synthetic_pilot,cv5,100,50,gb,2,0.765625
synthetic_pilot,cv5,100,50,gb,3,0.71875
synthetic_pilot,cv5,100,50,gb,4,0.734375
synthetic_pilot,cv5,100,50,gb,5,0.765625
synthetic_pilot,cv5,100,51,logreg,1,0.640625
synthetic_pilot,cv5,100,51,logreg,2,0.90625
synthetic_pilot,cv5,100,51,logreg,3,0.890625
synthetic_pilot,cv5,100,51,logreg,4,0.625
synthetic_pilot,cv5,100,51,logreg,5,0.859375
synthetic_pilot,cv5,100,51,knn,1,0.4765625
synthetic_pilot,cv5,100,51,knn,2,0.515625
synthetic_pilot,cv5,100,51,knn,3,0.59375
synthetic_pilot,cv5,100,51,knn,4,0.46875
synthetic_pilot,cv5,100,51,knn,5,0.546875
synthetic_pilot,cv5,100,51,dtree,1,0.6875
synthetic_pilot,cv5,100,51,dtree,2,0.5703125
synthetic_pilot,cv5,100,51,dtree,3,0.7109375
synthetic_pilot,cv5,100,51,dtree,4,0.625
synthetic_pilot,cv5,100,51,dtree,5,0.671875
synthetic_pilot,cv5,100,51,svm,1,0.734375
synthetic_pilot,cv5,100,51,svm,2,0.703125
synthetic_pilot,cv5,100,51,svm,3,0.671875
synthetic_pilot,cv5,100,51,svm,4,0.578125
synthetic_pilot,cv5,100,51,svm,5,0.828125
synthetic_pilot,cv5,100,51,rf,1,0.875
synthetic_pilot,cv5,100,51,rf,2,0.6796875
synthetic_pilot,cv5,100,51,rf,3,0.8046875
synthetic_pilot,cv5,100,51,rf,4,0.484375
synthetic_pilot,cv5,100,51,rf,5,0.8984375
synthetic_pilot,cv5,100,51,gb,1,0.65625
synthetic_pilot,cv5,100,51,gb,2,0.8125
synthetic_pilot,cv5,100,51,gb,3,0.671875
synthetic_pilot,cv5,100,51,gb,4,0.6875
synthetic_pilot,cv5,100,51,gb,5,0.8125
synthetic_pilot,cv5,100,52,logreg,1,0.6875
synthetic_pilot,cv5,100,52,logreg,2,0.765625
synthetic_pilot,cv5,100,52,logreg,3,0.53125
synthetic_pilot,cv5,100,52,logreg,4,0.578125
synthetic_pilot,cv5,100,52,logreg,5,0.546875
synthetic_pilot,cv5,100,52,knn,1,0.71875
synthetic_pilot,cv5,100,52,knn,2,0.7421875
synthetic_pilot,cv5,100,52,knn,3,0.4765625
synthetic_pilot,cv5,100,52,knn,4,0.7109375
synthetic_pilot,cv5,100,52,knn,5,0.484375
synthetic_pilot,cv5,100,52,dtree,1,0.6328125
synthetic_pilot,cv5,100,52,dtree,2,0.625
synthetic_pilot,cv5,100,52,dtree,3,0.5703125
synthetic_pilot,cv5,100,52,dtree,4,0.4765625
synthetic_pilot,cv5,100,52,dtree,5,0.625
synthetic_pilot,cv5,100,52,svm,1,0.875
synthetic_pilot,cv5,100,52,svm,2,0.890625
synthetic_pilot,cv5,100,52,svm,3,0.359375
synthetic_pilot,cv5,100,52,svm,4,0.6875
synthetic_pilot,cv5,100,52,svm,5,0.6875
synthetic_pilot,cv5,100,52,rf,1,0.8359375
synthetic_pilot,cv5,100,52,rf,2,0.8203125
synthetic_pilot,cv5,100,52,rf,3,0.484375
synthetic_pilot,cv5,100,52,rf,4,0.7734375
synthetic_pilot,cv5,100,52,rf,5,0.6796875
synthetic_pilot,cv5,100,52,gb,1,0.703125
synthetic_pilot,cv5,100,52,gb,2,0.6875
synthetic_pilot,cv5,100,52,gb,3,0.6875
synthetic_pilot,cv5,100,52,gb,4,0.734375
synthetic_pilot,cv5,100,52,gb,5,0.578125
synthetic_pilot,cv5,100,53,logreg,1,0.796875
synthetic_pilot,cv5,100,53,logreg,2,0.6875
synthetic_pilot,cv5,100,53,logreg,3,0.546875
synthetic_pilot,cv5,100,53,logreg,4,0.78125
synthetic_pilot,cv5,100,53,logreg,5,0.828125
synthetic_pilot,cv5,100,53,knn,1,0.578125
synthetic_pilot,cv5,100,53,knn,2,0.734375
synthetic_pilot,cv5,100,53,knn,3,0.484375
synthetic_pilot,cv5,100,53,knn,4,0.828125
synthetic_pilot,cv5,100,53,knn,5,0.671875
synthetic_pilot,cv5,100,53,dtree,1,0.375
synthetic_pilot,cv5,100,53,dtree,2,0.6015625
synthetic_pilot,cv5,100,53,dtree,3,0.6171875
synthetic_pilot,cv5,100,53,dtree,4,0.71875
synthetic_pilot,cv5,100,53,dtree,5,0.625
synthetic_pilot,cv5,100,53,svm,1,0.75
synthetic_pilot,cv5,100,53,svm,2,0.578125
synthetic_pilot,cv5,100,53,svm,3,0.609375
synthetic_pilot,cv5,100,53,svm,4,0.953125
synthetic_pilot,cv5,100,53,svm,5,0.890625
synthetic_pilot,cv5,100,53,rf,1,0.4375
synthetic_pilot,cv5,100,53,rf,2,0.53125
synthetic_pilot,cv5,100,53,rf,3,0.640625
synthetic_pilot,cv5,100,53,rf,4,0.84375
synthetic_pilot,cv5,100,53,rf,5,0.828125
synthetic_pilot,cv5,100,53,gb,1,0.59375
synthetic_pilot,cv5,100,53,gb,2,0.6875
synthetic_pilot,cv5,100,53,gb,3,0.578125
synthetic_pilot,cv5,100,53,gb,4,0.90625
synthetic_pilot,cv5,100,53,gb,5,0.625
synthetic_pilot,cv5,100,54,logreg,1,0.984375
synthetic_pilot,cv5,100,54,logreg,2,0.828125
synthetic_pilot,cv5,100,54,logreg,3,0.75
synthetic_pilot,cv5,100,54,logreg,4,0.703125
synthetic_pilot,cv5,100,54,logreg,5,0.78125
synthetic_pilot,cv5,100,54,knn,1,0.765625
synthetic_pilot,cv5,100,54,knn,2,0.578125
synthetic_pilot,cv5,100,54,knn,3,0.7578125
synthetic_pilot,cv5,100,54,knn,4,0.71875
synthetic_pilot,cv5,100,54,knn,5,0.59375
synthetic_pilot,cv5,100,54,dtree,1,0.78125
synthetic_pilot,cv5,100,54,dtree,2,0.5703125
synthetic_pilot,cv5,100,54,dtree,3,0.8046875
synthetic_pilot,cv5,100,54,dtree,4,0.765625
synthetic_pilot,cv5,100,54,dtree,5,0.53125
synthetic_pilot,cv5,100,54,svm,1,0.859375
synthetic_pilot,cv5,100,54,svm,2,0.75
synthetic_pilot,cv5,100,54,svm,3,0.6875
synthetic_pilot,cv5,100,54,svm,4,0.6875
synthetic_pilot,cv5,100,54,svm,5,0.671875
synthetic_pilot,cv5,100,54,rf,1,0.8671875
synthetic_pilot,cv5,100,54,rf,2,0.6953125
synthetic_pilot,cv5,100,54,rf,3,0.484375
synthetic_pilot,cv5,100,54,rf,4,0.546875
synthetic_pilot,cv5,100,54,rf,5,0.671875
synthetic_pilot,cv5,100,54,gb,1,0.890625
synthetic_pilot,cv5,100,54,gb,2,0.5625
synthetic_pilot,cv5,100,54,gb,3,0.6875
synthetic_pilot,cv5,100,54,gb,4,0.390625
synthetic_pilot,cv5,100,54,gb,5,0.75
synthetic_pilot,cv5,100,55,logreg,1,0.875
synthetic_pilot,cv5,100,55,logreg,2,0.859375
synthetic_pilot,cv5,100,55,logreg,3,0.765625
synthetic_pilot,cv5,100,55,logreg,4,0.984375
synthetic_pilot,cv5,100,55,logreg,5,0.640625
synthetic_pilot,cv5,100,55,knn,1,0.671875
synthetic_pilot,cv5,100,55,knn,2,0.6953125
synthetic_pilot,cv5,100,55,knn,3,0.796875
synthetic_pilot,cv5,100,55,knn,4,0.828125
synthetic_pilot,cv5,100,55,knn,5,0.6171875
synthetic_pilot,cv5,100,55,dtree,1,0.46875
synthetic_pilot,cv5,100,55,dtree,2,0.65625
synthetic_pilot,cv5,100,55,dtree,3,0.6875
synthetic_pilot,cv5,100,55,dtree,4,0.9375
synthetic_pilot,cv5,100,55,dtree,5,0.40625
synthetic_pilot,cv5,100,55,svm,1,0.828125
synthetic_pilot,cv5,100,55,svm,2,0.90625
synthetic_pilot,cv5,100,55,svm,3,0.765625
synthetic_pilot,cv5,100,55,svm,4,0.9375
synthetic_pilot,cv5,100,55,svm,5,0.53125
synthetic_pilot,cv5,100,55,rf,1,0.8046875
synthetic_pilot,cv5,100,55,rf,2,0.8203125
synthetic_pilot,cv5,100,55,rf,3,0.7734375
synthetic_pilot,cv5,100,55,rf,4,0.96875
synthetic_pilot,cv5,100,55,rf,5,0.5234375
synthetic_pilot,cv5,100,55,gb,1,0.921875
synthetic_pilot,cv5,100,55,gb,2,0.890625
synthetic_pilot,cv5,100,55,gb,3,0.703125
synthetic_pilot,cv5,100,55,gb,4,0.984375
synthetic_pilot,cv5,100,55,gb,5,0.484375
synthetic_pilot,cv5,100,56,logreg,1,0.84375
synthetic_pilot,cv5,100,56,logreg,2,0.6875
synthetic_pilot,cv5,100,56,logreg,3,0.625
synthetic_pilot,cv5,100,56,logreg,4,0.890625
synthetic_pilot,cv5,100,56,logreg,5,0.65625
synthetic_pilot,cv5,100,56,knn,1,0.8359375
synthetic_pilot,cv5,100,56,knn,2,0.7109375
synthetic_pilot,cv5,100,56,knn,3,0.734375
synthetic_pilot,cv5,100,56,knn,4,0.8671875
synthetic_pilot,cv5,100,56,knn,5,0.75
synthetic_pilot,cv5,100,56,dtree,1,0.6328125
synthetic_pilot,cv5,100,56,dtree,2,0.640625
synthetic_pilot,cv5,100,56,dtree,3,0.7421875
synthetic_pilot,cv5,100,56,dtree,4,0.5390625
synthetic_pilot,cv5,100,56,dtree,5,0.59375
synthetic_pilot,cv5,100,56,svm,1,0.875
synthetic_pilot,cv5,100,56,svm,2,0.703125
synthetic_pilot,cv5,100,56,svm,3,0.90625
synthetic_pilot,cv5,100,56,svm,4,0.9375
synthetic_pilot,cv5,100,56,svm,5,0.671875
synthetic_pilot,cv5,100,56,rf,1,0.796875
synthetic_pilot,cv5,100,56,rf,2,0.640625
synthetic_pilot,cv5,100,56,rf,3,0.8359375
synthetic_pilot,cv5,100,56,rf,4,0.953125
synthetic_pilot,cv5,100,56,rf,5,0.7265625
synthetic_pilot,cv5,100,56,gb,1,0.71875
synthetic_pilot,cv5,100,56,gb,2,0.640625
synthetic_pilot,cv5,100,56,gb,3,0.796875
synthetic_pilot,cv5,100,56,gb,4,0.890625
synthetic_pilot,cv5,100,56,gb,5,0.6875
synthetic_pilot,cv5,100,57,logreg,1,0.828125
synthetic_pilot,cv5,100,57,logreg,2,0.59375
synthetic_pilot,cv5,100,57,logreg,3,0.671875
synthetic_pilot,cv5,100,57,logreg,4,0.8125
synthetic_pilot,cv5,100,57,logreg,5,0.71875
synthetic_pilot,cv5,100,57,knn,1,0.8984375
synthetic_pilot,cv5,100,57,knn,2,0.734375
synthetic_pilot,cv5,100,57,knn,3,0.71875
synthetic_pilot,cv5,100,57,knn,4,0.625
synthetic_pilot,cv5,100,57,knn,5,0.8359375
synthetic_pilot,cv5,100,57,dtree,1,0.6015625
synthetic_pilot,cv5,100,57,dtree,2,0.65625
synthetic_pilot,cv5,100,57,dtree,3,0.703125
synthetic_pilot,cv5,100,57,dtree,4,0.734375
synthetic_pilot,cv5,100,57,dtree,5,0.6875
synthetic_pilot,cv5,100,57,svm,1,0.90625
synthetic_pilot,cv5,100,57,svm,2,0.671875
synthetic_pilot,cv5,100,57,svm,3,0.796875
synthetic_pilot,cv5,100,57,svm,4,0.609375
synthetic_pilot,cv5,100,57,svm,5,0.796875
synthetic_pilot,cv5,100,57,rf,1,0.8203125
synthetic_pilot,cv5,100,57,rf,2,0.546875
synthetic_pilot,cv5,100,57,rf,3,0.8828125
synthetic_pilot,cv5,100,57,rf,4,0.828125
synthetic_pilot,cv5,100,57,rf,5,0.828125
synthetic_pilot,cv5,100,57,gb,1,0.734375
synthetic_pilot,cv5,100,57,gb,2,0.59375
synthetic_pilot,cv5,100,57,gb,3,0.546875
synthetic_pilot,cv5,100,57,gb,4,0.75
synthetic_pilot,cv5,100,57,gb,5,0.90625
synthetic_pilot,cv5,100,58,logreg,1,1.0
synthetic_pilot,cv5,100,58,logreg,2,0.921875
synthetic_pilot,cv5,100,58,logreg,3,0.65625
synthetic_pilot,cv5,100,58,logreg,4,0.90625
synthetic_pilot,cv5,100,58,logreg,5,0.875
synthetic_pilot,cv5,100,58,knn,1,0.8671875
synthetic_pilot,cv5,100,58,knn,2,0.46875
synthetic_pilot,cv5,100,58,knn,3,0.5546875
synthetic_pilot,cv5,100,58,knn,4,0.5703125
synthetic_pilot,cv5,100,58,knn,5,0.796875
synthetic_pilot,cv5,100,58,dtree,1,0.90625
synthetic_pilot,cv5,100,58,dtree,2,0.5625
synthetic_pilot,cv5,100,58,dtree,3,0.5625
synthetic_pilot,cv5,100,58,dtree,4,0.5625
synthetic_pilot,cv5,100,58,dtree,5,0.5625
synthetic_pilot,cv5,100,58,svm,1,0.875
synthetic_pilot,cv5,100,58,svm,2,0.75
synthetic_pilot,cv5,100,58,svm,3,0.671875
synthetic_pilot,cv5,100,58,svm,4,0.796875
synthetic_pilot,cv5,100,58,svm,5,0.78125
synthetic_pilot,cv5,100,58,rf,1,0.9609375
synthetic_pilot,cv5,100,58,rf,2,0.6171875
synthetic_pilot,cv5,100,58,rf,3,0.59375
synthetic_pilot,cv5,100,58,rf,4,0.8515625
synthetic_pilot,cv5,100,58,rf,5,0.765625
synthetic_pilot,cv5,100,58,gb,1,0.84375
synthetic_pilot,cv5,100,58,gb,2,0.796875
synthetic_pilot,cv5,100,58,gb,3,0.5
synthetic_pilot,cv5,100,58,gb,4,0.765625
synthetic_pilot,cv5,100,58,gb,5,0.921875
synthetic_pilot,cv5,100,59,logreg,1,0.828125
synthetic_pilot,cv5,100,59,logreg,2,0.6875
synthetic_pilot,cv5,100,59,logreg,3,0.625
synthetic_pilot,cv5,100,59,logreg,4,0.828125
synthetic_pilot,cv5,100,59,logreg,5,0.734375
synthetic_pilot,cv5,100,59,knn,1,0.625
synthetic_pilot,cv5,100,59,knn,2,0.453125
synthetic_pilot,cv5,100,59,knn,3,0.6796875
synthetic_pilot,cv5,100,59,knn,4,0.8125
synthetic_pilot,cv5,100,59,knn,5,0.59375
synthetic_pilot,cv5,100,59,dtree,1,0.3046875
synthetic_pilot,cv5,100,59,dtree,2,0.8125
synthetic_pilot,cv5,100,59,dtree,3,0.46875
synthetic_pilot,cv5,100,59,dtree,4,0.53125
synthetic_pilot,cv5,100,59,dtree,5,0.4921875
synthetic_pilot,cv5,100,59,svm,1,0.75
synthetic_pilot,cv5,100,59,svm,2,0.375
synthetic_pilot,cv5,100,59,svm,3,0.65625
synthetic_pilot,cv5,100,59,svm,4,0.859375
synthetic_pilot,cv5,100,59,svm,5,0.703125
synthetic_pilot,cv5,100,59,rf,1,0.78125
synthetic_pilot,cv5,100,59,rf,2,0.734375
synthetic_pilot,cv5,100,59,rf,3,0.6328125
synthetic_pilot,cv5,100,59,rf,4,0.4609375
synthetic_pilot,cv5,100,59,rf,5,0.671875
synthetic_pilot,cv5,100,59,gb,1,0.515625
synthetic_pilot,cv5,100,59,gb,2,0.65625
synthetic_pilot,cv5,100,59,gb,3,0.53125
synthetic_pilot,cv5,100,59,gb,4,0.609375
synthetic_pilot,cv5,100,59,gb,5,0.640625
synthetic_pilot,cv5,100,60,logreg,1,0.78125
synthetic_pilot,cv5,100,60,logreg,2,0.859375
synthetic_pilot,cv5,100,60,logreg,3,0.90625
synthetic_pilot,cv5,100,60,logreg,4,0.875
synthetic_pilot,cv5,100,60,logreg,5,0.875
synthetic_pilot,cv5,100,60,knn,1,0.546875
synthetic_pilot,cv5,100,60,knn,2,0.5
synthetic_pilot,cv5,100,60,knn,3,0.640625
synthetic_pilot,cv5,100,60,knn,4,0.78125
synthetic_pilot,cv5,100,60,knn,5,0.796875
synthetic_pilot,cv5,100,60,dtree,1,0.484375
synthetic_pilot,cv5,100,60,dtree,2,0.875
synthetic_pilot,cv5,100,60,dtree,3,0.65625
synthetic_pilot,cv5,100,60,dtree,4,0.828125
synthetic_pilot,cv5,100,60,dtree,5,0.875
synthetic_pilot,cv5,100,60,svm,1,0.6875
synthetic_pilot,cv5,100,60,svm,2,0.734375
synthetic_pilot,cv5,100,60,svm,3,0.84375
synthetic_pilot,cv5,100,60,svm,4,0.6875
synthetic_pilot,cv5,100,60,svm,5,0.90625
synthetic_pilot,cv5,100,60,rf,1,0.578125
synthetic_pilot,cv5,100,60,rf,2,0.8671875
synthetic_pilot,cv5,100,60,rf,3,0.765625
synthetic_pilot,cv5,100,60,rf,4,0.6328125
synthetic_pilot,cv5,100,60,rf,5,0.9375
synthetic_pilot,cv5,100,60,gb,1,0.859375
synthetic_pilot,cv5,100,60,gb,2,0.78125
synthetic_pilot,cv5,100,60,gb,3,0.765625
synthetic_pilot,cv5,100,60,gb,4,0.984375
synthetic_pilot,cv5,100,60,gb,5,0.84375
synthetic_pilot,cv5,100,61,logreg,1,0.421875
synthetic_pilot,cv5,100,61,logreg,2,0.859375
synthetic_pilot,cv5,100,61,logreg,3,0.875
synthetic_pilot,cv5,100,61,logreg,4,0.765625
synthetic_pilot,cv5,100,61,logreg,5,0.8125
synthetic_pilot,cv5,100,61,knn,1,0.4765625
synthetic_pilot,cv5,100,61,knn,2,0.765625
synthetic_pilot,cv5,100,61,knn,3,0.7734375
synthetic_pilot,cv5,100,61,knn,4,0.625
synthetic_pilot,cv5,100,61,knn,5,0.734375
synthetic_pilot,cv5,100,61,dtree,1,0.578125
synthetic_pilot,cv5,100,61,dtree,2,0.5390625
synthetic_pilot,cv5,100,61,dtree,3,0.6875
synthetic_pilot,cv5,100,61,dtree,4,0.59375
synthetic_pilot,cv5,100,61,dtree,5,0.609375
synthetic_pilot,cv5,100,61,svm,1,0.546875
synthetic_pilot,cv5,100,61,svm,2,0.765625
synthetic_pilot,cv5,100,61,svm,3,0.890625
synthetic_pilot,cv5,100,61,svm,4,0.625
synthetic_pilot,cv5,100,61,svm,5,0.875
synthetic_pilot,cv5,100,61,rf,1,0.6015625
synthetic_pilot,cv5,100,61,rf,2,0.7890625
synthetic_pilot,cv5,100,61,rf,3,0.8828125
synthetic_pilot,cv5,100,61,rf,4,0.640625
synthetic_pilot,cv5,100,61,rf,5,0.734375
synthetic_pilot,cv5,100,61,gb,1,0.546875
synthetic_pilot,cv5,100,61,gb,2,0.703125
synthetic_pilot,cv5,100,61,gb,3,0.75
synthetic_pilot,cv5,100,61,gb,4,0.6875
synthetic_pilot,cv5,100,61,gb,5,0.84375
synthetic_pilot,cv5,100,62,logreg,1,0.796875
synthetic_pilot,cv5,100,62,logreg,2,0.84375
synthetic_pilot,cv5,100,62,logreg,3,0.8125
synthetic_pilot,cv5,100,62,logreg,4,0.765625
synthetic_pilot,cv5,100,62,logreg,5,0.75
synthetic_pilot,cv5,100,62,knn,1,0.7890625
synthetic_pilot,cv5,100,62,knn,2,0.6640625
synthetic_pilot,cv5,100,62,knn,3,0.8125
synthetic_pilot,cv5,100,62,knn,4,0.78125
synthetic_pilot,cv5,100,62,knn,5,0.625
synthetic_pilot,cv5,100,62,dtree,1,0.78125
synthetic_pilot,cv5,100,62,dtree,2,0.75
synthetic_pilot,cv5,100,62,dtree,3,0.53125
synthetic_pilot,cv5,100,62,dtree,4,0.46875
synthetic_pilot,cv5,100,62,dtree,5,0.71875
synthetic_pilot,cv5,100,62,svm,1,0.734375
synthetic_pilot,cv5,100,62,svm,2,0.9375
synthetic_pilot,cv5,100,62,svm,3,0.765625
synthetic_pilot,cv5,100,62,svm,4,0.71875
synthetic_pilot,cv5,100,62,svm,5,0.8125
synthetic_pilot,cv5,100,62,rf,1,0.734375
synthetic_pilot,cv5,100,62,rf,2,0.828125
synthetic_pilot,cv5,100,62,rf,3,0.875
synthetic_pilot,cv5,100,62,rf,4,0.5859375
synthetic_pilot,cv5,100,62,rf,5,0.828125
synthetic_pilot,cv5,100,62,gb,1,0.703125
synthetic_pilot,cv5,100,62,gb,2,0.8125
synthetic_pilot,cv5,100,62,gb,3,0.765625
synthetic_pilot,cv5,100,62,gb,4,0.921875
synthetic_pilot,cv5,100,62,gb,5,0.75
synthetic_pilot,cv5,100,63,logreg,1,0.375
synthetic_pilot,cv5,100,63,logreg,2,0.578125
synthetic_pilot,cv5,100,63,logreg,3,0.90625
synthetic_pilot,cv5,100,63,logreg,4,0.84375
synthetic_pilot,cv5,100,63,logreg,5,0.546875
synthetic_pilot,cv5,100,63,knn,1,0.6640625
synthetic_pilot,cv5,100,63,knn,2,0.5234375
synthetic_pilot,cv5,100,63,knn,3,0.7578125
synthetic_pilot,cv5,100,63,knn,4,0.65625
synthetic_pilot,cv5,100,63,knn,5,0.515625
synthetic_pilot,cv5,100,63,dtree,1,0.28125
synthetic_pilot,cv5,100,63,dtree,2,0.625
synthetic_pilot,cv5,100,63,dtree,3,0.3671875
synthetic_pilot,cv5,100,63,dtree,4,0.4765625
synthetic_pilot,cv5,100,63,dtree,5,0.5703125
synthetic_pilot,cv5,100,63,svm,1,0.421875
synthetic_pilot,cv5,100,63,svm,2,0.578125
synthetic_pilot,cv5,100,63,svm,3,0.28125
synthetic_pilot,cv5,100,63,svm,4,0.296875
synthetic_pilot,cv5,100,63,svm,5,0.703125
synthetic_pilot,cv5,100,63,rf,1,0.5
synthetic_pilot,cv5,100,63,rf,2,0.65625
synthetic_pilot,cv5,100,63,rf,3,0.96875
synthetic_pilot,cv5,100,63,rf,4,0.71875
synthetic_pilot,cv5,100,63,rf,5,0.578125
synthetic_pilot,cv5,100,63,gb,1,0.515625
synthetic_pilot,cv5,100,63,gb,2,0.671875
synthetic_pilot,cv5,100,63,gb,3,0.8125
synthetic_pilot,cv5,100,63,gb,4,0.703125
synthetic_pilot,cv5,100,63,gb,5,0.28125
synthetic_pilot,cv5,100,64,logreg,1,0.75
synthetic_pilot,cv5,100,64,logreg,2,0.84375
synthetic_pilot,cv5,100,64,logreg,3,0.8125
synthetic_pilot,cv5,100,64,logreg,4,0.640625
synthetic_pilot,cv5,100,64,logreg,5,0.90625
synthetic_pilot,cv5,100,64,knn,1,0.8671875
synthetic_pilot,cv5,100,64,knn,2,0.796875
synthetic_pilot,cv5,100,64,knn,3,0.640625
synthetic_pilot,cv5,100,64,knn,4,0.609375
synthetic_pilot,cv5,100,64,knn,5,0.71875
synthetic_pilot,cv5,100,64,dtree,1,0.75
synthetic_pilot,cv5,100,64,dtree,2,0.4765625
synthetic_pilot,cv5,100,64,dtree,3,0.484375
synthetic_pilot,cv5,100,64,dtree,4,0.265625
synthetic_pilot,cv5,100,64,dtree,5,0.6171875
synthetic_pilot,cv5,100,64,svm,1,0.90625
synthetic_pilot,cv5,100,64,svm,2,0.890625
synthetic_pilot,cv5,100,64,svm,3,0.796875
synthetic_pilot,cv5,100,64,svm,4,0.609375
synthetic_pilot,cv5,100,64,svm,5,0.796875
synthetic_pilot,cv5,100,64,rf,1,0.8984375
synthetic_pilot,cv5,100,64,rf,2,0.7421875
synthetic_pilot,cv5,100,64,rf,3,0.6171875
synthetic_pilot,cv5,100,64,rf,4,0.4765625
synthetic_pilot,cv5,100,64,rf,5,0.8046875
synthetic_pilot,cv5,100,64,gb,1,0.75
synthetic_pilot,cv5,100,64,gb,2,0.84375
synthetic_pilot,cv5,100,64,gb,3,0.796875
synthetic_pilot,cv5,100,64,gb,4,0.5
synthetic_pilot,cv5,100,64,gb,5,1.0
synthetic_pilot,cv5,100,65,logreg,1,0.921875
synthetic_pilot,cv5,100,65,logreg,2,0.84375
synthetic_pilot,cv5,100,65,logreg,3,0.8125
synthetic_pilot,cv5,100,65,logreg,4,0.8125
synthetic_pilot,cv5,100,65,logreg,5,0.84375
synthetic_pilot,cv5,100,65,knn,1,0.8046875
synthetic_pilot,cv5,100,65,knn,2,0.78125
synthetic_pilot,cv5,100,65,knn,3,0.7890625
synthetic_pilot,cv5,100,65,knn,4,0.921875
synthetic_pilot,cv5,100,65,knn,5,0.71875
synthetic_pilot,cv5,100,65,dtree,1,0.75
synthetic_pilot,cv5,100,65,dtree,2,0.40625
synthetic_pilot,cv5,100,65,dtree,3,0.59375
synthetic_pilot,cv5,100,65,dtree,4,0.953125
synthetic_pilot,cv5,100,65,dtree,5,0.84375
synthetic_pilot,cv5,100,65,svm,1,0.890625
synthetic_pilot,cv5,100,65,svm,2,0.796875
synthetic_pilot,cv5,100,65,svm,3,0.734375
synthetic_pilot,cv5,100,65,svm,4,0.859375
synthetic_pilot,cv5,100,65,svm,5,0.65625
synthetic_pilot,cv5,100,65,rf,1,0.890625
synthetic_pilot,cv5,100,65,rf,2,0.7265625
synthetic_pilot,cv5,100,65,rf,3,0.7421875
synthetic_pilot,cv5,100,65,rf,4,0.9375
synthetic_pilot,cv5,100,65,rf,5,0.765625
synthetic_pilot,cv5,100,65,gb,1,0.921875
synthetic_pilot,cv5,100,65,gb,2,0.84375
synthetic_pilot,cv5,100,65,gb,3,0.75
synthetic_pilot,cv5,100,65,gb,4,0.953125
synthetic_pilot,cv5,100,65,gb,5,0.796875
synthetic_pilot,cv5,100,66,logreg,1,0.484375
synthetic_pilot,cv5,100,66,logreg,2,0.453125
synthetic_pilot,cv5,100,66,logreg,3,0.703125
synthetic_pilot,cv5,100,66,logreg,4,0.515625
synthetic_pilot,cv5,100,66,logreg,5,0.453125
synthetic_pilot,cv5,100,66,knn,1,0.59375
synthetic_pilot,cv5,100,66,knn,2,0.46875
synthetic_pilot,cv5,100,66,knn,3,0.6640625
synthetic_pilot,cv5,100,66,knn,4,0.6875
synthetic_pilot,cv5,100,66,knn,5,0.65625
synthetic_pilot,cv5,100,66,dtree,1,0.625
synthetic_pilot,cv5,100,66,dtree,2,0.5625
synthetic_pilot,cv5,100,66,dtree,3,0.328125
synthetic_pilot,cv5,100,66,dtree,4,0.53125
synthetic_pilot,cv5,100,66,dtree,5,0.703125
synthetic_pilot,cv5,100,66,svm,1,0.609375
synthetic_pilot,cv5,100,66,svm,2,0.078125
synthetic_pilot,cv5,100,66,svm,3,0.734375
synthetic_pilot,cv5,100,66,svm,4,0.71875
synthetic_pilot,cv5,100,66,svm,5,0.15625
synthetic_pilot,cv5,100,66,rf,1,0.4765625
synthetic_pilot,cv5,100,66,rf,2,0.515625
synthetic_pilot,cv5,100,66,rf,3,0.703125
synthetic_pilot,cv5,100,66,rf,4,0.5859375
synthetic_pilot,cv5,100,66,rf,5,0.7421875
synthetic_pilot,cv5,100,66,gb,1,0.546875
synthetic_pilot,cv5,100,66,gb,2,0.65625
synthetic_pilot,cv5,100,66,gb,3,0.8125
synthetic_pilot,cv5,100,66,gb,4,0.5
synthetic_pilot,cv5,100,66,gb,5,0.6875
synthetic_pilot,cv5,100,67,logreg,1,0.609375
synthetic_pilot,cv5,100,67,logreg,2,0.4375
synthetic_pilot,cv5,100,67,logreg,3,0.640625
synthetic_pilot,cv5,100,67,logreg,4,0.671875
synthetic_pilot,cv5,100,67,logreg,5,0.71875
synthetic_pilot,cv5,100,67,knn,1,0.8984375
synthetic_pilot,cv5,100,67,knn,2,0.5859375
synthetic_pilot,cv5,100,67,knn,3,0.6875
synthetic_pilot,cv5,100,67,knn,4,0.59375
synthetic_pilot,cv5,100,67,knn,5,0.5859375
synthetic_pilot,cv5,100,67,dtree,1,0.46875
synthetic_pilot,cv5,100,67,dtree,2,0.5234375
synthetic_pilot,cv5,100,67,dtree,3,0.703125
synthetic_pilot,cv5,100,67,dtree,4,0.6640625
synthetic_pilot,cv5,100,67,dtree,5,0.625
synthetic_pilot,cv5,100,67,svm,1,0.71875
synthetic_pilot,cv5,100,67,svm,2,0.859375
synthetic_pilot,cv5,100,67,svm,3,0.703125
synthetic_pilot,cv5,100,67,svm,4,0.734375
synthetic_pilot,cv5,100,67,svm,5,0.515625
synthetic_pilot,cv5,100,67,rf,1,0.546875
synthetic_pilot,cv5,100,67,rf,2,0.71875
synthetic_pilot,cv5,100,67,rf,3,0.8359375
synthetic_pilot,cv5,100,67,rf,4,0.7421875
synthetic_pilot,cv5,100,67,rf,5,0.6015625
synthetic_pilot,cv5,100,67,gb,1,0.359375
synthetic_pilot,cv5,100,67,gb,2,0.453125
synthetic_pilot,cv5,100,67,gb,3,0.734375
synthetic_pilot,cv5,100,67,gb,4,0.78125
synthetic_pilot,cv5,100,67,gb,5,0.546875
synthetic_pilot,cv5,100,68,logreg,1,0.671875
synthetic_pilot,cv5,100,68,logreg,2,0.8125
synthetic_pilot,cv5,100,68,logreg,3,0.671875
synthetic_pilot,cv5,100,68,logreg,4,0.9375
synthetic_pilot,cv5,100,68,logreg,5,0.609375
synthetic_pilot,cv5,100,68,knn,1,0.765625
synthetic_pilot,cv5,100,68,knn,2,0.640625
synthetic_pilot,cv5,100,68,knn,3,0.7734375
synthetic_pilot,cv5,100,68,knn,4,0.953125
synthetic_pilot,cv5,100,68,knn,5,0.7578125
synthetic_pilot,cv5,100,68,dtree,1,0.65625
synthetic_pilot,cv5,100,68,dtree,2,0.4375
synthetic_pilot,cv5,100,68,dtree,3,0.75
synthetic_pilot,cv5,100,68,dtree,4,0.8984375
synthetic_pilot,cv5,100,68,dtree,5,0.765625
synthetic_pilot,cv5,100,68,svm,1,0.796875
synthetic_pilot,cv5,100,68,svm,2,0.609375
synthetic_pilot,cv5,100,68,svm,3,0.96875
synthetic_pilot,cv5,100,68,svm,4,0.921875
synthetic_pilot,cv5,100,68,svm,5,0.671875
synthetic_pilot,cv5,100,68,rf,1,0.5546875
synthetic_pilot,cv5,100,68,rf,2,0.640625
synthetic_pilot,cv5,100,68,rf,3,0.8046875
synthetic_pilot,cv5,100,68,rf,4,0.875
synthetic_pilot,cv5,100,68,rf,5,0.9296875
synthetic_pilot,cv5,100,68,gb,1,0.625
synthetic_pilot,cv5,100,68,gb,2,0.609375
synthetic_pilot,cv5,100,68,gb,3,0.484375
synthetic_pilot,cv5,100,68,gb,4,0.84375
synthetic_pilot,cv5,100,68,gb,5,0.625
synthetic_pilot,cv5,100,69,logreg,1,0.609375
synthetic_pilot,cv5,100,69,logreg,2,0.796875
synthetic_pilot,cv5,100,69,logreg,3,0.8125
synthetic_pilot,cv5,100,69,logreg,4,0.84375
synthetic_pilot,cv5,100,69,logreg,5,0.6875
synthetic_pilot,cv5,100,69,knn,1,0.6796875
synthetic_pilot,cv5,100,69,knn,2,0.59375
synthetic_pilot,cv5,100,69,knn,3,0.7265625
synthetic_pilot,cv5,100,69,knn,4,0.7265625
synthetic_pilot,cv5,100,69,knn,5,0.6171875
synthetic_pilot,cv5,100,69,dtree,1,0.34375
synthetic_pilot,cv5,100,69,dtree,2,0.6875
synthetic_pilot,cv5,100,69,dtree,3,0.5625
synthetic_pilot,cv5,100,69,dtree,4,0.5
synthetic_pilot,cv5,100,69,dtree,5,0.671875
synthetic_pilot,cv5,100,69,svm,1,0.65625
synthetic_pilot,cv5,100,69,svm,2,0.703125
synthetic_pilot,cv5,100,69,svm,3,0.59375
synthetic_pilot,cv5,100,69,svm,4,0.90625
synthetic_pilot,cv5,100,69,svm,5,0.6875
synthetic_pilot,cv5,100,69,rf,1,0.6015625
synthetic_pilot,cv5,100,69,rf,2,0.6640625
synthetic_pilot,cv5,100,69,rf,3,0.5390625
synthetic_pilot,cv5,100,69,rf,4,0.78125
synthetic_pilot,cv5,100,69,rf,5,0.671875
synthetic_pilot,cv5,100,69,gb,1,0.546875
synthetic_pilot,cv5,100,69,gb,2,0.546875
synthetic_pilot,cv5,100,69,gb,3,0.796875
synthetic_pilot,cv5,100,69,gb,4,0.8125
synthetic_pilot,cv5,100,69,gb,5,0.640625
synthetic_pilot,cv5,100,70,logreg,1,0.5625
synthetic_pilot,cv5,100,70,logreg,2,0.578125
synthetic_pilot,cv5,100,70,logreg,3,0.640625
synthetic_pilot,cv5,100,70,logreg,4,0.75
synthetic_pilot,cv5,100,70,logreg,5,0.40625
synthetic_pilot,cv5,100,70,knn,1,0.6875
synthetic_pilot,cv5,100,70,knn,2,0.6875
synthetic_pilot,cv5,100,70,knn,3,0.6015625
synthetic_pilot,cv5,100,70,knn,4,0.5625
synthetic_pilot,cv5,100,70,knn,5,0.6328125
synthetic_pilot,cv5,100,70,dtree,1,0.546875
synthetic_pilot,cv5,100,70,dtree,2,0.6796875
synthetic_pilot,cv5,100,70,dtree,3,0.5390625
synthetic_pilot,cv5,100,70,dtree,4,0.7109375
synthetic_pilot,cv5,100,70,dtree,5,0.3984375
synthetic_pilot,cv5,100,70,svm,1,0.828125
synthetic_pilot,cv5,100,70,svm,2,0.828125
synthetic_pilot,cv5,100,70,svm,3,0.609375
synthetic_pilot,cv5,100,70,svm,4,0.84375
synthetic_pilot,cv5,100,70,svm,5,0.5625
synthetic_pilot,cv5,100,70,rf,1,0.390625
synthetic_pilot,cv5,100,70,rf,2,0.75
synthetic_pilot,cv5,100,70,rf,3,0.625
synthetic_pilot,cv5,100,70,rf,4,0.7265625
synthetic_pilot,cv5,100,70,rf,5,0.5703125
synthetic_pilot,cv5,100,70,gb,1,0.53125
synthetic_pilot,cv5,100,70,gb,2,0.5625
synthetic_pilot,cv5,100,70,gb,3,0.546875
synthetic_pilot,cv5,100,70,gb,4,0.578125
synthetic_pilot,cv5,100,70,gb,5,0.484375
synthetic_pilot,cv5,100,71,logreg,1,0.6875
synthetic_pilot,cv5,100,71,logreg,2,0.84375
synthetic_pilot,cv5,100,71,logreg,3,0.875
synthetic_pilot,cv5,100,71,logreg,4,0.578125
synthetic_pilot,cv5,100,71,logreg,5,0.78125
synthetic_pilot,cv5,100,71,knn,1,0.6875
synthetic_pilot,cv5,100,71,knn,2,0.7109375
synthetic_pilot,cv5,100,71,knn,3,0.8046875
synthetic_pilot,cv5,100,71,knn,4,0.53125
synthetic_pilot,cv5,100,71,knn,5,0.71875
synthetic_pilot,cv5,100,71,dtree,1,0.4375
synthetic_pilot,cv5,100,71,dtree,2,0.7578125
synthetic_pilot,cv5,100,71,dtree,3,0.5546875
synthetic_pilot,cv5,100,71,dtree,4,0.546875
synthetic_pilot,cv5,100,71,dtree,5,0.4375
synthetic_pilot,cv5,100,71,svm,1,0.796875
synthetic_pilot,cv5,100,71,svm,2,0.78125
synthetic_pilot,cv5,100,71,svm,3,0.75
synthetic_pilot,cv5,100,71,svm,4,0.515625
synthetic_pilot,cv5,100,71,svm,5,0.734375
synthetic_pilot,cv5,100,71,rf,1,0.7578125
synthetic_pilot,cv5,100,71,rf,2,0.8046875
synthetic_pilot,cv5,100,71,rf,3,0.6796875
synthetic_pilot,cv5,100,71,rf,4,0.53125
synthetic_pilot,cv5,100,71,rf,5,0.4375
synthetic_pilot,cv5,100,71,gb,1,0.75
synthetic_pilot,cv5,100,71,gb,2,0.875
synthetic_pilot,cv5,100,71,gb,3,0.84375
synthetic_pilot,cv5,100,71,gb,4,0.53125
synthetic_pilot,cv5,100,71,gb,5,0.828125
synthetic_pilot,cv5,100,72,logreg,1,0.71875
synthetic_pilot,cv5,100,72,logreg,2,0.53125
synthetic_pilot,cv5,100,72,logreg,3,0.984375
synthetic_pilot,cv5,100,72,logreg,4,0.515625
synthetic_pilot,cv5,100,72,logreg,5,0.578125
synthetic_pilot,cv5,100,72,knn,1,0.6875
synthetic_pilot,cv5,100,72,knn,2,0.5703125
synthetic_pilot,cv5,100,72,knn,3,0.5234375
synthetic_pilot,cv5,100,72,knn,4,0.5703125
synthetic_pilot,cv5,100,72,knn,5,0.53125
synthetic_pilot,cv5,100,72,dtree,1,0.671875
synthetic_pilot,cv5,100,72,dtree,2,0.5625
synthetic_pilot,cv5,100,72,dtree,3,0.828125
synthetic_pilot,cv5,100,72,dtree,4,0.515625
synthetic_pilot,cv5,100,72,dtree,5,0.6484375
synthetic_pilot,cv5,100,72,svm,1,0.75
synthetic_pilot,cv5,100,72,svm,2,0.078125
synthetic_pilot,cv5,100,72,svm,3,0.65625
synthetic_pilot,cv5,100,72,svm,4,0.515625
synthetic_pilot,cv5,100,72,svm,5,0.375
synthetic_pilot,cv5,100,72,rf,1,0.625
synthetic_pilot,cv5,100,72,rf,2,0.90625
synthetic_pilot,cv5,100,72,rf,3,0.8125
synthetic_pilot,cv5,100,72,rf,4,0.609375
synthetic_pilot,cv5,100,72,rf,5,0.328125
synthetic_pilot,cv5,100,72,gb,1,0.59375
synthetic_pilot,cv5,100,72,gb,2,0.640625
synthetic_pilot,cv5,100,72,gb,3,0.453125
synthetic_pilot,cv5,100,72,gb,4,0.40625
synthetic_pilot,cv5,100,72,gb,5,0.546875
synthetic_pilot,cv5,100,73,logreg,1,1.0
synthetic_pilot,cv5,100,73,logreg,2,0.875
synthetic_pilot,cv5,100,73,logreg,3,0.796875
synthetic_pilot,cv5,100,73,logreg,4,0.703125
synthetic_pilot,cv5,100,73,logreg,5,0.703125
synthetic_pilot,cv5,100,73,knn,1,0.75
synthetic_pilot,cv5,100,73,knn,2,0.4140625
synthetic_pilot,cv5,100,73,knn,3,0.609375
synthetic_pilot,cv5,100,73,knn,4,0.7578125
synthetic_pilot,cv5,100,73,knn,5,0.59375
synthetic_pilot,cv5,100,73,dtree,1,0.734375
synthetic_pilot,cv5,100,73,dtree,2,0.671875
synthetic_pilot,cv5,100,73,dtree,3,0.640625
synthetic_pilot,cv5,100,73,dtree,4,0.5
synthetic_pilot,cv5,100,73,dtree,5,0.5625
synthetic_pilot,cv5,100,73,svm,1,0.90625
synthetic_pilot,cv5,100,73,svm,2,0.703125
synthetic_pilot,cv5,100,73,svm,3,0.609375
synthetic_pilot,cv5,100,73,svm,4,0.765625
synthetic_pilot,cv5,100,73,svm,5,0.625
synthetic_pilot,cv5,100,73,rf,1,0.875
synthetic_pilot,cv5,100,73,rf,2,0.890625
synthetic_pilot,cv5,100,73,rf,3,0.6484375
synthetic_pilot,cv5,100,73,rf,4,0.8203125
synthetic_pilot,cv5,100,73,rf,5,0.7421875
synthetic_pilot,cv5,100,73,gb,1,0.78125
synthetic_pilot,cv5,100,73,gb,2,0.625
synthetic_pilot,cv5,100,73,gb,3,0.65625
synthetic_pilot,cv5,100,73,gb,4,0.515625
synthetic_pilot,cv5,100,73,gb,5,0.828125
synthetic_pilot,cv5,100,74,logreg,1,0.796875
synthetic_pilot,cv5,100,74,logreg,2,0.703125
synthetic_pilot,cv5,100,74,logreg,3,0.953125
synthetic_pilot,cv5,100,74,logreg,4,0.78125
synthetic_pilot,cv5,100,74,logreg,5,0.71875
synthetic_pilot,cv5,100,74,knn,1,0.6015625
synthetic_pilot,cv5,100,74,knn,2,0.625
synthetic_pilot,cv5,100,74,knn,3,0.75
synthetic_pilot,cv5,100,74,knn,4,0.78125
synthetic_pilot,cv5,100,74,knn,5,0.640625
synthetic_pilot,cv5,100,74,dtree,1,0.625
synthetic_pilot,cv5,100,74,dtree,2,0.53125
synthetic_pilot,cv5,100,74,dtree,3,0.515625
synthetic_pilot,cv5,100,74,dtree,4,0.7734375
synthetic_pilot,cv5,100,74,dtree,5,0.5
synthetic_pilot,cv5,100,74,svm,1,0.75
synthetic_pilot,cv5,100,74,svm,2,0.703125
synthetic_pilot,cv5,100,74,svm,3,0.953125
synthetic_pilot,cv5,100,74,svm,4,0.828125
synthetic_pilot,cv5,100,74,svm,5,0.71875
synthetic_pilot,cv5,100,74,rf,1,0.7265625
synthetic_pilot,cv5,100,74,rf,2,0.5
synthetic_pilot,cv5,100,74,rf,3,0.7890625
synthetic_pilot,cv5,100,74,rf,4,0.75
synthetic_pilot,cv5,100,74,rf,5,0.703125
synthetic_pilot,cv5,100,74,gb,1,0.609375
synthetic_pilot,cv5,100,74,gb,2,0.609375
synthetic_pilot,cv5,100,74,gb,3,0.859375
synthetic_pilot,cv5,100,74,gb,4,0.671875
synthetic_pilot,cv5,100,74,gb,5,0.625
synthetic_pilot,cv5,100,75,logreg,1,0.578125
synthetic_pilot,cv5,100,75,logreg,2,0.703125
synthetic_pilot,cv5,100,75,logreg,3,0.71875
synthetic_pilot,cv5,100,75,logreg,4,0.796875
synthetic_pilot,cv5,100,75,logreg,5,0.828125
synthetic_pilot,cv5,100,75,knn,1,0.546875
synthetic_pilot,cv5,100,75,knn,2,0.625
synthetic_pilot,cv5,100,75,knn,3,0.6328125
synthetic_pilot,cv5,100,75,knn,4,0.59375
synthetic_pilot,cv5,100,75,knn,5,0.828125
synthetic_pilot,cv5,100,75,dtree,1,0.625
synthetic_pilot,cv5,100,75,dtree,2,0.59375
synthetic_pilot,cv5,100,75,dtree,3,0.71875
synthetic_pilot,cv5,100,75,dtree,4,0.3125
synthetic_pilot,cv5,100,75,dtree,5,0.59375
synthetic_pilot,cv5,100,75,svm,1,0.515625
synthetic_pilot,cv5,100,75,svm,2,0.5625
synthetic_pilot,cv5,100,75,svm,3,0.84375
synthetic_pilot,cv5,100,75,svm,4,0.671875
synthetic_pilot,cv5,100,75,svm,5,0.765625
synthetic_pilot,cv5,100,75,rf,1,0.5078125
synthetic_pilot,cv5,100,75,rf,2,0.7421875
synthetic_pilot,cv5,100,75,rf,3,0.796875
synthetic_pilot,cv5,100,75,rf,4,0.7890625
synthetic_pilot,cv5,100,75,rf,5,0.796875
synthetic_pilot,cv5,100,75,gb,1,0.5
synthetic_pilot,cv5,100,75,gb,2,0.59375
synthetic_pilot,cv5,100,75,gb,3,0.71875
synthetic_pilot,cv5,100,75,gb,4,0.53125
synthetic_pilot,cv5,100,75,gb,5,0.8125
synthetic_pilot,cv5,100,76,logreg,1,0.890625
synthetic_pilot,cv5,100,76,logreg,2,0.5
synthetic_pilot,cv5,100,76,logreg,3,0.5625
synthetic_pilot,cv5,100,76,logreg,4,0.765625
synthetic_pilot,cv5,100,76,logreg,5,0.84375
synthetic_pilot,cv5,100,76,knn,1,0.578125
synthetic_pilot,cv5,100,76,knn,2,0.5
synthetic_pilot,cv5,100,76,knn,3,0.5078125
synthetic_pilot,cv5,100,76,knn,4,0.6875
synthetic_pilot,cv5,100,76,knn,5,0.7890625
synthetic_pilot,cv5,100,76,dtree,1,0.75
synthetic_pilot,cv5,100,76,dtree,2,0.53125
synthetic_pilot,cv5,100,76,dtree,3,0.65625
synthetic_pilot,cv5,100,76,dtree,4,0.5
synthetic_pilot,cv5,100,76,dtree,5,0.71875
synthetic_pilot,cv5,100,76,svm,1,0.953125
synthetic_pilot,cv5,100,76,svm,2,0.640625
synthetic_pilot,cv5,100,76,svm,3,0.640625
synthetic_pilot,cv5,100,76,svm,4,0.75
synthetic_pilot,cv5,100,76,svm,5,0.90625
synthetic_pilot,cv5,100,76,rf,1,0.90625
synthetic_pilot,cv5,100,76,rf,2,0.6640625
synthetic_pilot,cv5,100,76,rf,3,0.8125
synthetic_pilot,cv5,100,76,rf,4,0.6796875
synthetic_pilot,cv5,100,76,rf,5,0.828125
synthetic_pilot,cv5,100,76,gb,1,0.890625
synthetic_pilot,cv5,100,76,gb,2,0.625
synthetic_pilot,cv5,100,76,gb,3,0.78125
synthetic_pilot,cv5,100,76,gb,4,0.703125
synthetic_pilot,cv5,100,76,gb,5,0.78125
synthetic_pilot,cv5,100,77,logreg,1,0.671875
synthetic_pilot,cv5,100,77,logreg,2,0.78125
synthetic_pilot,cv5,100,77,logreg,3,0.4375
synthetic_pilot,cv5,100,77,logreg,4,0.59375
synthetic_pilot,cv5,100,77,logreg,5,0.765625
synthetic_pilot,cv5,100,77,knn,1,0.4921875
synthetic_pilot,cv5,100,77,knn,2,0.90625
synthetic_pilot,cv5,100,77,knn,3,0.3828125
synthetic_pilot,cv5,100,77,knn,4,0.484375
synthetic_pilot,cv5,100,77,knn,5,0.703125
synthetic_pilot,cv5,100,77,dtree,1,0.78125
synthetic_pilot,cv5,100,77,dtree,2,0.765625
synthetic_pilot,cv5,100,77,dtree,3,0.53125
synthetic_pilot,cv5,100,77,dtree,4,0.8046875
synthetic_pilot,cv5,100,77,dtree,5,0.9453125
synthetic_pilot,cv5,100,77,svm,1,0.546875
synthetic_pilot,cv5,100,77,svm,2,0.0
synthetic_pilot,cv5,100,77,svm,3,0.46875
synthetic_pilot,cv5,100,77,svm,4,0.4375
synthetic_pilot,cv5,100,77,svm,5,0.84375
synthetic_pilot,cv5,100,77,rf,1,0.7109375
synthetic_pilot,cv5,100,77,rf,2,0.796875
synthetic_pilot,cv5,100,77,rf,3,0.4296875
synthetic_pilot,cv5,100,77,rf,4,0.6640625
synthetic_pilot,cv5,100,77,rf,5,0.890625
synthetic_pilot,cv5,100,77,gb,1,0.703125
synthetic_pilot,cv5,100,77,gb,2,0.859375
synthetic_pilot,cv5,100,77,gb,3,0.609375
synthetic_pilot,cv5,100,77,gb,4,0.71875
synthetic_pilot,cv5,100,77,gb,5,0.875
synthetic_pilot,cv5,100,78,logreg,1,0.84375
synthetic_pilot,cv5,100,78,logreg,2,0.765625
synthetic_pilot,cv5,100,78,logreg,3,0.84375
synthetic_pilot,cv5,100,78,logreg,4,0.6875
synthetic_pilot,cv5,100,78,logreg,5,0.734375
synthetic_pilot,cv5,100,78,knn,1,0.7109375
synthetic_pilot,cv5,100,78,knn,2,0.6328125
synthetic_pilot,cv5,100,78,knn,3,0.625
synthetic_pilot,cv5,100,78,knn,4,0.4140625
synthetic_pilot,cv5,100,78,knn,5,0.5625
synthetic_pilot,cv5,100,78,dtree,1,0.7890625
synthetic_pilot,cv5,100,78,dtree,2,0.375
synthetic_pilot,cv5,100,78,dtree,3,0.640625
synthetic_pilot,cv5,100,78,dtree,4,0.625
synthetic_pilot,cv5,100,78,dtree,5,0.6875
synthetic_pilot,cv5,100,78,svm,1,0.75
synthetic_pilot,cv5,100,78,svm,2,0.703125
synthetic_pilot,cv5,100,78,svm,3,0.796875
synthetic_pilot,cv5,100,78,svm,4,0.71875
synthetic_pilot,cv5,100,78,svm,5,0.5625
synthetic_pilot,cv5,100,78,rf,1,0.890625
synthetic_pilot,cv5,100,78,rf,2,0.796875
synthetic_pilot,cv5,100,78,rf,3,0.7734375
synthetic_pilot,cv5,100,78,rf,4,0.7421875
synthetic_pilot,cv5,100,78,rf,5,0.65625
synthetic_pilot,cv5,100,78,gb,1,0.6875
synthetic_pilot,cv5,100,78,gb,2,0.8125
synthetic_pilot,cv5,100,78,gb,3,0.90625
synthetic_pilot,cv5,100,78,gb,4,0.53125
synthetic_pilot,cv5,100,78,gb,5,0.703125
synthetic_pilot,cv5,100,79,logreg,1,0.484375
synthetic_pilot,cv5,100,79,logreg,2,0.53125
synthetic_pilot,cv5,100,79,logreg,3,0.375
synthetic_pilot,cv5,100,79,logreg,4,0.421875
synthetic_pilot,cv5,100,79,logreg,5,0.40625
synthetic_pilot,cv5,100,79,knn,1,0.375
synthetic_pilot,cv5,100,79,knn,2,0.75
synthetic_pilot,cv5,100,79,knn,3,0.46875
synthetic_pilot,cv5,100,79,knn,4,0.390625
synthetic_pilot,cv5,100,79,knn,5,0.609375
synthetic_pilot,cv5,100,79,dtree,1,0.5625
synthetic_pilot,cv5,100,79,dtree,2,0.4921875
synthetic_pilot,cv5,100,79,dtree,3,0.40625
synthetic_pilot,cv5,100,79,dtree,4,0.53125
synthetic_pilot,cv5,100,79,dtree,5,0.5703125
synthetic_pilot,cv5,100,79,svm,1,0.25
synthetic_pilot,cv5,100,79,svm,2,0.75
synthetic_pilot,cv5,100,79,svm,3,0.546875
synthetic_pilot,cv5,100,79,svm,4,0.4375
synthetic_pilot,cv5,100,79,svm,5,0.4375
synthetic_pilot,cv5,100,79,rf,1,0.515625
synthetic_pilot,cv5,100,79,rf,2,0.6875
synthetic_pilot,cv5,100,79,rf,3,0.6328125
synthetic_pilot,cv5,100,79,rf,4,0.59375
synthetic_pilot,cv5,100,79,rf,5,0.6015625
synthetic_pilot,cv5,100,79,gb,1,0.5
synthetic_pilot,cv5,100,79,gb,2,0.46875
synthetic_pilot,cv5,100,79,gb,3,0.375
synthetic_pilot,cv5,100,79,gb,4,0.765625
synthetic_pilot,cv5,100,79,gb,5,0.4375
synthetic_pilot,cv5,100,80,logreg,1,0.8125
synthetic_pilot,cv5,100,80,logreg,2,0.5
synthetic_pilot,cv5,100,80,logreg,3,0.578125
synthetic_pilot,cv5,100,80,logreg,4,0.625
synthetic_pilot,cv5,100,80,logreg,5,0.765625
synthetic_pilot,cv5,100,80,knn,1,0.25
synthetic_pilot,cv5,100,80,knn,2,0.53125
synthetic_pilot,cv5,100,80,knn,3,0.7578125
synthetic_pilot,cv5,100,80,knn,4,0.28125
synthetic_pilot,cv5,100,80,knn,5,0.6015625
synthetic_pilot,cv5,100,80,dtree,1,0.546875
synthetic_pilot,cv5,100,80,dtree,2,0.421875
synthetic_pilot,cv5,100,80,dtree,3,0.515625
synthetic_pilot,cv5,100,80,dtree,4,0.4375
synthetic_pilot,cv5,100,80,dtree,5,0.4453125
synthetic_pilot,cv5,100,80,svm,1,0.5625
synthetic_pilot,cv5,100,80,svm,2,0.4375
synthetic_pilot,cv5,100,80,svm,3,0.234375
synthetic_pilot,cv5,100,80,svm,4,0.453125
synthetic_pilot,cv5,100,80,svm,5,0.609375
synthetic_pilot,cv5,100,80,rf,1,0.7578125
synthetic_pilot,cv5,100,80,rf,2,0.4609375
synthetic_pilot,cv5,100,80,rf,3,0.8046875
synthetic_pilot,cv5,100,80,rf,4,0.6015625
synthetic_pilot,cv5,100,80,rf,5,0.34375
synthetic_pilot,cv5,100,80,gb,1,0.578125
synthetic_pilot,cv5,100,80,gb,2,0.390625
synthetic_pilot,cv5,100,80,gb,3,0.609375
synthetic_pilot,cv5,100,80,gb,4,0.515625
synthetic_pilot,cv5,100,80,gb,5,0.453125
synthetic_pilot,cv5,100,81,logreg,1,0.734375
synthetic_pilot,cv5,100,81,logreg,2,0.703125
synthetic_pilot,cv5,100,81,logreg,3,0.390625
synthetic_pilot,cv5,100,81,logreg,4,0.90625
synthetic_pilot,cv5,100,81,logreg,5,0.890625
synthetic_pilot,cv5,100,81,knn,1,0.5625
synthetic_pilot,cv5,100,81,knn,2,0.5703125
synthetic_pilot,cv5,100,81,knn,3,0.6328125
synthetic_pilot,cv5,100,81,knn,4,0.5703125
synthetic_pilot,cv5,100,81,knn,5,0.875
synthetic_pilot,cv5,100,81,dtree,1,0.5078125
synthetic_pilot,cv5,100,81,dtree,2,0.71875
synthetic_pilot,cv5,100,81,dtree,3,0.375
synthetic_pilot,cv5,100,81,dtree,4,0.5625
synthetic_pilot,cv5,100,81,dtree,5,0.65625
synthetic_pilot,cv5,100,81,svm,1,0.625
synthetic_pilot,cv5,100,81,svm,2,0.6875
synthetic_pilot,cv5,100,81,svm,3,0.46875
synthetic_pilot,cv5,100,81,svm,4,0.859375
synthetic_pilot,cv5,100,81,svm,5,0.921875
synthetic_pilot,cv5,100,81,rf,1,0.640625
synthetic_pilot,cv5,100,81,rf,2,0.703125
synthetic_pilot,cv5,100,81,rf,3,0.6484375
synthetic_pilot,cv5,100,81,rf,4,0.6875
synthetic_pilot,cv5,100,81,rf,5,0.9921875
synthetic_pilot,cv5,100,81,gb,1,0.65625
synthetic_pilot,cv5,100,81,gb,2,0.6875
synthetic_pilot,cv5,100,81,gb,3,0.375
synthetic_pilot,cv5,100,81,gb,4,0.71875
synthetic_pilot,cv5,100,81,gb,5,0.953125
synthetic_pilot,cv5,100,82,logreg,1,0.578125
synthetic_pilot,cv5,100,82,logreg,2,0.796875
synthetic_pilot,cv5,100,82,logreg,3,0.75
synthetic_pilot,cv5,100,82,logreg,4,0.625
synthetic_pilot,cv5,100,82,logreg,5,0.765625
synthetic_pilot,cv5,100,82,knn,1,0.734375
synthetic_pilot,cv5,100,82,knn,2,0.6484375
synthetic_pilot,cv5,100,82,knn,3,0.8125
synthetic_pilot,cv5,100,82,knn,4,0.6328125
synthetic_pilot,cv5,100,82,knn,5,0.65625
synthetic_pilot,cv5,100,82,dtree,1,0.78125
synthetic_pilot,cv5,100,82,dtree,2,0.6484375
synthetic_pilot,cv5,100,82,dtree,3,0.6875
synthetic_pilot,cv5,100,82,dtree,4,0.46875
synthetic_pilot,cv5,100,82,dtree,5,0.28125
synthetic_pilot,cv5,100,82,svm,1,0.6875
synthetic_pilot,cv5,100,82,svm,2,0.890625
synthetic_pilot,cv5,100,82,svm,3,0.765625
synthetic_pilot,cv5,100,82,svm,4,0.828125
synthetic_pilot,cv5,100,82,svm,5,0.78125
synthetic_pilot,cv5,100,82,rf,1,0.796875
synthetic_pilot,cv5,100,82,rf,2,0.7265625
synthetic_pilot,cv5,100,82,rf,3,0.890625
synthetic_pilot,cv5,100,82,rf,4,0.7265625
synthetic_pilot,cv5,100,82,rf,5,0.7890625
synthetic_pilot,cv5,100,82,gb,1,0.5625
synthetic_pilot,cv5,100,82,gb,2,0.8125
synthetic_pilot,cv5,100,82,gb,3,0.65625
synthetic_pilot,cv5,100,82,gb,4,0.546875
synthetic_pilot,cv5,100,82,gb,5,0.609375
synthetic_pilot,cv5,100,83,logreg,1,0.734375
synthetic_pilot,cv5,100,83,logreg,2,0.890625
synthetic_pilot,cv5,100,83,logreg,3,0.703125
synthetic_pilot,cv5,100,83,logreg,4,0.71875
synthetic_pilot,cv5,100,83,logreg,5,0.75
synthetic_pilot,cv5,100,83,knn,1,0.6875
synthetic_pilot,cv5,100,83,knn,2,0.7109375
synthetic_pilot,cv5,100,83,knn,3,0.59375
synthetic_pilot,cv5,100,83,knn,4,0.6796875
synthetic_pilot,cv5,100,83,knn,5,0.6015625
synthetic_pilot,cv5,100,83,dtree,1,0.3359375
synthetic_pilot,cv5,100,83,dtree,2,0.46875
synthetic_pilot,cv5,100,83,dtree,3,0.671875
synthetic_pilot,cv5,100,83,dtree,4,0.671875
synthetic_pilot,cv5,100,83,dtree,5,0.6640625
synthetic_pilot,cv5,100,83,svm,1,0.59375
synthetic_pilot,cv5,100,83,svm,2,0.734375
synthetic_pilot,cv5,100,83,svm,3,0.625
synthetic_pilot,cv5,100,83,svm,4,0.84375
synthetic_pilot,cv5,100,83,svm,5,0.8125
synthetic_pilot,cv5,100,83,rf,1,0.5703125
synthetic_pilot,cv5,100,83,rf,2,0.703125
synthetic_pilot,cv5,100,83,rf,3,0.5
synthetic_pilot,cv5,100,83,rf,4,0.640625
synthetic_pilot,cv5,100,83,rf,5,0.765625
synthetic_pilot,cv5,100,83,gb,1,0.625
synthetic_pilot,cv5,100,83,gb,2,0.8125
synthetic_pilot,cv5,100,83,gb,3,0.5625
synthetic_pilot,cv5,100,83,gb,4,0.5625
synthetic_pilot,cv5,100,83,gb,5,0.796875
synthetic_pilot,cv5,100,84,logreg,1,0.90625
synthetic_pilot,cv5,100,84,logreg,2,0.8125
synthetic_pilot,cv5,100,84,logreg,3,0.796875
synthetic_pilot,cv5,100,84,logreg,4,0.4375
synthetic_pilot,cv5,100,84,logreg,5,0.828125
synthetic_pilot,cv5,100,84,knn,1,0.625
synthetic_pilot,cv5,100,84,knn,2,0.703125
synthetic_pilot,cv5,100,84,knn,3,0.5
synthetic_pilot,cv5,100,84,knn,4,0.6875
synthetic_pilot,cv5,100,84,knn,5,0.734375
synthetic_pilot,cv5,100,84,dtree,1,0.4375
synthetic_pilot,cv5,100,84,dtree,2,0.484375
synthetic_pilot,cv5,100,84,dtree,3,0.59375
synthetic_pilot,cv5,100,84,dtree,4,0.40625
synthetic_pilot,cv5,100,84,dtree,5,0.875
synthetic_pilot,cv5,100,84,svm,1,0.765625
synthetic_pilot,cv5,100,84,svm,2,0.75
synthetic_pilot,cv5,100,84,svm,3,0.609375
synthetic_pilot,cv5,100,84,svm,4,0.59375
synthetic_pilot,cv5,100,84,svm,5,0.71875
synthetic_pilot,cv5,100,84,rf,1,0.7734375
synthetic_pilot,cv5,100,84,rf,2,0.78125
synthetic_pilot,cv5,100,84,rf,3,0.6875
synthetic_pilot,cv5,100,84,rf,4,0.390625
synthetic_pilot,cv5,100,84,rf,5,0.7734375
synthetic_pilot,cv5,100,84,gb,1,0.859375
synthetic_pilot,cv5,100,84,gb,2,0.78125
synthetic_pilot,cv5,100,84,gb,3,0.828125
synthetic_pilot,cv5,100,84,gb,4,0.453125
synthetic_pilot,cv5,100,84,gb,5,0.5625
synthetic_pilot,cv5,100,85,logreg,1,0.9375
synthetic_pilot,cv5,100,85,logreg,2,0.65625
synthetic_pilot,cv5,100,85,logreg,3,0.328125
synthetic_pilot,cv5,100,85,logreg,4,0.796875
synthetic_pilot,cv5,100,85,logreg,5,0.8125
synthetic_pilot,cv5,100,85,knn,1,0.828125
synthetic_pilot,cv5,100,85,knn,2,0.6328125
synthetic_pilot,cv5,100,85,knn,3,0.5546875
synthetic_pilot,cv5,100,85,knn,4,0.46875
synthetic_pilot,cv5,100,85,knn,5,0.7109375
synthetic_pilot,cv5,100,85,dtree,1,0.609375
synthetic_pilot,cv5,100,85,dtree,2,0.4921875
synthetic_pilot,cv5,100,85,dtree,3,0.625
synthetic_pilot,cv5,100,85,dtree,4,0.5625
synthetic_pilot,cv5,100,85,dtree,5,0.8125
synthetic_pilot,cv5,100,85,svm,1,1.0
synthetic_pilot,cv5,100,85,svm,2,0.859375
synthetic_pilot,cv5,100,85,svm,3,0.375
synthetic_pilot,cv5,100,85,svm,4,0.65625
synthetic_pilot,cv5,100,85,svm,5,0.734375
synthetic_pilot,cv5,100,85,rf,1,0.890625
synthetic_pilot,cv5,100,85,rf,2,0.7265625
synthetic_pilot,cv5,100,85,rf,3,0.546875
synthetic_pilot,cv5,100,85,rf,4,0.546875
synthetic_pilot,cv5,100,85,rf,5,0.7109375
synthetic_pilot,cv5,100,85,gb,1,0.84375
synthetic_pilot,cv5,100,85,gb,2,0.453125
synthetic_pilot,cv5,100,85,gb,3,0.421875
synthetic_pilot,cv5,100,85,gb,4,0.71875
synthetic_pilot,cv5,100,85,gb,5,0.765625
synthetic_pilot,cv5,100,86,logreg,1,0.6875
synthetic_pilot,cv5,100,86,logreg,2,0.375
synthetic_pilot,cv5,100,86,logreg,3,0.484375
synthetic_pilot,cv5,100,86,logreg,4,0.390625
synthetic_pilot,cv5,100,86,logreg,5,0.84375
synthetic_pilot,cv5,100,86,knn,1,0.5078125
synthetic_pilot,cv5,100,86,knn,2,0.546875
synthetic_pilot,cv5,100,86,knn,3,0.609375
synthetic_pilot,cv5,100,86,knn,4,0.59375
synthetic_pilot,cv5,100,86,knn,5,0.703125
synthetic_pilot,cv5,100,86,dtree,1,0.6875
synthetic_pilot,cv5,100,86,dtree,2,0.640625
synthetic_pilot,cv5,100,86,dtree,3,0.71875
synthetic_pilot,cv5,100,86,dtree,4,0.78125
synthetic_pilot,cv5,100,86,dtree,5,0.546875
synthetic_pilot,cv5,100,86,svm,1,0.65625
synthetic_pilot,cv5,100,86,svm,2,0.71875
synthetic_pilot,cv5,100,86,svm,3,0.765625
synthetic_pilot,cv5,100,86,svm,4,0.734375
synthetic_pilot,cv5,100,86,svm,5,0.703125
synthetic_pilot,cv5,100,86,rf,1,0.8515625
synthetic_pilot,cv5,100,86,rf,2,0.6484375
synthetic_pilot,cv5,100,86,rf,3,0.6953125
synthetic_pilot,cv5,100,86,rf,4,0.796875
synthetic_pilot,cv5,100,86,rf,5,0.734375
synthetic_pilot,cv5,100,86,gb,1,0.859375
synthetic_pilot,cv5,100,86,gb,2,0.359375
synthetic_pilot,cv5,100,86,gb,3,0.828125
synthetic_pilot,cv5,100,86,gb,4,0.75
synthetic_pilot,cv5,100,86,gb,5,0.859375
synthetic_pilot,cv5,100,87,logreg,1,0.921875
synthetic_pilot,cv5,100,87,logreg,2,0.734375
synthetic_pilot,cv5,100,87,logreg,3,0.578125
synthetic_pilot,cv5,100,87,logreg,4,0.71875
synthetic_pilot,cv5,100,87,logreg,5,0.78125
synthetic_pilot,cv5,100,87,knn,1,0.6953125
synthetic_pilot,cv5,100,87,knn,2,0.703125
synthetic_pilot,cv5,100,87,knn,3,0.546875
synthetic_pilot,cv5,100,87,knn,4,0.5859375
synthetic_pilot,cv5,100,87,knn,5,0.65625
synthetic_pilot,cv5,100,87,dtree,1,0.59375
synthetic_pilot,cv5,100,87,dtree,2,0.34375
synthetic_pilot,cv5,100,87,dtree,3,0.4921875
synthetic_pilot,cv5,100,87,dtree,4,0.625
synthetic_pilot,cv5,100,87,dtree,5,0.5703125
synthetic_pilot,cv5,100,87,svm,1,0.859375
synthetic_pilot,cv5,100,87,svm,2,0.609375
synthetic_pilot,cv5,100,87,svm,3,0.703125
synthetic_pilot,cv5,100,87,svm,4,0.828125
synthetic_pilot,cv5,100,87,svm,5,0.734375
synthetic_pilot,cv5,100,87,rf,1,0.796875
synthetic_pilot,cv5,100,87,rf,2,0.6328125
synthetic_pilot,cv5,100,87,rf,3,0.796875
synthetic_pilot,cv5,100,87,rf,4,0.828125
synthetic_pilot,cv5,100,87,rf,5,0.7734375
synthetic_pilot,cv5,100,87,gb,1,0.859375
synthetic_pilot,cv5,100,87,gb,2,0.796875
synthetic_pilot,cv5,100,87,gb,3,0.78125
synthetic_pilot,cv5,100,87,gb,4,0.71875
synthetic_pilot,cv5,100,87,gb,5,0.640625
synthetic_pilot,cv5,100,88,logreg,1,0.8125
synthetic_pilot,cv5,100,88,logreg,2,0.546875
synthetic_pilot,cv5,100,88,logreg,3,0.609375
synthetic_pilot,cv5,100,88,logreg,4,0.625
synthetic_pilot,cv5,100,88,logreg,5,0.6875
synthetic_pilot,cv5,100,88,knn,1,0.890625
synthetic_pilot,cv5,100,88,knn,2,0.6796875
synthetic_pilot,cv5,100,88,knn,3,0.6171875
synthetic_pilot,cv5,100,88,knn,4,0.4140625
synthetic_pilot,cv5,100,88,knn,5,0.8515625
synthetic_pilot,cv5,100,88,dtree,1,0.859375
synthetic_pilot,cv5,100,88,dtree,2,0.625
synthetic_pilot,cv5,100,88,dtree,3,0.296875
synthetic_pilot,cv5,100,88,dtree,4,0.5625
synthetic_pilot,cv5,100,88,dtree,5,0.7109375
synthetic_pilot,cv5,100,88,svm,1,0.953125
synthetic_pilot,cv5,100,88,svm,2,0.765625
synthetic_pilot,cv5,100,88,svm,3,0.609375
synthetic_pilot,cv5,100,88,svm,4,0.59375
synthetic_pilot,cv5,100,88,svm,5,0.71875
synthetic_pilot,cv5,100,88,rf,1,0.9140625
synthetic_pilot,cv5,100,88,rf,2,0.3671875
synthetic_pilot,cv5,100,88,rf,3,0.703125
synthetic_pilot,cv5,100,88,rf,4,0.5546875
synthetic_pilot,cv5,100,88,rf,5,0.5625
synthetic_pilot,cv5,100,88,gb,1,0.703125
synthetic_pilot,cv5,100,88,gb,2,0.453125
synthetic_pilot,cv5,100,88,gb,3,0.65625
synthetic_pilot,cv5,100,88,gb,4,0.59375
synthetic_pilot,cv5,100,88,gb,5,0.5625
synthetic_pilot,cv5,100,89,logreg,1,0.5
synthetic_pilot,cv5,100,89,logreg,2,0.796875
synthetic_pilot,cv5,100,89,logreg,3,0.34375
synthetic_pilot,cv5,100,89,logreg,4,0.453125
synthetic_pilot,cv5,100,89,logreg,5,0.3125
synthetic_pilot,cv5,100,89,knn,1,0.421875
synthetic_pilot,cv5,100,89,knn,2,0.6796875
synthetic_pilot,cv5,100,89,knn,3,0.46875
synthetic_pilot,cv5,100,89,knn,4,0.3203125
synthetic_pilot,cv5,100,89,knn,5,0.40625
synthetic_pilot,cv5,100,89,dtree,1,0.4453125
synthetic_pilot,cv5,100,89,dtree,2,0.4296875
synthetic_pilot,cv5,100,89,dtree,3,0.59375
synthetic_pilot,cv5,100,89,dtree,4,0.5390625
synthetic_pilot,cv5,100,89,dtree,5,0.59375
synthetic_pilot,cv5,100,89,svm,1,0.421875
synthetic_pilot,cv5,100,89,svm,2,0.203125
synthetic_pilot,cv5,100,89,svm,3,0.359375
synthetic_pilot,cv5,100,89,svm,4,0.375
synthetic_pilot,cv5,100,89,svm,5,0.46875
synthetic_pilot,cv5,100,89,rf,1,0.453125
synthetic_pilot,cv5,100,89,rf,2,0.7578125
synthetic_pilot,cv5,100,89,rf,3,0.140625
synthetic_pilot,cv5,100,89,rf,4,0.375
synthetic_pilot,cv5,100,89,rf,5,0.359375
synthetic_pilot,cv5,100,89,gb,1,0.421875
synthetic_pilot,cv5,100,89,gb,2,0.671875
synthetic_pilot,cv5,100,89,gb,3,0.265625
synthetic_pilot,cv5,100,89,gb,4,0.390625
synthetic_pilot,cv5,100,89,gb,5,0.328125
synthetic_pilot,cv5,100,90,logreg,1,0.890625
synthetic_pilot,cv5,100,90,logreg,2,0.453125
synthetic_pilot,cv5,100,90,logreg,3,0.765625
synthetic_pilot,cv5,100,90,logreg,4,0.828125
synthetic_pilot,cv5,100,90,logreg,5,0.734375
synthetic_pilot,cv5,100,90,knn,1,0.8125
synthetic_pilot,cv5,100,90,knn,2,0.40625
synthetic_pilot,cv5,100,90,knn,3,0.4609375
synthetic_pilot,cv5,100,90,knn,4,0.6640625
synthetic_pilot,cv5,100,90,knn,5,0.84375
synthetic_pilot,cv5,100,90,dtree,1,0.515625
synthetic_pilot,cv5,100,90,dtree,2,0.453125
synthetic_pilot,cv5,100,90,dtree,3,0.53125
synthetic_pilot,cv5,100,90,dtree,4,0.515625
synthetic_pilot,cv5,100,90,dtree,5,0.3359375
synthetic_pilot,cv5,100,90,svm,1,0.984375
synthetic_pilot,cv5,100,90,svm,2,0.734375
synthetic_pilot,cv5,100,90,svm,3,0.625
synthetic_pilot,cv5,100,90,svm,4,0.6875
synthetic_pilot,cv5,100,90,svm,5,0.90625
synthetic_pilot,cv5,100,90,rf,1,0.96875
synthetic_pilot,cv5,100,90,rf,2,0.6015625
synthetic_pilot,cv5,100,90,rf,3,0.6484375
synthetic_pilot,cv5,100,90,rf,4,0.8359375
synthetic_pilot,cv5,100,90,rf,5,0.5859375
synthetic_pilot,cv5,100,90,gb,1,0.859375
synthetic_pilot,cv5,100,90,gb,2,0.46875
synthetic_pilot,cv5,100,90,gb,3,0.578125
synthetic_pilot,cv5,100,90,gb,4,0.75
synthetic_pilot,cv5,100,90,gb,5,0.875
synthetic_pilot,cv5,100,91,logreg,1,0.515625
synthetic_pilot,cv5,100,91,logreg,2,0.53125
synthetic_pilot,cv5,100,91,logreg,3,0.640625
synthetic_pilot,cv5,100,91,logreg,4,0.859375
synthetic_pilot,cv5,100,91,logreg,5,0.65625
synthetic_pilot,cv5,100,91,knn,1,0.8046875
synthetic_pilot,cv5,100,91,knn,2,0.8515625
synthetic_pilot,cv5,100,91,knn,3,0.4921875
synthetic_pilot,cv5,100,91,knn,4,0.546875
synthetic_pilot,cv5,100,91,knn,5,0.3046875
synthetic_pilot,cv5,100,91,dtree,1,0.4296875
synthetic_pilot,cv5,100,91,dtree,2,0.65625
synthetic_pilot,cv5,100,91,dtree,3,0.53125
synthetic_pilot,cv5,100,91,dtree,4,0.578125
synthetic_pilot,cv5,100,91,dtree,5,0.59375
synthetic_pilot,cv5,100,91,svm,1,0.5625
synthetic_pilot,cv5,100,91,svm,2,0.71875
synthetic_pilot,cv5,100,91,svm,3,0.6875
synthetic_pilot,cv5,100,91,svm,4,0.875
synthetic_pilot,cv5,100,91,svm,5,0.703125
synthetic_pilot,cv5,100,91,rf,1,0.65625
synthetic_pilot,cv5,100,91,rf,2,0.703125
synthetic_pilot,cv5,100,91,rf,3,0.5625
synthetic_pilot,cv5,100,91,rf,4,0.71875
synthetic_pilot,cv5,100,91,rf,5,0.796875
synthetic_pilot,cv5,100,91,gb,1,0.640625
synthetic_pilot,cv5,100,91,gb,2,0.609375
synthetic_pilot,cv5,100,91,gb,3,0.609375
synthetic_pilot,cv5,100,91,gb,4,0.9375
synthetic_pilot,cv5,100,91,gb,5,0.828125
synthetic_pilot,cv5,100,92,logreg,1,0.484375
synthetic_pilot,cv5,100,92,logreg,2,0.625
synthetic_pilot,cv5,100,92,logreg,3,0.515625
synthetic_pilot,cv5,100,92,logreg,4,0.59375
synthetic_pilot,cv5,100,92,logreg,5,0.5625
synthetic_pilot,cv5,100,92,knn,1,0.59375
synthetic_pilot,cv5,100,92,knn,2,0.6796875
synthetic_pilot,cv5,100,92,knn,3,0.921875
synthetic_pilot,cv5,100,92,knn,4,0.5546875
synthetic_pilot,cv5,100,92,knn,5,0.6875
synthetic_pilot,cv5,100,92,dtree,1,0.4453125
synthetic_pilot,cv5,100,92,dtree,2,0.40625
synthetic_pilot,cv5,100,92,dtree,3,0.6875
synthetic_pilot,cv5,100,92,dtree,4,0.609375
synthetic_pilot,cv5,100,92,dtree,5,0.6015625
synthetic_pilot,cv5,100,92,svm,1,0.5625
synthetic_pilot,cv5,100,92,svm,2,0.71875
synthetic_pilot,cv5,100,92,svm,3,0.75
synthetic_pilot,cv5,100,92,svm,4,0.71875
synthetic_pilot,cv5,100,92,svm,5,0.640625
synthetic_pilot,cv5,100,92,rf,1,0.53125
synthetic_pilot,cv5,100,92,rf,2,0.71875
synthetic_pilot,cv5,100,92,rf,3,0.6953125
synthetic_pilot,cv5,100,92,rf,4,0.703125
synthetic_pilot,cv5,100,92,rf,5,0.8125
synthetic_pilot,cv5,100,92,gb,1,0.453125
synthetic_pilot,cv5,100,92,gb,2,0.71875
synthetic_pilot,cv5,100,92,gb,3,0.9375
synthetic_pilot,cv5,100,92,gb,4,0.625
synthetic_pilot,cv5,100,92,gb,5,0.640625
synthetic_pilot,cv5,100,93,logreg,1,0.65625
synthetic_pilot,cv5,100,93,logreg,2,0.90625
synthetic_pilot,cv5,100,93,logreg,3,0.546875
synthetic_pilot,cv5,100,93,logreg,4,0.671875
synthetic_pilot,cv5,100,93,logreg,5,0.4375
synthetic_pilot,cv5,100,93,knn,1,0.625
synthetic_pilot,cv5,100,93,knn,2,0.78125
synthetic_pilot,cv5,100,93,knn,3,0.359375
synthetic_pilot,cv5,100,93,knn,4,0.6875
synthetic_pilot,cv5,100,93,knn,5,0.6953125
synthetic_pilot,cv5,100,93,dtree,1,0.59375
synthetic_pilot,cv5,100,93,dtree,2,0.734375
synthetic_pilot,cv5,100,93,dtree,3,0.6875
synthetic_pilot,cv5,100,93,dtree,4,0.59375
synthetic_pilot,cv5,100,93,dtree,5,0.78125
synthetic_pilot,cv5,100,93,svm,1,0.609375
synthetic_pilot,cv5,100,93,svm,2,0.671875
synthetic_pilot,cv5,100,93,svm,3,0.5625
synthetic_pilot,cv5,100,93,svm,4,0.640625
synthetic_pilot,cv5,100,93,svm,5,0.765625
synthetic_pilot,cv5,100,93,rf,1,0.5078125
synthetic_pilot,cv5,100,93,rf,2,0.8125
synthetic_pilot,cv5,100,93,rf,3,0.4296875
synthetic_pilot,cv5,100,93,rf,4,0.7109375
synthetic_pilot,cv5,100,93,rf,5,0.8046875
synthetic_pilot,cv5,100,93,gb,1,0.546875
synthetic_pilot,cv5,100,93,gb,2,0.75
synthetic_pilot,cv5,100,93,gb,3,0.5
synthetic_pilot,cv5,100,93,gb,4,0.78125
synthetic_pilot,cv5,100,93,gb,5,0.75
synthetic_pilot,cv5,100,94,logreg,1,0.890625
synthetic_pilot,cv5,100,94,logreg,2,0.640625
synthetic_pilot,cv5,100,94,logreg,3,0.796875
synthetic_pilot,cv5,100,94,logreg,4,0.859375
synthetic_pilot,cv5,100,94,logreg,5,0.46875
synthetic_pilot,cv5,100,94,knn,1,0.90625
synthetic_pilot,cv5,100,94,knn,2,0.703125
synthetic_pilot,cv5,100,94,knn,3,0.8671875
synthetic_pilot,cv5,100,94,knn,4,0.75
synthetic_pilot,cv5,100,94,knn,5,0.7578125
synthetic_pilot,cv5,100,94,dtree,1,0.71875
synthetic_pilot,cv5,100,94,dtree,2,0.59375
synthetic_pilot,cv5,100,94,dtree,3,0.4453125
synthetic_pilot,cv5,100,94,dtree,4,0.65625
synthetic_pilot,cv5,100,94,dtree,5,0.53125
synthetic_pilot,cv5,100,94,svm,1,0.765625
synthetic_pilot,cv5,100,94,svm,2,0.59375
synthetic_pilot,cv5,100,94,svm,3,0.921875
synthetic_pilot,cv5,100,94,svm,4,0.828125
synthetic_pilot,cv5,100,94,svm,5,0.765625
synthetic_pilot,cv5,100,94,rf,1,0.6640625
synthetic_pilot,cv5,100,94,rf,2,0.515625
synthetic_pilot,cv5,100,94,rf,3,0.859375
synthetic_pilot,cv5,100,94,rf,4,0.7734375
synthetic_pilot,cv5,100,94,rf,5,0.765625
synthetic_pilot,cv5,100,94,gb,1,0.484375
synthetic_pilot,cv5,100,94,gb,2,0.515625
synthetic_pilot,cv5,100,94,gb,3,0.703125
synthetic_pilot,cv5,100,94,gb,4,0.703125
synthetic_pilot,cv5,100,94,gb,5,0.671875
synthetic_pilot,cv5,100,95,logreg,1,0.625
synthetic_pilot,cv5,100,95,logreg,2,0.78125
synthetic_pilot,cv5,100,95,logreg,3,0.765625
synthetic_pilot,cv5,100,95,logreg,4,0.65625
synthetic_pilot,cv5,100,95,logreg,5,0.96875
synthetic_pilot,cv5,100,95,knn,1,0.6171875
synthetic_pilot,cv5,100,95,knn,2,0.75
synthetic_pilot,cv5,100,95,knn,3,0.671875
synthetic_pilot,cv5,100,95,knn,4,0.484375
synthetic_pilot,cv5,100,95,knn,5,0.46875
synthetic_pilot,cv5,100,95,dtree,1,0.703125
synthetic_pilot,cv5,100,95,dtree,2,0.53125
synthetic_pilot,cv5,100,95,dtree,3,0.625
synthetic_pilot,cv5,100,95,dtree,4,0.46875
synthetic_pilot,cv5,100,95,dtree,5,0.46875
synthetic_pilot,cv5,100,95,svm,1,0.546875
synthetic_pilot,cv5,100,95,svm,2,0.65625
synthetic_pilot,cv5,100,95,svm,3,0.859375
synthetic_pilot,cv5,100,95,svm,4,0.65625
synthetic_pilot,cv5,100,95,svm,5,0.671875
synthetic_pilot,cv5,100,95,rf,1,0.609375
synthetic_pilot,cv5,100,95,rf,2,0.5703125
synthetic_pilot,cv5,100,95,rf,3,0.765625
synthetic_pilot,cv5,100,95,rf,4,0.390625
synthetic_pilot,cv5,100,95,rf,5,0.7578125
synthetic_pilot,cv5,100,95,gb,1,0.859375
synthetic_pilot,cv5,100,95,gb,2,0.59375
synthetic_pilot,cv5,100,95,gb,3,0.859375
synthetic_pilot,cv5,100,95,gb,4,0.53125
synthetic_pilot,cv5,100,95,gb,5,0.734375
synthetic_pilot,cv5,100,96,logreg,1,0.609375
synthetic_pilot,cv5,100,96,logreg,2,0.90625
synthetic_pilot,cv5,100,96,logreg,3,1.0
synthetic_pilot,cv5,100,96,logreg,4,0.546875
synthetic_pilot,cv5,100,96,logreg,5,0.578125
synthetic_pilot,cv5,100,96,knn,1,0.4296875
synthetic_pilot,cv5,100,96,knn,2,0.78125
synthetic_pilot,cv5,100,96,knn,3,0.984375
synthetic_pilot,cv5,100,96,knn,4,0.859375
synthetic_pilot,cv5,100,96,knn,5,0.1015625
synthetic_pilot,cv5,100,96,dtree,1,0.5
synthetic_pilot,cv5,100,96,dtree,2,0.6875
synthetic_pilot,cv5,100,96,dtree,3,0.59375
synthetic_pilot,cv5,100,96,dtree,4,0.34375
synthetic_pilot,cv5,100,96,dtree,5,0.34375
synthetic_pilot,cv5,100,96,svm,1,0.640625
synthetic_pilot,cv5,100,96,svm,2,0.953125
synthetic_pilot,cv5,100,96,svm,3,1.0
synthetic_pilot,cv5,100,96,svm,4,0.65625
synthetic_pilot,cv5,100,96,svm,5,0.515625
synthetic_pilot,cv5,100,96,rf,1,0.5703125
synthetic_pilot,cv5,100,96,rf,2,0.78125
synthetic_pilot,cv5,100,96,rf,3,0.84375
synthetic_pilot,cv5,100,96,rf,4,0.453125
synthetic_pilot,cv5,100,96,rf,5,0.390625
synthetic_pilot,cv5,100,96,gb,1,0.671875
synthetic_pilot,cv5,100,96,gb,2,0.671875
synthetic_pilot,cv5,100,96,gb,3,0.9375
synthetic_pilot,cv5,100,96,gb,4,0.734375
synthetic_pilot,cv5,100,96,gb,5,0.609375
synthetic_pilot,cv5,100,97,logreg,1,0.5625
synthetic_pilot,cv5,100,97,logreg,2,0.421875
synthetic_pilot,cv5,100,97,logreg,3,0.46875
synthetic_pilot,cv5,100,97,logreg,4,0.828125
synthetic_pilot,cv5,100,97,logreg,5,0.671875
synthetic_pilot,cv5,100,97,knn,1,0.5703125
synthetic_pilot,cv5,100,97,knn,2,0.65625
synthetic_pilot,cv5,100,97,knn,3,0.265625
synthetic_pilot,cv5,100,97,knn,4,0.4609375
synthetic_pilot,cv5,100,97,knn,5,0.734375
synthetic_pilot,cv5,100,97,dtree,1,0.703125
synthetic_pilot,cv5,100,97,dtree,2,0.421875
synthetic_pilot,cv5,100,97,dtree,3,0.34375
synthetic_pilot,cv5,100,97,dtree,4,0.84375
synthetic_pilot,cv5,100,97,dtree,5,0.625
synthetic_pilot,cv5,100,97,svm,1,0.640625
synthetic_pilot,cv5,100,97,svm,2,0.46875
synthetic_pilot,cv5,100,97,svm,3,0.5
synthetic_pilot,cv5,100,97,svm,4,0.71875
synthetic_pilot,cv5,100,97,svm,5,0.609375
synthetic_pilot,cv5,100,97,rf,1,0.6328125
synthetic_pilot,cv5,100,97,rf,2,0.4296875
synthetic_pilot,cv5,100,97,rf,3,0.515625
synthetic_pilot,cv5,100,97,rf,4,0.4921875
synthetic_pilot,cv5,100,97,rf,5,0.75
synthetic_pilot,cv5,100,97,gb,1,0.609375
synthetic_pilot,cv5,100,97,gb,2,0.3125
synthetic_pilot,cv5,100,97,gb,3,0.453125
synthetic_pilot,cv5,100,97,gb,4,0.78125
synthetic_pilot,cv5,100,97,gb,5,0.78125
synthetic_pilot,cv5,100,98,logreg,1,0.484375
synthetic_pilot,cv5,100,98,logreg,2,0.609375
synthetic_pilot,cv5,100,98,logreg,3,0.359375
synthetic_pilot,cv5,100,98,logreg,4,0.453125
synthetic_pilot,cv5,100,98,logreg,5,0.484375
synthetic_pilot,cv5,100,98,knn,1,0.4375
synthetic_pilot,cv5,100,98,knn,2,0.4765625
synthetic_pilot,cv5,100,98,knn,3,0.296875
synthetic_pilot,cv5,100,98,knn,4,0.328125
synthetic_pilot,cv5,100,98,knn,5,0.53125
synthetic_pilot,cv5,100,98,dtree,1,0.4375
synthetic_pilot,cv5,100,98,dtree,2,0.53125
synthetic_pilot,cv5,100,98,dtree,3,0.4375
synthetic_pilot,cv5,100,98,dtree,4,0.46875
synthetic_pilot,cv5,100,98,dtree,5,0.75
synthetic_pilot,cv5,100,98,svm,1,0.421875
synthetic_pilot,cv5,100,98,svm,2,0.328125
synthetic_pilot,cv5,100,98,svm,3,0.46875
synthetic_pilot,cv5,100,98,svm,4,0.453125
synthetic_pilot,cv5,100,98,svm,5,0.484375
synthetic_pilot,cv5,100,98,rf,1,0.4375
synthetic_pilot,cv5,100,98,rf,2,0.5703125
synthetic_pilot,cv5,100,98,rf,3,0.4296875
synthetic_pilot,cv5,100,98,rf,4,0.3515625
synthetic_pilot,cv5,100,98,rf,5,0.59375
synthetic_pilot,cv5,100,98,gb,1,0.4375
synthetic_pilot,cv5,100,98,gb,2,0.5
synthetic_pilot,cv5,100,98,gb,3,0.53125
synthetic_pilot,cv5,100,98,gb,4,0.453125
synthetic_pilot,cv5,100,98,gb,5,0.6875
synthetic_pilot,cv5,100,99,logreg,1,0.5
synthetic_pilot,cv5,100,99,logreg,2,0.703125
synthetic_pilot,cv5,100,99,logreg,3,0.609375
synthetic_pilot,cv5,100,99,logreg,4,0.4375
synthetic_pilot,cv5,100,99,logreg,5,0.515625
synthetic_pilot,cv5,100,99,knn,1,0.484375
synthetic_pilot,cv5,100,99,knn,2,0.8515625
synthetic_pilot,cv5,100,99,knn,3,0.59375
synthetic_pilot,cv5,100,99,knn,4,0.640625
synthetic_pilot,cv5,100,99,knn,5,0.484375
synthetic_pilot,cv5,100,99,dtree,1,0.21875
synthetic_pilot,cv5,100,99,dtree,2,0.546875
synthetic_pilot,cv5,100,99,dtree,3,0.453125
synthetic_pilot,cv5,100,99,dtree,4,0.5234375
synthetic_pilot,cv5,100,99,dtree,5,0.4140625
synthetic_pilot,cv5,100,99,svm,1,0.53125
synthetic_pilot,cv5,100,99,svm,2,0.078125
synthetic_pilot,cv5,100,99,svm,3,0.578125
synthetic_pilot,cv5,100,99,svm,4,0.609375
synthetic_pilot,cv5,100,99,svm,5,0.640625
synthetic_pilot,cv5,100,99,rf,1,0.6640625
synthetic_pilot,cv5,100,99,rf,2,0.875
synthetic_pilot,cv5,100,99,rf,3,0.578125
synthetic_pilot,cv5,100,99,rf,4,0.6015625
synthetic_pilot,cv5,100,99,rf,5,0.4609375
synthetic_pilot,cv5,100,99,gb,1,0.65625
synthetic_pilot,cv5,100,99,gb,2,0.734375
synthetic_pilot,cv5,100,99,gb,3,0.4375
synthetic_pilot,cv5,100,99,gb,4,0.546875
synthetic_pilot,cv5,100,99,gb,5,0.609375
synthetic_pilot,cv5,100,100,logreg,1,0.609375
synthetic_pilot,cv5,100,100,logreg,2,0.546875
synthetic_pilot,cv5,100,100,logreg,3,0.609375
synthetic_pilot,cv5,100,100,logreg,4,0.8125
synthetic_pilot,cv5,100,100,logreg,5,0.90625
synthetic_pilot,cv5,100,100,knn,1,0.6796875
synthetic_pilot,cv5,100,100,knn,2,0.640625
synthetic_pilot,cv5,100,100,knn,3,0.578125
synthetic_pilot,cv5,100,100,knn,4,0.5390625
synthetic_pilot,cv5,100,100,knn,5,0.71875
synthetic_pilot,cv5,100,100,dtree,1,0.4921875
synthetic_pilot,cv5,100,100,dtree,2,0.2890625
synthetic_pilot,cv5,100,100,dtree,3,0.5625
synthetic_pilot,cv5,100,100,dtree,4,0.4296875
synthetic_pilot,cv5,100,100,dtree,5,0.6328125
synthetic_pilot,cv5,100,100,svm,1,0.5625
synthetic_pilot,cv5,100,100,svm,2,0.640625
synthetic_pilot,cv5,100,100,svm,3,0.609375
synthetic_pilot,cv5,100,100,svm,4,0.921875
synthetic_pilot,cv5,100,100,svm,5,0.890625
synthetic_pilot,cv5,100,100,rf,1,0.65625
synthetic_pilot,cv5,100,100,rf,2,0.6171875
synthetic_pilot,cv5,100,100,rf,3,0.578125
synthetic_pilot,cv5,100,100,rf,4,0.6484375
synthetic_pilot,cv5,100,100,rf,5,0.796875
synthetic_pilot,cv5,100,100,gb,1,0.484375
synthetic_pilot,cv5,100,100,gb,2,0.59375
synthetic_pilot,cv5,100,100,gb,3,0.53125
synthetic_pilot,cv5,100,100,gb,4,0.421875
synthetic_pilot,cv5,100,100,gb,5,0.421875
synthetic_pilot,cv5,200,1,logreg,1,0.76953125
synthetic_pilot,cv5,200,1,logreg,2,0.7890625
synthetic_pilot,cv5,200,1,logreg,3,0.828125
synthetic_pilot,cv5,200,1,logreg,4,0.76171875
synthetic_pilot,cv5,200,1,logreg,5,0.88671875
synthetic_pilot,cv5,200,1,knn,1,0.6796875
synthetic_pilot,cv5,200,1,knn,2,0.630859375
synthetic_pilot,cv5,200,1,knn,3,0.888671875
synthetic_pilot,cv5,200,1,knn,4,0.6796875
synthetic_pilot,cv5,200,1,knn,5,0.775390625
synthetic_pilot,cv5,200,1,dtree,1,0.5625
synthetic_pilot,cv5,200,1,dtree,2,0.65625
synthetic_pilot,cv5,200,1,dtree,3,0.7265625
synthetic_pilot,cv5,200,1,dtree,4,0.4765625
synthetic_pilot,cv5,200,1,dtree,5,0.6875
synthetic_pilot,cv5,200,1,svm,1,0.73828125
synthetic_pilot,cv5,200,1,svm,2,0.70703125
synthetic_pilot,cv5,200,1,svm,3,0.7734375
synthetic_pilot,cv5,200,1,svm,4,0.7734375
synthetic_pilot,cv5,200,1,svm,5,0.80859375
synthetic_pilot,cv5,200,1,rf,1,0.6796875
synthetic_pilot,cv5,200,1,rf,2,0.6796875
synthetic_pilot,cv5,200,1,rf,3,0.794921875
synthetic_pilot,cv5,200,1,rf,4,0.654296875
synthetic_pilot,cv5,200,1,rf,5,0.798828125
synthetic_pilot,cv5,200,1,gb,1,0.70703125
synthetic_pilot,cv5,200,1,gb,2,0.7734375
synthetic_pilot,cv5,200,1,gb,3,0.77734375
synthetic_pilot,cv5,200,1,gb,4,0.6640625
synthetic_pilot,cv5,200,1,gb,5,0.75
synthetic_pilot,cv5,200,2,logreg,1,0.765625
synthetic_pilot,cv5,200,2,logreg,2,0.80078125
synthetic_pilot,cv5,200,2,logreg,3,0.87890625
synthetic_pilot,cv5,200,2,logreg,4,0.80859375
synthetic_pilot,cv5,200,2,logreg,5,0.8984375
synthetic_pilot,cv5,200,2,knn,1,0.62109375
synthetic_pilot,cv5,200,2,knn,2,0.603515625
synthetic_pilot,cv5,200,2,knn,3,0.78515625
synthetic_pilot,cv5,200,2,knn,4,0.556640625
synthetic_pilot,cv5,200,2,knn,5,0.6328125
synthetic_pilot,cv5,200,2,dtree,1,0.47265625
synthetic_pilot,cv5,200,2,dtree,2,0.546875
synthetic_pilot,cv5,200,2,dtree,3,0.666015625
synthetic_pilot,cv5,200,2,dtree,4,0.60546875
synthetic_pilot,cv5,200,2,dtree,5,0.431640625
synthetic_pilot,cv5,200,2,svm,1,0.73046875
synthetic_pilot,cv5,200,2,svm,2,0.7734375
synthetic_pilot,cv5,200,2,svm,3,0.93359375
synthetic_pilot,cv5,200,2,svm,4,0.7421875
synthetic_pilot,cv5,200,2,svm,5,0.86328125
synthetic_pilot,cv5,200,2,rf,1,0.67578125
synthetic_pilot,cv5,200,2,rf,2,0.70703125
synthetic_pilot,cv5,200,2,rf,3,0.859375
synthetic_pilot,cv5,200,2,rf,4,0.640625
synthetic_pilot,cv5,200,2,rf,5,0.802734375
synthetic_pilot,cv5,200,2,gb,1,0.66796875
synthetic_pilot,cv5,200,2,gb,2,0.6328125
synthetic_pilot,cv5,200,2,gb,3,0.828125
synthetic_pilot,cv5,200,2,gb,4,0.73828125
synthetic_pilot,cv5,200,2,gb,5,0.7421875
synthetic_pilot,cv5,200,3,logreg,1,0.72265625
synthetic_pilot,cv5,200,3,logreg,2,0.70703125
synthetic_pilot,cv5,200,3,logreg,3,0.796875
synthetic_pilot,cv5,200,3,logreg,4,0.6171875
synthetic_pilot,cv5,200,3,logreg,5,0.76953125
synthetic_pilot,cv5,200,3,knn,1,0.697265625
synthetic_pilot,cv5,200,3,knn,2,0.798828125
synthetic_pilot,cv5,200,3,knn,3,0.751953125
synthetic_pilot,cv5,200,3,knn,4,0.794921875
synthetic_pilot,cv5,200,3,knn,5,0.7421875
synthetic_pilot,cv5,200,3,dtree,1,0.55078125
synthetic_pilot,cv5,200,3,dtree,2,0.818359375
synthetic_pilot,cv5,200,3,dtree,3,0.75
synthetic_pilot,cv5,200,3,dtree,4,0.423828125
synthetic_pilot,cv5,200,3,dtree,5,0.625
synthetic_pilot,cv5,200,3,svm,1,0.75390625
synthetic_pilot,cv5,200,3,svm,2,0.859375
synthetic_pilot,cv5,200,3,svm,3,0.8125
synthetic_pilot,cv5,200,3,svm,4,0.76171875
synthetic_pilot,cv5,200,3,svm,5,0.828125
synthetic_pilot,cv5,200,3,rf,1,0.68359375
synthetic_pilot,cv5,200,3,rf,2,0.814453125
synthetic_pilot,cv5,200,3,rf,3,0.8046875
synthetic_pilot,cv5,200,3,rf,4,0.65234375
synthetic_pilot,cv5,200,3,rf,5,0.576171875
synthetic_pilot,cv5,200,3,gb,1,0.69140625
synthetic_pilot,cv5,200,3,gb,2,0.8359375
synthetic_pilot,cv5,200,3,gb,3,0.703125
synthetic_pilot,cv5,200,3,gb,4,0.6328125
synthetic_pilot,cv5,200,3,gb,5,0.73046875
synthetic_pilot,cv5,200,4,logreg,1,0.76953125
synthetic_pilot,cv5,200,4,logreg,2,0.76953125
synthetic_pilot,cv5,200,4,logreg,3,0.77734375
synthetic_pilot,cv5,200,4,logreg,4,0.7421875
synthetic_pilot,cv5,200,4,logreg,5,0.82421875
synthetic_pilot,cv5,200,4,knn,1,0.630859375
synthetic_pilot,cv5,200,4,knn,2,0.603515625
synthetic_pilot,cv5,200,4,knn,3,0.734375
synthetic_pilot,cv5,200,4,knn,4,0.69921875
synthetic_pilot,cv5,200,4,knn,5,0.46484375
synthetic_pilot,cv5,200,4,dtree,1,0.58984375
synthetic_pilot,cv5,200,4,dtree,2,0.55859375
synthetic_pilot,cv5,200,4,dtree,3,0.572265625
synthetic_pilot,cv5,200,4,dtree,4,0.703125
synthetic_pilot,cv5,200,4,dtree,5,0.5390625
synthetic_pilot,cv5,200,4,svm,1,0.84375
synthetic_pilot,cv5,200,4,svm,2,0.79296875
synthetic_pilot,cv5,200,4,svm,3,0.875
synthetic_pilot,cv5,200,4,svm,4,0.53515625
synthetic_pilot,cv5,200,4,svm,5,0.79296875
synthetic_pilot,cv5,200,4,rf,1,0.779296875
synthetic_pilot,cv5,200,4,rf,2,0.73046875
synthetic_pilot,cv5,200,4,rf,3,0.84765625
synthetic_pilot,cv5,200,4,rf,4,0.47265625
synthetic_pilot,cv5,200,4,rf,5,0.798828125
synthetic_pilot,cv5,200,4,gb,1,0.61328125
synthetic_pilot,cv5,200,4,gb,2,0.6640625
synthetic_pilot,cv5,200,4,gb,3,0.765625
synthetic_pilot,cv5,200,4,gb,4,0.52734375
synthetic_pilot,cv5,200,4,gb,5,0.78515625
synthetic_pilot,cv5,200,5,logreg,1,0.44921875
synthetic_pilot,cv5,200,5,logreg,2,0.9296875
synthetic_pilot,cv5,200,5,logreg,3,0.64453125
synthetic_pilot,cv5,200,5,logreg,4,0.82421875
synthetic_pilot,cv5,200,5,logreg,5,0.84375
synthetic_pilot,cv5,200,5,knn,1,0.427734375
synthetic_pilot,cv5,200,5,knn,2,0.8828125
synthetic_pilot,cv5,200,5,knn,3,0.509765625
synthetic_pilot,cv5,200,5,knn,4,0.556640625
synthetic_pilot,cv5,200,5,knn,5,0.578125
synthetic_pilot,cv5,200,5,dtree,1,0.58984375
synthetic_pilot,cv5,200,5,dtree,2,0.62890625
synthetic_pilot,cv5,200,5,dtree,3,0.671875
synthetic_pilot,cv5,200,5,dtree,4,0.560546875
synthetic_pilot,cv5,200,5,dtree,5,0.359375
synthetic_pilot,cv5,200,5,svm,1,0.578125
synthetic_pilot,cv5,200,5,svm,2,0.94140625
synthetic_pilot,cv5,200,5,svm,3,0.69921875
synthetic_pilot,cv5,200,5,svm,4,0.828125
synthetic_pilot,cv5,200,5,svm,5,0.82421875
synthetic_pilot,cv5,200,5,rf,1,0.51953125
synthetic_pilot,cv5,200,5,rf,2,0.939453125
synthetic_pilot,cv5,200,5,rf,3,0.775390625
synthetic_pilot,cv5,200,5,rf,4,0.798828125
synthetic_pilot,cv5,200,5,rf,5,0.787109375
synthetic_pilot,cv5,200,5,gb,1,0.42578125
synthetic_pilot,cv5,200,5,gb,2,0.83984375
synthetic_pilot,cv5,200,5,gb,3,0.66015625
synthetic_pilot,cv5,200,5,gb,4,0.78515625
synthetic_pilot,cv5,200,5,gb,5,0.734375
synthetic_pilot,cv5,200,6,logreg,1,0.88671875
synthetic_pilot,cv5,200,6,logreg,2,0.7109375
synthetic_pilot,cv5,200,6,logreg,3,0.7890625
synthetic_pilot,cv5,200,6,logreg,4,0.71484375
synthetic_pilot,cv5,200,6,logreg,5,0.58984375
synthetic_pilot,cv5,200,6,knn,1,0.869140625
synthetic_pilot,cv5,200,6,knn,2,0.63671875
synthetic_pilot,cv5,200,6,knn,3,0.708984375
synthetic_pilot,cv5,200,6,knn,4,0.60546875
synthetic_pilot,cv5,200,6,knn,5,0.6953125
synthetic_pilot,cv5,200,6,dtree,1,0.5703125
synthetic_pilot,cv5,200,6,dtree,2,0.6171875
synthetic_pilot,cv5,200,6,dtree,3,0.607421875
synthetic_pilot,cv5,200,6,dtree,4,0.546875
synthetic_pilot,cv5,200,6,dtree,5,0.57421875
synthetic_pilot,cv5,200,6,svm,1,0.875
synthetic_pilot,cv5,200,6,svm,2,0.828125
synthetic_pilot,cv5,200,6,svm,3,0.77734375
synthetic_pilot,cv5,200,6,svm,4,0.66015625
synthetic_pilot,cv5,200,6,svm,5,0.671875
synthetic_pilot,cv5,200,6,rf,1,0.91796875
synthetic_pilot,cv5,200,6,rf,2,0.80078125
synthetic_pilot,cv5,200,6,rf,3,0.79296875
synthetic_pilot,cv5,200,6,rf,4,0.5625
synthetic_pilot,cv5,200,6,rf,5,0.66015625
synthetic_pilot,cv5,200,6,gb,1,0.828125
synthetic_pilot,cv5,200,6,gb,2,0.73046875
synthetic_pilot,cv5,200,6,gb,3,0.74609375
synthetic_pilot,cv5,200,6,gb,4,0.6796875
synthetic_pilot,cv5,200,6,gb,5,0.640625
synthetic_pilot,cv5,200,7,logreg,1,0.68359375
synthetic_pilot,cv5,200,7,logreg,2,0.8046875
synthetic_pilot,cv5,200,7,logreg,3,0.87109375
synthetic_pilot,cv5,200,7,logreg,4,0.87109375
synthetic_pilot,cv5,200,7,logreg,5,0.828125
synthetic_pilot,cv5,200,7,knn,1,0.763671875
synthetic_pilot,cv5,200,7,knn,2,0.748046875
synthetic_pilot,cv5,200,7,knn,3,0.833984375
synthetic_pilot,cv5,200,7,knn,4,0.61328125
synthetic_pilot,cv5,200,7,knn,5,0.66796875
synthetic_pilot,cv5,200,7,dtree,1,0.51953125
synthetic_pilot,cv5,200,7,dtree,2,0.373046875
synthetic_pilot,cv5,200,7,dtree,3,0.521484375
synthetic_pilot,cv5,200,7,dtree,4,0.615234375
synthetic_pilot,cv5,200,7,dtree,5,0.490234375
synthetic_pilot,cv5,200,7,svm,1,0.734375
synthetic_pilot,cv5,200,7,svm,2,0.75390625
synthetic_pilot,cv5,200,7,svm,3,0.8203125
synthetic_pilot,cv5,200,7,svm,4,0.83203125
synthetic_pilot,cv5,200,7,svm,5,0.77734375
synthetic_pilot,cv5,200,7,rf,1,0.5703125
synthetic_pilot,cv5,200,7,rf,2,0.791015625
synthetic_pilot,cv5,200,7,rf,3,0.83984375
synthetic_pilot,cv5,200,7,rf,4,0.81640625
synthetic_pilot,cv5,200,7,rf,5,0.794921875
synthetic_pilot,cv5,200,7,gb,1,0.671875
synthetic_pilot,cv5,200,7,gb,2,0.7421875
synthetic_pilot,cv5,200,7,gb,3,0.90234375
synthetic_pilot,cv5,200,7,gb,4,0.8125
synthetic_pilot,cv5,200,7,gb,5,0.83984375
synthetic_pilot,cv5,200,8,logreg,1,0.80859375
synthetic_pilot,cv5,200,8,logreg,2,0.828125
synthetic_pilot,cv5,200,8,logreg,3,0.515625
synthetic_pilot,cv5,200,8,logreg,4,0.76953125
synthetic_pilot,cv5,200,8,logreg,5,0.75
synthetic_pilot,cv5,200,8,knn,1,0.681640625
synthetic_pilot,cv5,200,8,knn,2,0.697265625
synthetic_pilot,cv5,200,8,knn,3,0.60546875
synthetic_pilot,cv5,200,8,knn,4,0.576171875
synthetic_pilot,cv5,200,8,knn,5,0.779296875
synthetic_pilot,cv5,200,8,dtree,1,0.47265625
synthetic_pilot,cv5,200,8,dtree,2,0.34765625
synthetic_pilot,cv5,200,8,dtree,3,0.65234375
synthetic_pilot,cv5,200,8,dtree,4,0.5625
synthetic_pilot,cv5,200,8,dtree,5,0.69921875
synthetic_pilot,cv5,200,8,svm,1,0.88671875
synthetic_pilot,cv5,200,8,svm,2,0.76171875
synthetic_pilot,cv5,200,8,svm,3,0.69921875
synthetic_pilot,cv5,200,8,svm,4,0.765625
synthetic_pilot,cv5,200,8,svm,5,0.7578125
synthetic_pilot,cv5,200,8,rf,1,0.7421875
synthetic_pilot,cv5,200,8,rf,2,0.625
synthetic_pilot,cv5,200,8,rf,3,0.6875
synthetic_pilot,cv5,200,8,rf,4,0.64453125
synthetic_pilot,cv5,200,8,rf,5,0.57421875
synthetic_pilot,cv5,200,8,gb,1,0.8671875
synthetic_pilot,cv5,200,8,gb,2,0.6328125
synthetic_pilot,cv5,200,8,gb,3,0.51953125
synthetic_pilot,cv5,200,8,gb,4,0.65625
synthetic_pilot,cv5,200,8,gb,5,0.6953125
synthetic_pilot,cv5,200,9,logreg,1,0.8984375
synthetic_pilot,cv5,200,9,logreg,2,0.7421875
synthetic_pilot,cv5,200,9,logreg,3,0.79296875
synthetic_pilot,cv5,200,9,logreg,4,0.83203125
synthetic_pilot,cv5,200,9,logreg,5,0.85546875
synthetic_pilot,cv5,200,9,knn,1,0.5625
synthetic_pilot,cv5,200,9,knn,2,0.751953125
synthetic_pilot,cv5,200,9,knn,3,0.76171875
synthetic_pilot,cv5,200,9,knn,4,0.755859375
synthetic_pilot,cv5,200,9,knn,5,0.7890625
synthetic_pilot,cv5,200,9,dtree,1,0.59375
synthetic_pilot,cv5,200,9,dtree,2,0.51953125
synthetic_pilot,cv5,200,9,dtree,3,0.650390625
synthetic_pilot,cv5,200,9,dtree,4,0.69140625
synthetic_pilot,cv5,200,9,dtree,5,0.8203125
synthetic_pilot,cv5,200,9,svm,1,0.8515625
synthetic_pilot,cv5,200,9,svm,2,0.796875
synthetic_pilot,cv5,200,9,svm,3,0.8671875
synthetic_pilot,cv5,200,9,svm,4,0.7890625
synthetic_pilot,cv5,200,9,svm,5,0.83984375
synthetic_pilot,cv5,200,9,rf,1,0.796875
synthetic_pilot,cv5,200,9,rf,2,0.70703125
synthetic_pilot,cv5,200,9,rf,3,0.771484375
synthetic_pilot,cv5,200,9,rf,4,0.755859375
synthetic_pilot,cv5,200,9,rf,5,0.767578125
synthetic_pilot,cv5,200,9,gb,1,0.71484375
synthetic_pilot,cv5,200,9,gb,2,0.72265625
synthetic_pilot,cv5,200,9,gb,3,0.859375
synthetic_pilot,cv5,200,9,gb,4,0.71484375
synthetic_pilot,cv5,200,9,gb,5,0.703125
synthetic_pilot,cv5,200,10,logreg,1,0.703125
synthetic_pilot,cv5,200,10,logreg,2,0.87109375
synthetic_pilot,cv5,200,10,logreg,3,0.82421875
synthetic_pilot,cv5,200,10,logreg,4,0.77734375
synthetic_pilot,cv5,200,10,logreg,5,0.8671875
synthetic_pilot,cv5,200,10,knn,1,0.748046875
synthetic_pilot,cv5,200,10,knn,2,0.853515625
synthetic_pilot,cv5,200,10,knn,3,0.779296875
synthetic_pilot,cv5,200,10,knn,4,0.5546875
synthetic_pilot,cv5,200,10,knn,5,0.962890625
synthetic_pilot,cv5,200,10,dtree,1,0.65625
synthetic_pilot,cv5,200,10,dtree,2,0.50390625
synthetic_pilot,cv5,200,10,dtree,3,0.744140625
synthetic_pilot,cv5,200,10,dtree,4,0.51953125
synthetic_pilot,cv5,200,10,dtree,5,0.83984375
synthetic_pilot,cv5,200,10,svm,1,0.82421875
synthetic_pilot,cv5,200,10,svm,2,0.9453125
synthetic_pilot,cv5,200,10,svm,3,0.8515625
synthetic_pilot,cv5,200,10,svm,4,0.68359375
synthetic_pilot,cv5,200,10,svm,5,0.98828125
synthetic_pilot,cv5,200,10,rf,1,0.75390625
synthetic_pilot,cv5,200,10,rf,2,0.8515625
synthetic_pilot,cv5,200,10,rf,3,0.779296875
synthetic_pilot,cv5,200,10,rf,4,0.625
synthetic_pilot,cv5,200,10,rf,5,0.880859375
synthetic_pilot,cv5,200,10,gb,1,0.69140625
synthetic_pilot,cv5,200,10,gb,2,0.796875
synthetic_pilot,cv5,200,10,gb,3,0.875
synthetic_pilot,cv5,200,10,gb,4,0.66796875
synthetic_pilot,cv5,200,10,gb,5,0.90625
synthetic_pilot,cv5,200,11,logreg,1,0.7578125
synthetic_pilot,cv5,200,11,logreg,2,0.6640625
synthetic_pilot,cv5,200,11,logreg,3,0.8046875
synthetic_pilot,cv5,200,11,logreg,4,0.7578125
synthetic_pilot,cv5,200,11,logreg,5,0.7734375
synthetic_pilot,cv5,200,11,knn,1,0.685546875
synthetic_pilot,cv5,200,11,knn,2,0.7109375
synthetic_pilot,cv5,200,11,knn,3,0.8359375
synthetic_pilot,cv5,200,11,knn,4,0.72265625
synthetic_pilot,cv5,200,11,knn,5,0.744140625
synthetic_pilot,cv5,200,11,dtree,1,0.7109375
synthetic_pilot,cv5,200,11,dtree,2,0.484375
synthetic_pilot,cv5,200,11,dtree,3,0.642578125
synthetic_pilot,cv5,200,11,dtree,4,0.8984375
synthetic_pilot,cv5,200,11,dtree,5,0.54296875
synthetic_pilot,cv5,200,11,svm,1,0.83203125
synthetic_pilot,cv5,200,11,svm,2,0.734375
synthetic_pilot,cv5,200,11,svm,3,0.78515625
synthetic_pilot,cv5,200,11,svm,4,0.66796875
synthetic_pilot,cv5,200,11,svm,5,0.765625
synthetic_pilot,cv5,200,11,rf,1,0.80078125
synthetic_pilot,cv5,200,11,rf,2,0.6328125
synthetic_pilot,cv5,200,11,rf,3,0.857421875
synthetic_pilot,cv5,200,11,rf,4,0.80078125
synthetic_pilot,cv5,200,11,rf,5,0.7421875
synthetic_pilot,cv5,200,11,gb,1,0.82421875
synthetic_pilot,cv5,200,11,gb,2,0.6640625
synthetic_pilot,cv5,200,11,gb,3,0.8671875
synthetic_pilot,cv5,200,11,gb,4,0.859375
synthetic_pilot,cv5,200,11,gb,5,0.80859375
synthetic_pilot,cv5,200,12,logreg,1,0.67578125
synthetic_pilot,cv5,200,12,logreg,2,0.81640625
synthetic_pilot,cv5,200,12,logreg,3,0.61328125
synthetic_pilot,cv5,200,12,logreg,4,0.765625
synthetic_pilot,cv5,200,12,logreg,5,0.7734375
synthetic_pilot,cv5,200,12,knn,1,0.5234375
synthetic_pilot,cv5,200,12,knn,2,0.658203125
synthetic_pilot,cv5,200,12,knn,3,0.5078125
synthetic_pilot,cv5,200,12,knn,4,0.7265625
synthetic_pilot,cv5,200,12,knn,5,0.5078125
synthetic_pilot,cv5,200,12,dtree,1,0.35546875
synthetic_pilot,cv5,200,12,dtree,2,0.4765625
synthetic_pilot,cv5,200,12,dtree,3,0.51171875
synthetic_pilot,cv5,200,12,dtree,4,0.671875
synthetic_pilot,cv5,200,12,dtree,5,0.55078125
synthetic_pilot,cv5,200,12,svm,1,0.7578125
synthetic_pilot,cv5,200,12,svm,2,0.8359375
synthetic_pilot,cv5,200,12,svm,3,0.765625
synthetic_pilot,cv5,200,12,svm,4,0.5625
synthetic_pilot,cv5,200,12,svm,5,0.69140625
synthetic_pilot,cv5,200,12,rf,1,0.65234375
synthetic_pilot,cv5,200,12,rf,2,0.763671875
synthetic_pilot,cv5,200,12,rf,3,0.681640625
synthetic_pilot,cv5,200,12,rf,4,0.689453125
synthetic_pilot,cv5,200,12,rf,5,0.58984375
synthetic_pilot,cv5,200,12,gb,1,0.671875
synthetic_pilot,cv5,200,12,gb,2,0.71875
synthetic_pilot,cv5,200,12,gb,3,0.625
synthetic_pilot,cv5,200,12,gb,4,0.6328125
synthetic_pilot,cv5,200,12,gb,5,0.5703125
synthetic_pilot,cv5,200,13,logreg,1,0.796875
synthetic_pilot,cv5,200,13,logreg,2,0.7734375
synthetic_pilot,cv5,200,13,logreg,3,0.85546875
synthetic_pilot,cv5,200,13,logreg,4,0.625
synthetic_pilot,cv5,200,13,logreg,5,0.64453125
synthetic_pilot,cv5,200,13,knn,1,0.533203125
synthetic_pilot,cv5,200,13,knn,2,0.6015625
synthetic_pilot,cv5,200,13,knn,3,0.65234375
synthetic_pilot,cv5,200,13,knn,4,0.541015625
synthetic_pilot,cv5,200,13,knn,5,0.623046875
synthetic_pilot,cv5,200,13,dtree,1,0.576171875
synthetic_pilot,cv5,200,13,dtree,2,0.65234375
synthetic_pilot,cv5,200,13,dtree,3,0.673828125
synthetic_pilot,cv5,200,13,dtree,4,0.421875
synthetic_pilot,cv5,200,13,dtree,5,0.525390625
synthetic_pilot,cv5,200,13,svm,1,0.6484375
synthetic_pilot,cv5,200,13,svm,2,0.65625
synthetic_pilot,cv5,200,13,svm,3,0.8046875
synthetic_pilot,cv5,200,13,svm,4,0.6015625
synthetic_pilot,cv5,200,13,svm,5,0.63671875
synthetic_pilot,cv5,200,13,rf,1,0.625
synthetic_pilot,cv5,200,13,rf,2,0.798828125
synthetic_pilot,cv5,200,13,rf,3,0.80859375
synthetic_pilot,cv5,200,13,rf,4,0.646484375
synthetic_pilot,cv5,200,13,rf,5,0.576171875
synthetic_pilot,cv5,200,13,gb,1,0.5625
synthetic_pilot,cv5,200,13,gb,2,0.6328125
synthetic_pilot,cv5,200,13,gb,3,0.83984375
synthetic_pilot,cv5,200,13,gb,4,0.51953125
synthetic_pilot,cv5,200,13,gb,5,0.5625
synthetic_pilot,cv5,200,14,logreg,1,0.7421875
synthetic_pilot,cv5,200,14,logreg,2,0.796875
synthetic_pilot,cv5,200,14,logreg,3,0.66796875
synthetic_pilot,cv5,200,14,logreg,4,0.78515625
synthetic_pilot,cv5,200,14,logreg,5,0.578125
synthetic_pilot,cv5,200,14,knn,1,0.666015625
synthetic_pilot,cv5,200,14,knn,2,0.7265625
synthetic_pilot,cv5,200,14,knn,3,0.74609375
synthetic_pilot,cv5,200,14,knn,4,0.5625
synthetic_pilot,cv5,200,14,knn,5,0.5546875
synthetic_pilot,cv5,200,14,dtree,1,0.6328125
synthetic_pilot,cv5,200,14,dtree,2,0.587890625
synthetic_pilot,cv5,200,14,dtree,3,0.810546875
synthetic_pilot,cv5,200,14,dtree,4,0.765625
synthetic_pilot,cv5,200,14,dtree,5,0.51953125
synthetic_pilot,cv5,200,14,svm,1,0.8046875
synthetic_pilot,cv5,200,14,svm,2,0.7578125
synthetic_pilot,cv5,200,14,svm,3,0.921875
synthetic_pilot,cv5,200,14,svm,4,0.859375
synthetic_pilot,cv5,200,14,svm,5,0.65234375
synthetic_pilot,cv5,200,14,rf,1,0.6875
synthetic_pilot,cv5,200,14,rf,2,0.677734375
synthetic_pilot,cv5,200,14,rf,3,0.857421875
synthetic_pilot,cv5,200,14,rf,4,0.7734375
synthetic_pilot,cv5,200,14,rf,5,0.544921875
synthetic_pilot,cv5,200,14,gb,1,0.8046875
synthetic_pilot,cv5,200,14,gb,2,0.68359375
synthetic_pilot,cv5,200,14,gb,3,0.79296875
synthetic_pilot,cv5,200,14,gb,4,0.8359375
synthetic_pilot,cv5,200,14,gb,5,0.5390625
synthetic_pilot,cv5,200,15,logreg,1,0.671875
synthetic_pilot,cv5,200,15,logreg,2,0.75390625
synthetic_pilot,cv5,200,15,logreg,3,0.8359375
synthetic_pilot,cv5,200,15,logreg,4,0.81640625
synthetic_pilot,cv5,200,15,logreg,5,0.859375
synthetic_pilot,cv5,200,15,knn,1,0.66015625
synthetic_pilot,cv5,200,15,knn,2,0.546875
synthetic_pilot,cv5,200,15,knn,3,0.81640625
synthetic_pilot,cv5,200,15,knn,4,0.740234375
synthetic_pilot,cv5,200,15,knn,5,0.830078125
synthetic_pilot,cv5,200,15,dtree,1,0.373046875
synthetic_pilot,cv5,200,15,dtree,2,0.5390625
synthetic_pilot,cv5,200,15,dtree,3,0.58984375
synthetic_pilot,cv5,200,15,dtree,4,0.796875
synthetic_pilot,cv5,200,15,dtree,5,0.609375
synthetic_pilot,cv5,200,15,svm,1,0.6796875
synthetic_pilot,cv5,200,15,svm,2,0.69140625
synthetic_pilot,cv5,200,15,svm,3,0.85546875
synthetic_pilot,cv5,200,15,svm,4,0.8046875
synthetic_pilot,cv5,200,15,svm,5,0.8828125
synthetic_pilot,cv5,200,15,rf,1,0.578125
synthetic_pilot,cv5,200,15,rf,2,0.576171875
synthetic_pilot,cv5,200,15,rf,3,0.796875
synthetic_pilot,cv5,200,15,rf,4,0.724609375
synthetic_pilot,cv5,200,15,rf,5,0.8828125
synthetic_pilot,cv5,200,15,gb,1,0.62890625
synthetic_pilot,cv5,200,15,gb,2,0.6171875
synthetic_pilot,cv5,200,15,gb,3,0.80859375
synthetic_pilot,cv5,200,15,gb,4,0.70703125
synthetic_pilot,cv5,200,15,gb,5,0.84375
synthetic_pilot,cv5,200,16,logreg,1,0.8828125
synthetic_pilot,cv5,200,16,logreg,2,0.73046875
synthetic_pilot,cv5,200,16,logreg,3,0.75390625
synthetic_pilot,cv5,200,16,logreg,4,0.640625
synthetic_pilot,cv5,200,16,logreg,5,0.68359375
synthetic_pilot,cv5,200,16,knn,1,0.7109375
synthetic_pilot,cv5,200,16,knn,2,0.609375
synthetic_pilot,cv5,200,16,knn,3,0.658203125
synthetic_pilot,cv5,200,16,knn,4,0.5546875
synthetic_pilot,cv5,200,16,knn,5,0.681640625
synthetic_pilot,cv5,200,16,dtree,1,0.470703125
synthetic_pilot,cv5,200,16,dtree,2,0.40625
synthetic_pilot,cv5,200,16,dtree,3,0.58203125
synthetic_pilot,cv5,200,16,dtree,4,0.623046875
synthetic_pilot,cv5,200,16,dtree,5,0.537109375
synthetic_pilot,cv5,200,16,svm,1,0.84375
synthetic_pilot,cv5,200,16,svm,2,0.765625
synthetic_pilot,cv5,200,16,svm,3,0.80078125
synthetic_pilot,cv5,200,16,svm,4,0.671875
synthetic_pilot,cv5,200,16,svm,5,0.55078125
synthetic_pilot,cv5,200,16,rf,1,0.767578125
synthetic_pilot,cv5,200,16,rf,2,0.712890625
synthetic_pilot,cv5,200,16,rf,3,0.693359375
synthetic_pilot,cv5,200,16,rf,4,0.568359375
synthetic_pilot,cv5,200,16,rf,5,0.6015625
synthetic_pilot,cv5,200,16,gb,1,0.7734375
synthetic_pilot,cv5,200,16,gb,2,0.71484375
synthetic_pilot,cv5,200,16,gb,3,0.7109375
synthetic_pilot,cv5,200,16,gb,4,0.62109375
synthetic_pilot,cv5,200,16,gb,5,0.6484375
synthetic_pilot,cv5,200,17,logreg,1,0.890625
synthetic_pilot,cv5,200,17,logreg,2,0.85546875
synthetic_pilot,cv5,200,17,logreg,3,0.70703125
synthetic_pilot,cv5,200,17,logreg,4,0.73828125
synthetic_pilot,cv5,200,17,logreg,5,0.765625
synthetic_pilot,cv5,200,17,knn,1,0.7109375
synthetic_pilot,cv5,200,17,knn,2,0.716796875
synthetic_pilot,cv5,200,17,knn,3,0.58203125
synthetic_pilot,cv5,200,17,knn,4,0.701171875
synthetic_pilot,cv5,200,17,knn,5,0.578125
synthetic_pilot,cv5,200,17,dtree,1,0.69921875
synthetic_pilot,cv5,200,17,dtree,2,0.666015625
synthetic_pilot,cv5,200,17,dtree,3,0.638671875
synthetic_pilot,cv5,200,17,dtree,4,0.650390625
synthetic_pilot,cv5,200,17,dtree,5,0.544921875
synthetic_pilot,cv5,200,17,svm,1,0.859375
synthetic_pilot,cv5,200,17,svm,2,0.80078125
synthetic_pilot,cv5,200,17,svm,3,0.6796875
synthetic_pilot,cv5,200,17,svm,4,0.66015625
synthetic_pilot,cv5,200,17,svm,5,0.65234375
synthetic_pilot,cv5,200,17,rf,1,0.830078125
synthetic_pilot,cv5,200,17,rf,2,0.787109375
synthetic_pilot,cv5,200,17,rf,3,0.71484375
synthetic_pilot,cv5,200,17,rf,4,0.765625
synthetic_pilot,cv5,200,17,rf,5,0.677734375
synthetic_pilot,cv5,200,17,gb,1,0.828125
synthetic_pilot,cv5,200,17,gb,2,0.765625
synthetic_pilot,cv5,200,17,gb,3,0.76171875
synthetic_pilot,cv5,200,17,gb,4,0.7265625
synthetic_pilot,cv5,200,17,gb,5,0.6328125
synthetic_pilot,cv5,200,18,logreg,1,0.640625
synthetic_pilot,cv5,200,18,logreg,2,0.73046875
synthetic_pilot,cv5,200,18,logreg,3,0.83203125
synthetic_pilot,cv5,200,18,logreg,4,0.875
synthetic_pilot,cv5,200,18,logreg,5,0.5703125
synthetic_pilot,cv5,200,18,knn,1,0.486328125
synthetic_pilot,cv5,200,18,knn,2,0.732421875
synthetic_pilot,cv5,200,18,knn,3,0.609375
synthetic_pilot,cv5,200,18,knn,4,0.40234375
synthetic_pilot,cv5,200,18,knn,5,0.52734375
synthetic_pilot,cv5,200,18,dtree,1,0.63671875
synthetic_pilot,cv5,200,18,dtree,2,0.671875
synthetic_pilot,cv5,200,18,dtree,3,0.607421875
synthetic_pilot,cv5,200,18,dtree,4,0.47265625
synthetic_pilot,cv5,200,18,dtree,5,0.5703125
synthetic_pilot,cv5,200,18,svm,1,0.69921875
synthetic_pilot,cv5,200,18,svm,2,0.78515625
synthetic_pilot,cv5,200,18,svm,3,0.796875
synthetic_pilot,cv5,200,18,svm,4,0.71875
synthetic_pilot,cv5,200,18,svm,5,0.78515625
synthetic_pilot,cv5,200,18,rf,1,0.6640625
synthetic_pilot,cv5,200,18,rf,2,0.6171875
synthetic_pilot,cv5,200,18,rf,3,0.87109375
synthetic_pilot,cv5,200,18,rf,4,0.6640625
synthetic_pilot,cv5,200,18,rf,5,0.6796875
synthetic_pilot,cv5,200,18,gb,1,0.6171875
synthetic_pilot,cv5,200,18,gb,2,0.6171875
synthetic_pilot,cv5,200,18,gb,3,0.83203125
synthetic_pilot,cv5,200,18,gb,4,0.6875
synthetic_pilot,cv5,200,18,gb,5,0.64453125
synthetic_pilot,cv5,200,19,logreg,1,0.4453125
synthetic_pilot,cv5,200,19,logreg,2,0.68359375
synthetic_pilot,cv5,200,19,logreg,3,0.875
synthetic_pilot,cv5,200,19,logreg,4,0.546875
synthetic_pilot,cv5,200,19,logreg,5,0.7109375
synthetic_pilot,cv5,200,19,knn,1,0.61328125
synthetic_pilot,cv5,200,19,knn,2,0.505859375
synthetic_pilot,cv5,200,19,knn,3,0.513671875
synthetic_pilot,cv5,200,19,knn,4,0.537109375
synthetic_pilot,cv5,200,19,knn,5,0.56640625
synthetic_pilot,cv5,200,19,dtree,1,0.72265625
synthetic_pilot,cv5,200,19,dtree,2,0.642578125
synthetic_pilot,cv5,200,19,dtree,3,0.64453125
synthetic_pilot,cv5,200,19,dtree,4,0.50390625
synthetic_pilot,cv5,200,19,dtree,5,0.544921875
synthetic_pilot,cv5,200,19,svm,1,0.76953125
synthetic_pilot,cv5,200,19,svm,2,0.84765625
synthetic_pilot,cv5,200,19,svm,3,0.73828125
synthetic_pilot,cv5,200,19,svm,4,0.71875
synthetic_pilot,cv5,200,19,svm,5,0.71875
synthetic_pilot,cv5,200,19,rf,1,0.76953125
synthetic_pilot,cv5,200,19,rf,2,0.650390625
synthetic_pilot,cv5,200,19,rf,3,0.6328125
synthetic_pilot,cv5,200,19,rf,4,0.650390625
synthetic_pilot,cv5,200,19,rf,5,0.7265625
synthetic_pilot,cv5,200,19,gb,1,0.62109375
synthetic_pilot,cv5,200,19,gb,2,0.7890625
synthetic_pilot,cv5,200,19,gb,3,0.7265625
synthetic_pilot,cv5,200,19,gb,4,0.66796875
synthetic_pilot,cv5,200,19,gb,5,0.71875
synthetic_pilot,cv5,200,20,logreg,1,0.77734375
synthetic_pilot,cv5,200,20,logreg,2,0.828125
synthetic_pilot,cv5,200,20,logreg,3,0.6484375
synthetic_pilot,cv5,200,20,logreg,4,0.671875
synthetic_pilot,cv5,200,20,logreg,5,0.69921875
synthetic_pilot,cv5,200,20,knn,1,0.740234375
synthetic_pilot,cv5,200,20,knn,2,0.703125
synthetic_pilot,cv5,200,20,knn,3,0.609375
synthetic_pilot,cv5,200,20,knn,4,0.6640625
synthetic_pilot,cv5,200,20,knn,5,0.783203125
synthetic_pilot,cv5,200,20,dtree,1,0.830078125
synthetic_pilot,cv5,200,20,dtree,2,0.607421875
synthetic_pilot,cv5,200,20,dtree,3,0.541015625
synthetic_pilot,cv5,200,20,dtree,4,0.41015625
synthetic_pilot,cv5,200,20,dtree,5,0.5390625
synthetic_pilot,cv5,200,20,svm,1,0.8359375
synthetic_pilot,cv5,200,20,svm,2,0.80859375
synthetic_pilot,cv5,200,20,svm,3,0.68359375
synthetic_pilot,cv5,200,20,svm,4,0.6484375
synthetic_pilot,cv5,200,20,svm,5,0.703125
synthetic_pilot,cv5,200,20,rf,1,0.8046875
synthetic_pilot,cv5,200,20,rf,2,0.740234375
synthetic_pilot,cv5,200,20,rf,3,0.6796875
synthetic_pilot,cv5,200,20,rf,4,0.74609375
synthetic_pilot,cv5,200,20,rf,5,0.640625
synthetic_pilot,cv5,200,20,gb,1,0.6796875
synthetic_pilot,cv5,200,20,gb,2,0.66015625
synthetic_pilot,cv5,200,20,gb,3,0.46875
synthetic_pilot,cv5,200,20,gb,4,0.63671875
synthetic_pilot,cv5,200,20,gb,5,0.54296875
synthetic_pilot,cv5,200,21,logreg,1,0.72265625
synthetic_pilot,cv5,200,21,logreg,2,0.8203125
synthetic_pilot,cv5,200,21,logreg,3,0.74609375
synthetic_pilot,cv5,200,21,logreg,4,0.6328125
synthetic_pilot,cv5,200,21,logreg,5,0.8125
synthetic_pilot,cv5,200,21,knn,1,0.712890625
synthetic_pilot,cv5,200,21,knn,2,0.71484375
synthetic_pilot,cv5,200,21,knn,3,0.61328125
synthetic_pilot,cv5,200,21,knn,4,0.73828125
synthetic_pilot,cv5,200,21,knn,5,0.5703125
synthetic_pilot,cv5,200,21,dtree,1,0.33984375
synthetic_pilot,cv5,200,21,dtree,2,0.53515625
synthetic_pilot,cv5,200,21,dtree,3,0.537109375
synthetic_pilot,cv5,200,21,dtree,4,0.640625
synthetic_pilot,cv5,200,21,dtree,5,0.388671875
synthetic_pilot,cv5,200,21,svm,1,0.6953125
synthetic_pilot,cv5,200,21,svm,2,0.86328125
synthetic_pilot,cv5,200,21,svm,3,0.67578125
synthetic_pilot,cv5,200,21,svm,4,0.81640625
synthetic_pilot,cv5,200,21,svm,5,0.6953125
synthetic_pilot,cv5,200,21,rf,1,0.650390625
synthetic_pilot,cv5,200,21,rf,2,0.779296875
synthetic_pilot,cv5,200,21,rf,3,0.646484375
synthetic_pilot,cv5,200,21,rf,4,0.62890625
synthetic_pilot,cv5,200,21,rf,5,0.763671875
synthetic_pilot,cv5,200,21,gb,1,0.5546875
synthetic_pilot,cv5,200,21,gb,2,0.7734375
synthetic_pilot,cv5,200,21,gb,3,0.703125
synthetic_pilot,cv5,200,21,gb,4,0.71875
synthetic_pilot,cv5,200,21,gb,5,0.625
synthetic_pilot,cv5,200,22,logreg,1,0.77734375
synthetic_pilot,cv5,200,22,logreg,2,0.7109375
synthetic_pilot,cv5,200,22,logreg,3,0.76953125
synthetic_pilot,cv5,200,22,logreg,4,0.91015625
synthetic_pilot,cv5,200,22,logreg,5,0.8984375
synthetic_pilot,cv5,200,22,knn,1,0.658203125
synthetic_pilot,cv5,200,22,knn,2,0.734375
synthetic_pilot,cv5,200,22,knn,3,0.796875
synthetic_pilot,cv5,200,22,knn,4,0.81640625
synthetic_pilot,cv5,200,22,knn,5,0.78125
synthetic_pilot,cv5,200,22,dtree,1,0.59375
synthetic_pilot,cv5,200,22,dtree,2,0.685546875
synthetic_pilot,cv5,200,22,dtree,3,0.576171875
synthetic_pilot,cv5,200,22,dtree,4,0.625
synthetic_pilot,cv5,200,22,dtree,5,0.767578125
synthetic_pilot,cv5,200,22,svm,1,0.8125
synthetic_pilot,cv5,200,22,svm,2,0.734375
synthetic_pilot,cv5,200,22,svm,3,0.80078125
synthetic_pilot,cv5,200,22,svm,4,0.8671875
synthetic_pilot,cv5,200,22,svm,5,0.93359375
synthetic_pilot,cv5,200,22,rf,1,0.748046875
synthetic_pilot,cv5,200,22,rf,2,0.638671875
synthetic_pilot,cv5,200,22,rf,3,0.783203125
synthetic_pilot,cv5,200,22,rf,4,0.853515625
synthetic_pilot,cv5,200,22,rf,5,0.8359375
synthetic_pilot,cv5,200,22,gb,1,0.63671875
synthetic_pilot,cv5,200,22,gb,2,0.63671875
synthetic_pilot,cv5,200,22,gb,3,0.703125
synthetic_pilot,cv5,200,22,gb,4,0.76171875
synthetic_pilot,cv5,200,22,gb,5,0.75
synthetic_pilot,cv5,200,23,logreg,1,0.70703125
synthetic_pilot,cv5,200,23,logreg,2,0.765625
synthetic_pilot,cv5,200,23,logreg,3,0.75
synthetic_pilot,cv5,200,23,logreg,4,0.71484375
synthetic_pilot,cv5,200,23,logreg,5,0.828125
synthetic_pilot,cv5,200,23,knn,1,0.5546875
synthetic_pilot,cv5,200,23,knn,2,0.8203125
synthetic_pilot,cv5,200,23,knn,3,0.732421875
synthetic_pilot,cv5,200,23,knn,4,0.63671875
synthetic_pilot,cv5,200,23,knn,5,0.55859375
synthetic_pilot,cv5,200,23,dtree,1,0.42578125
synthetic_pilot,cv5,200,23,dtree,2,0.60546875
synthetic_pilot,cv5,200,23,dtree,3,0.607421875
synthetic_pilot,cv5,200,23,dtree,4,0.54296875
synthetic_pilot,cv5,200,23,dtree,5,0.58203125
synthetic_pilot,cv5,200,23,svm,1,0.7890625
synthetic_pilot,cv5,200,23,svm,2,0.80078125
synthetic_pilot,cv5,200,23,svm,3,0.73828125
synthetic_pilot,cv5,200,23,svm,4,0.66796875
synthetic_pilot,cv5,200,23,svm,5,0.7421875
synthetic_pilot,cv5,200,23,rf,1,0.751953125
synthetic_pilot,cv5,200,23,rf,2,0.822265625
synthetic_pilot,cv5,200,23,rf,3,0.6015625
synthetic_pilot,cv5,200,23,rf,4,0.611328125
synthetic_pilot,cv5,200,23,rf,5,0.794921875
synthetic_pilot,cv5,200,23,gb,1,0.6875
synthetic_pilot,cv5,200,23,gb,2,0.796875
synthetic_pilot,cv5,200,23,gb,3,0.73828125
synthetic_pilot,cv5,200,23,gb,4,0.69140625
synthetic_pilot,cv5,200,23,gb,5,0.80859375
synthetic_pilot,cv5,200,24,logreg,1,0.53515625
synthetic_pilot,cv5,200,24,logreg,2,0.8203125
synthetic_pilot,cv5,200,24,logreg,3,0.72265625
synthetic_pilot,cv5,200,24,logreg,4,0.80859375
synthetic_pilot,cv5,200,24,logreg,5,0.67578125
synthetic_pilot,cv5,200,24,knn,1,0.54296875
synthetic_pilot,cv5,200,24,knn,2,0.564453125
synthetic_pilot,cv5,200,24,knn,3,0.54296875
synthetic_pilot,cv5,200,24,knn,4,0.720703125
synthetic_pilot,cv5,200,24,knn,5,0.65234375
synthetic_pilot,cv5,200,24,dtree,1,0.498046875
synthetic_pilot,cv5,200,24,dtree,2,0.453125
synthetic_pilot,cv5,200,24,dtree,3,0.65234375
synthetic_pilot,cv5,200,24,dtree,4,0.46875
synthetic_pilot,cv5,200,24,dtree,5,0.79296875
synthetic_pilot,cv5,200,24,svm,1,0.72265625
synthetic_pilot,cv5,200,24,svm,2,0.8203125
synthetic_pilot,cv5,200,24,svm,3,0.515625
synthetic_pilot,cv5,200,24,svm,4,0.70703125
synthetic_pilot,cv5,200,24,svm,5,0.78125
synthetic_pilot,cv5,200,24,rf,1,0.798828125
synthetic_pilot,cv5,200,24,rf,2,0.822265625
synthetic_pilot,cv5,200,24,rf,3,0.6875
synthetic_pilot,cv5,200,24,rf,4,0.77734375
synthetic_pilot,cv5,200,24,rf,5,0.78125
synthetic_pilot,cv5,200,24,gb,1,0.72265625
synthetic_pilot,cv5,200,24,gb,2,0.91015625
synthetic_pilot,cv5,200,24,gb,3,0.703125
synthetic_pilot,cv5,200,24,gb,4,0.67578125
synthetic_pilot,cv5,200,24,gb,5,0.8125
synthetic_pilot,cv5,200,25,logreg,1,0.86328125
synthetic_pilot,cv5,200,25,logreg,2,0.8046875
synthetic_pilot,cv5,200,25,logreg,3,0.8984375
synthetic_pilot,cv5,200,25,logreg,4,0.71484375
synthetic_pilot,cv5,200,25,logreg,5,0.81640625
synthetic_pilot,cv5,200,25,knn,1,0.740234375
synthetic_pilot,cv5,200,25,knn,2,0.845703125
synthetic_pilot,cv5,200,25,knn,3,0.853515625
synthetic_pilot,cv5,200,25,knn,4,0.751953125
synthetic_pilot,cv5,200,25,knn,5,0.912109375
synthetic_pilot,cv5,200,25,dtree,1,0.625
synthetic_pilot,cv5,200,25,dtree,2,0.75390625
synthetic_pilot,cv5,200,25,dtree,3,0.52734375
synthetic_pilot,cv5,200,25,dtree,4,0.580078125
synthetic_pilot,cv5,200,25,dtree,5,0.5546875
synthetic_pilot,cv5,200,25,svm,1,0.80859375
synthetic_pilot,cv5,200,25,svm,2,0.79296875
synthetic_pilot,cv5,200,25,svm,3,0.95703125
synthetic_pilot,cv5,200,25,svm,4,0.76953125
synthetic_pilot,cv5,200,25,svm,5,0.86328125
synthetic_pilot,cv5,200,25,rf,1,0.748046875
synthetic_pilot,cv5,200,25,rf,2,0.767578125
synthetic_pilot,cv5,200,25,rf,3,0.91796875
synthetic_pilot,cv5,200,25,rf,4,0.734375
synthetic_pilot,cv5,200,25,rf,5,0.703125
synthetic_pilot,cv5,200,25,gb,1,0.73828125
synthetic_pilot,cv5,200,25,gb,2,0.83984375
synthetic_pilot,cv5,200,25,gb,3,0.89453125
synthetic_pilot,cv5,200,25,gb,4,0.75390625
synthetic_pilot,cv5,200,25,gb,5,0.78125
synthetic_pilot,cv5,200,26,logreg,1,0.60546875
synthetic_pilot,cv5,200,26,logreg,2,0.5390625
synthetic_pilot,cv5,200,26,logreg,3,0.7265625
synthetic_pilot,cv5,200,26,logreg,4,0.61328125
synthetic_pilot,cv5,200,26,logreg,5,0.8359375
synthetic_pilot,cv5,200,26,knn,1,0.521484375
synthetic_pilot,cv5,200,26,knn,2,0.654296875
synthetic_pilot,cv5,200,26,knn,3,0.71484375
synthetic_pilot,cv5,200,26,knn,4,0.50390625
synthetic_pilot,cv5,200,26,knn,5,0.78125
synthetic_pilot,cv5,200,26,dtree,1,0.609375
synthetic_pilot,cv5,200,26,dtree,2,0.51171875
synthetic_pilot,cv5,200,26,dtree,3,0.68359375
synthetic_pilot,cv5,200,26,dtree,4,0.654296875
synthetic_pilot,cv5,200,26,dtree,5,0.529296875
synthetic_pilot,cv5,200,26,svm,1,0.5390625
synthetic_pilot,cv5,200,26,svm,2,0.64453125
synthetic_pilot,cv5,200,26,svm,3,0.7578125
synthetic_pilot,cv5,200,26,svm,4,0.55859375
synthetic_pilot,cv5,200,26,svm,5,0.80078125
synthetic_pilot,cv5,200,26,rf,1,0.634765625
synthetic_pilot,cv5,200,26,rf,2,0.564453125
synthetic_pilot,cv5,200,26,rf,3,0.884765625
synthetic_pilot,cv5,200,26,rf,4,0.5546875
synthetic_pilot,cv5,200,26,rf,5,0.763671875
synthetic_pilot,cv5,200,26,gb,1,0.640625
synthetic_pilot,cv5,200,26,gb,2,0.5390625
synthetic_pilot,cv5,200,26,gb,3,0.69140625
synthetic_pilot,cv5,200,26,gb,4,0.51953125
synthetic_pilot,cv5,200,26,gb,5,0.69921875
synthetic_pilot,cv5,200,27,logreg,1,0.67578125
synthetic_pilot,cv5,200,27,logreg,2,0.6953125
synthetic_pilot,cv5,200,27,logreg,3,0.828125
synthetic_pilot,cv5,200,27,logreg,4,0.84765625
synthetic_pilot,cv5,200,27,logreg,5,0.6484375
synthetic_pilot,cv5,200,27,knn,1,0.595703125
synthetic_pilot,cv5,200,27,knn,2,0.75
synthetic_pilot,cv5,200,27,knn,3,0.841796875
synthetic_pilot,cv5,200,27,knn,4,0.638671875
synthetic_pilot,cv5,200,27,knn,5,0.6015625
synthetic_pilot,cv5,200,27,dtree,1,0.4375
synthetic_pilot,cv5,200,27,dtree,2,0.462890625
synthetic_pilot,cv5,200,27,dtree,3,0.623046875
synthetic_pilot,cv5,200,27,dtree,4,0.529296875
synthetic_pilot,cv5,200,27,dtree,5,0.638671875
synthetic_pilot,cv5,200,27,svm,1,0.6328125
synthetic_pilot,cv5,200,27,svm,2,0.78515625
synthetic_pilot,cv5,200,27,svm,3,0.83203125
synthetic_pilot,cv5,200,27,svm,4,0.8046875
synthetic_pilot,cv5,200,27,svm,5,0.71484375
synthetic_pilot,cv5,200,27,rf,1,0.53515625
synthetic_pilot,cv5,200,27,rf,2,0.609375
synthetic_pilot,cv5,200,27,rf,3,0.80078125
synthetic_pilot,cv5,200,27,rf,4,0.69140625
synthetic_pilot,cv5,200,27,rf,5,0.64453125
synthetic_pilot,cv5,200,27,gb,1,0.5625
synthetic_pilot,cv5,200,27,gb,2,0.65625
synthetic_pilot,cv5,200,27,gb,3,0.78125
synthetic_pilot,cv5,200,27,gb,4,0.70703125
synthetic_pilot,cv5,200,27,gb,5,0.640625
synthetic_pilot,cv5,200,28,logreg,1,0.765625
synthetic_pilot,cv5,200,28,logreg,2,0.671875
synthetic_pilot,cv5,200,28,logreg,3,0.81640625
synthetic_pilot,cv5,200,28,logreg,4,0.7734375
synthetic_pilot,cv5,200,28,logreg,5,0.82421875
synthetic_pilot,cv5,200,28,knn,1,0.51953125
synthetic_pilot,cv5,200,28,knn,2,0.607421875
synthetic_pilot,cv5,200,28,knn,3,0.5625
synthetic_pilot,cv5,200,28,knn,4,0.626953125
synthetic_pilot,cv5,200,28,knn,5,0.65625
synthetic_pilot,cv5,200,28,dtree,1,0.58203125
synthetic_pilot,cv5,200,28,dtree,2,0.5546875
synthetic_pilot,cv5,200,28,dtree,3,0.59765625
synthetic_pilot,cv5,200,28,dtree,4,0.51171875
synthetic_pilot,cv5,200,28,dtree,5,0.5
synthetic_pilot,cv5,200,28,svm,1,0.75
synthetic_pilot,cv5,200,28,svm,2,0.53515625
synthetic_pilot,cv5,200,28,svm,3,0.7109375
synthetic_pilot,cv5,200,28,svm,4,0.65234375
synthetic_pilot,cv5,200,28,svm,5,0.71875
synthetic_pilot,cv5,200,28,rf,1,0.703125
synthetic_pilot,cv5,200,28,rf,2,0.71484375
synthetic_pilot,cv5,200,28,rf,3,0.53515625
synthetic_pilot,cv5,200,28,rf,4,0.73046875
synthetic_pilot,cv5,200,28,rf,5,0.689453125
synthetic_pilot,cv5,200,28,gb,1,0.6875
synthetic_pilot,cv5,200,28,gb,2,0.66015625
synthetic_pilot,cv5,200,28,gb,3,0.5078125
synthetic_pilot,cv5,200,28,gb,4,0.671875
synthetic_pilot,cv5,200,28,gb,5,0.703125
synthetic_pilot,cv5,200,29,logreg,1,0.67578125
synthetic_pilot,cv5,200,29,logreg,2,0.68359375
synthetic_pilot,cv5,200,29,logreg,3,0.80859375
synthetic_pilot,cv5,200,29,logreg,4,0.6875
synthetic_pilot,cv5,200,29,logreg,5,0.71484375
synthetic_pilot,cv5,200,29,knn,1,0.58203125
synthetic_pilot,cv5,200,29,knn,2,0.767578125
synthetic_pilot,cv5,200,29,knn,3,0.783203125
synthetic_pilot,cv5,200,29,knn,4,0.826171875
synthetic_pilot,cv5,200,29,knn,5,0.765625
synthetic_pilot,cv5,200,29,dtree,1,0.53515625
synthetic_pilot,cv5,200,29,dtree,2,0.59375
synthetic_pilot,cv5,200,29,dtree,3,0.66015625
synthetic_pilot,cv5,200,29,dtree,4,0.61328125
synthetic_pilot,cv5,200,29,dtree,5,0.6484375
synthetic_pilot,cv5,200,29,svm,1,0.609375
synthetic_pilot,cv5,200,29,svm,2,0.75
synthetic_pilot,cv5,200,29,svm,3,0.77734375
synthetic_pilot,cv5,200,29,svm,4,0.7109375
synthetic_pilot,cv5,200,29,svm,5,0.7109375
synthetic_pilot,cv5,200,29,rf,1,0.6015625
synthetic_pilot,cv5,200,29,rf,2,0.60546875
synthetic_pilot,cv5,200,29,rf,3,0.72265625
synthetic_pilot,cv5,200,29,rf,4,0.650390625
synthetic_pilot,cv5,200,29,rf,5,0.673828125
synthetic_pilot,cv5,200,29,gb,1,0.55078125
synthetic_pilot,cv5,200,29,gb,2,0.66015625
synthetic_pilot,cv5,200,29,gb,3,0.70703125
synthetic_pilot,cv5,200,29,gb,4,0.7421875
synthetic_pilot,cv5,200,29,gb,5,0.58984375
synthetic_pilot,cv5,200,30,logreg,1,0.77734375
synthetic_pilot,cv5,200,30,logreg,2,0.90234375
synthetic_pilot,cv5,200,30,logreg,3,0.83984375
synthetic_pilot,cv5,200,30,logreg,4,0.83203125
synthetic_pilot,cv5,200,30,logreg,5,0.89453125
synthetic_pilot,cv5,200,30,knn,1,0.53515625
synthetic_pilot,cv5,200,30,knn,2,0.798828125
synthetic_pilot,cv5,200,30,knn,3,0.681640625
synthetic_pilot,cv5,200,30,knn,4,0.798828125
synthetic_pilot,cv5,200,30,knn,5,0.501953125
synthetic_pilot,cv5,200,30,dtree,1,0.83203125
synthetic_pilot,cv5,200,30,dtree,2,0.501953125
synthetic_pilot,cv5,200,30,dtree,3,0.6015625
synthetic_pilot,cv5,200,30,dtree,4,0.67578125
synthetic_pilot,cv5,200,30,dtree,5,0.609375
synthetic_pilot,cv5,200,30,svm,1,0.8359375
synthetic_pilot,cv5,200,30,svm,2,0.845703125
synthetic_pilot,cv5,200,30,svm,3,0.7890625
synthetic_pilot,cv5,200,30,svm,4,0.8203125
synthetic_pilot,cv5,200,30,svm,5,0.703125
synthetic_pilot,cv5,200,30,rf,1,0.767578125
synthetic_pilot,cv5,200,30,rf,2,0.830078125
synthetic_pilot,cv5,200,30,rf,3,0.728515625
synthetic_pilot,cv5,200,30,rf,4,0.822265625
synthetic_pilot,cv5,200,30,rf,5,0.767578125
synthetic_pilot,cv5,200,30,gb,1,0.73046875
synthetic_pilot,cv5,200,30,gb,2,0.859375
synthetic_pilot,cv5,200,30,gb,3,0.703125
synthetic_pilot,cv5,200,30,gb,4,0.7109375
synthetic_pilot,cv5,200,30,gb,5,0.8671875
synthetic_pilot,cv5,200,31,logreg,1,0.9296875
synthetic_pilot,cv5,200,31,logreg,2,0.8515625
synthetic_pilot,cv5,200,31,logreg,3,0.828125
synthetic_pilot,cv5,200,31,logreg,4,0.84765625
synthetic_pilot,cv5,200,31,logreg,5,0.8046875
synthetic_pilot,cv5,200,31,knn,1,0.6953125
synthetic_pilot,cv5,200,31,knn,2,0.748046875
synthetic_pilot,cv5,200,31,knn,3,0.822265625
synthetic_pilot,cv5,200,31,knn,4,0.76171875
synthetic_pilot,cv5,200,31,knn,5,0.716796875
synthetic_pilot,cv5,200,31,dtree,1,0.55078125
synthetic_pilot,cv5,200,31,dtree,2,0.349609375
synthetic_pilot,cv5,200,31,dtree,3,0.587890625
synthetic_pilot,cv5,200,31,dtree,4,0.63671875
synthetic_pilot,cv5,200,31,dtree,5,0.416015625
synthetic_pilot,cv5,200,31,svm,1,0.88671875
synthetic_pilot,cv5,200,31,svm,2,0.86328125
synthetic_pilot,cv5,200,31,svm,3,0.8046875
synthetic_pilot,cv5,200,31,svm,4,0.86328125
synthetic_pilot,cv5,200,31,svm,5,0.84765625
synthetic_pilot,cv5,200,31,rf,1,0.73046875
synthetic_pilot,cv5,200,31,rf,2,0.765625
synthetic_pilot,cv5,200,31,rf,3,0.865234375
synthetic_pilot,cv5,200,31,rf,4,0.810546875
synthetic_pilot,cv5,200,31,rf,5,0.72265625
synthetic_pilot,cv5,200,31,gb,1,0.7109375
synthetic_pilot,cv5,200,31,gb,2,0.7578125
synthetic_pilot,cv5,200,31,gb,3,0.7890625
synthetic_pilot,cv5,200,31,gb,4,0.734375
synthetic_pilot,cv5,200,31,gb,5,0.7421875
synthetic_pilot,cv5,200,32,logreg,1,0.82421875
synthetic_pilot,cv5,200,32,logreg,2,0.796875
synthetic_pilot,cv5,200,32,logreg,3,0.734375
synthetic_pilot,cv5,200,32,logreg,4,0.87109375
synthetic_pilot,cv5,200,32,logreg,5,0.73046875
synthetic_pilot,cv5,200,32,knn,1,0.689453125
synthetic_pilot,cv5,200,32,knn,2,0.75
synthetic_pilot,cv5,200,32,knn,3,0.66796875
synthetic_pilot,cv5,200,32,knn,4,0.8046875
synthetic_pilot,cv5,200,32,knn,5,0.666015625
synthetic_pilot,cv5,200,32,dtree,1,0.70703125
synthetic_pilot,cv5,200,32,dtree,2,0.646484375
synthetic_pilot,cv5,200,32,dtree,3,0.568359375
synthetic_pilot,cv5,200,32,dtree,4,0.58984375
synthetic_pilot,cv5,200,32,dtree,5,0.474609375
synthetic_pilot,cv5,200,32,svm,1,0.87890625
synthetic_pilot,cv5,200,32,svm,2,0.828125
synthetic_pilot,cv5,200,32,svm,3,0.83984375
synthetic_pilot,cv5,200,32,svm,4,0.95703125
synthetic_pilot,cv5,200,32,svm,5,0.83203125
synthetic_pilot,cv5,200,32,rf,1,0.8359375
synthetic_pilot,cv5,200,32,rf,2,0.72265625
synthetic_pilot,cv5,200,32,rf,3,0.77734375
synthetic_pilot,cv5,200,32,rf,4,0.875
synthetic_pilot,cv5,200,32,rf,5,0.724609375
synthetic_pilot,cv5,200,32,gb,1,0.83984375
synthetic_pilot,cv5,200,32,gb,2,0.78515625
synthetic_pilot,cv5,200,32,gb,3,0.80078125
synthetic_pilot,cv5,200,32,gb,4,0.88671875
synthetic_pilot,cv5,200,32,gb,5,0.76953125
synthetic_pilot,cv5,200,33,logreg,1,0.796875
synthetic_pilot,cv5,200,33,logreg,2,0.578125
synthetic_pilot,cv5,200,33,logreg,3,0.5390625
synthetic_pilot,cv5,200,33,logreg,4,0.515625
synthetic_pilot,cv5,200,33,logreg,5,0.61328125
synthetic_pilot,cv5,200,33,knn,1,0.517578125
synthetic_pilot,cv5,200,33,knn,2,0.58984375
synthetic_pilot,cv5,200,33,knn,3,0.552734375
synthetic_pilot,cv5,200,33,knn,4,0.484375
synthetic_pilot,cv5,200,33,knn,5,0.390625
synthetic_pilot,cv5,200,33,dtree,1,0.359375
synthetic_pilot,cv5,200,33,dtree,2,0.525390625
synthetic_pilot,cv5,200,33,dtree,3,0.6953125
synthetic_pilot,cv5,200,33,dtree,4,0.359375
synthetic_pilot,cv5,200,33,dtree,5,0.55859375
synthetic_pilot,cv5,200,33,svm,1,0.40625
synthetic_pilot,cv5,200,33,svm,2,0.54296875
synthetic_pilot,cv5,200,33,svm,3,0.453125
synthetic_pilot,cv5,200,33,svm,4,0.55078125
synthetic_pilot,cv5,200,33,svm,5,0.48046875
synthetic_pilot,cv5,200,33,rf,1,0.66015625
synthetic_pilot,cv5,200,33,rf,2,0.537109375
synthetic_pilot,cv5,200,33,rf,3,0.5
synthetic_pilot,cv5,200,33,rf,4,0.609375
synthetic_pilot,cv5,200,33,rf,5,0.765625
synthetic_pilot,cv5,200,33,gb,1,0.56640625
synthetic_pilot,cv5,200,33,gb,2,0.6171875
synthetic_pilot,cv5,200,33,gb,3,0.32421875
synthetic_pilot,cv5,200,33,gb,4,0.6328125
synthetic_pilot,cv5,200,33,gb,5,0.59375
synthetic_pilot,cv5,200,34,logreg,1,0.765625
synthetic_pilot,cv5,200,34,logreg,2,0.6953125
synthetic_pilot,cv5,200,34,logreg,3,0.54296875
synthetic_pilot,cv5,200,34,logreg,4,0.83203125
synthetic_pilot,cv5,200,34,logreg,5,0.6015625
synthetic_pilot,cv5,200,34,knn,1,0.4296875
synthetic_pilot,cv5,200,34,knn,2,0.6796875
synthetic_pilot,cv5,200,34,knn,3,0.431640625
synthetic_pilot,cv5,200,34,knn,4,0.59375
synthetic_pilot,cv5,200,34,knn,5,0.740234375
synthetic_pilot,cv5,200,34,dtree,1,0.673828125
synthetic_pilot,cv5,200,34,dtree,2,0.578125
synthetic_pilot,cv5,200,34,dtree,3,0.6015625
synthetic_pilot,cv5,200,34,dtree,4,0.6796875
synthetic_pilot,cv5,200,34,dtree,5,0.640625
synthetic_pilot,cv5,200,34,svm,1,0.734375
synthetic_pilot,cv5,200,34,svm,2,0.79296875
synthetic_pilot,cv5,200,34,svm,3,0.66796875
synthetic_pilot,cv5,200,34,svm,4,0.69140625
synthetic_pilot,cv5,200,34,svm,5,0.7578125
synthetic_pilot,cv5,200,34,rf,1,0.65625
synthetic_pilot,cv5,200,34,rf,2,0.751953125
synthetic_pilot,cv5,200,34,rf,3,0.6640625
synthetic_pilot,cv5,200,34,rf,4,0.712890625
synthetic_pilot,cv5,200,34,rf,5,0.7734375
synthetic_pilot,cv5,200,34,gb,1,0.65234375
synthetic_pilot,cv5,200,34,gb,2,0.66015625
synthetic_pilot,cv5,200,34,gb,3,0.7421875
synthetic_pilot,cv5,200,34,gb,4,0.74609375
synthetic_pilot,cv5,200,34,gb,5,0.69921875
synthetic_pilot,cv5,200,35,logreg,1,0.81640625
synthetic_pilot,cv5,200,35,logreg,2,0.8984375
synthetic_pilot,cv5,200,35,logreg,3,0.83203125
synthetic_pilot,cv5,200,35,logreg,4,0.7734375
synthetic_pilot,cv5,200,35,logreg,5,0.64453125
synthetic_pilot,cv5,200,35,knn,1,0.578125
synthetic_pilot,cv5,200,35,knn,2,0.73828125
synthetic_pilot,cv5,200,35,knn,3,0.65234375
synthetic_pilot,cv5,200,35,knn,4,0.634765625
synthetic_pilot,cv5,200,35,knn,5,0.580078125
synthetic_pilot,cv5,200,35,dtree,1,0.5703125
synthetic_pilot,cv5,200,35,dtree,2,0.638671875
synthetic_pilot,cv5,200,35,dtree,3,0.796875
synthetic_pilot,cv5,200,35,dtree,4,0.423828125
synthetic_pilot,cv5,200,35,dtree,5,0.640625
synthetic_pilot,cv5,200,35,svm,1,0.734375
synthetic_pilot,cv5,200,35,svm,2,0.82421875
synthetic_pilot,cv5,200,35,svm,3,0.82421875
synthetic_pilot,cv5,200,35,svm,4,0.7109375
synthetic_pilot,cv5,200,35,svm,5,0.41015625
synthetic_pilot,cv5,200,35,rf,1,0.703125
synthetic_pilot,cv5,200,35,rf,2,0.890625
synthetic_pilot,cv5,200,35,rf,3,0.896484375
synthetic_pilot,cv5,200,35,rf,4,0.796875
synthetic_pilot,cv5,200,35,rf,5,0.630859375
synthetic_pilot,cv5,200,35,gb,1,0.703125
synthetic_pilot,cv5,200,35,gb,2,0.8046875
synthetic_pilot,cv5,200,35,gb,3,0.8125
synthetic_pilot,cv5,200,35,gb,4,0.87890625
synthetic_pilot,cv5,200,35,gb,5,0.6171875
synthetic_pilot,cv5,200,36,logreg,1,0.81640625
synthetic_pilot,cv5,200,36,logreg,2,0.73046875
synthetic_pilot,cv5,200,36,logreg,3,0.83203125
synthetic_pilot,cv5,200,36,logreg,4,0.75
synthetic_pilot,cv5,200,36,logreg,5,0.77734375
synthetic_pilot,cv5,200,36,knn,1,0.79296875
synthetic_pilot,cv5,200,36,knn,2,0.607421875
synthetic_pilot,cv5,200,36,knn,3,0.52734375
synthetic_pilot,cv5,200,36,knn,4,0.78515625
synthetic_pilot,cv5,200,36,knn,5,0.6171875
synthetic_pilot,cv5,200,36,dtree,1,0.34375
synthetic_pilot,cv5,200,36,dtree,2,0.390625
synthetic_pilot,cv5,200,36,dtree,3,0.5
synthetic_pilot,cv5,200,36,dtree,4,0.484375
synthetic_pilot,cv5,200,36,dtree,5,0.57421875
synthetic_pilot,cv5,200,36,svm,1,0.79296875
synthetic_pilot,cv5,200,36,svm,2,0.65234375
synthetic_pilot,cv5,200,36,svm,3,0.7109375
synthetic_pilot,cv5,200,36,svm,4,0.68359375
synthetic_pilot,cv5,200,36,svm,5,0.71484375
synthetic_pilot,cv5,200,36,rf,1,0.8125
synthetic_pilot,cv5,200,36,rf,2,0.61328125
synthetic_pilot,cv5,200,36,rf,3,0.724609375
synthetic_pilot,cv5,200,36,rf,4,0.76953125
synthetic_pilot,cv5,200,36,rf,5,0.73046875
synthetic_pilot,cv5,200,36,gb,1,0.78125
synthetic_pilot,cv5,200,36,gb,2,0.6015625
synthetic_pilot,cv5,200,36,gb,3,0.640625
synthetic_pilot,cv5,200,36,gb,4,0.77734375
synthetic_pilot,cv5,200,36,gb,5,0.78125
synthetic_pilot,cv5,200,37,logreg,1,0.65234375
synthetic_pilot,cv5,200,37,logreg,2,0.7421875
synthetic_pilot,cv5,200,37,logreg,3,0.8984375
synthetic_pilot,cv5,200,37,logreg,4,0.75
synthetic_pilot,cv5,200,37,logreg,5,0.6953125
synthetic_pilot,cv5,200,37,knn,1,0.5703125
synthetic_pilot,cv5,200,37,knn,2,0.75390625
synthetic_pilot,cv5,200,37,knn,3,0.5703125
synthetic_pilot,cv5,200,37,knn,4,0.515625
synthetic_pilot,cv5,200,37,knn,5,0.591796875
synthetic_pilot,cv5,200,37,dtree,1,0.4375
synthetic_pilot,cv5,200,37,dtree,2,0.556640625
synthetic_pilot,cv5,200,37,dtree,3,0.728515625
synthetic_pilot,cv5,200,37,dtree,4,0.505859375
synthetic_pilot,cv5,200,37,dtree,5,0.57421875
synthetic_pilot,cv5,200,37,svm,1,0.72265625
synthetic_pilot,cv5,200,37,svm,2,0.69921875
synthetic_pilot,cv5,200,37,svm,3,0.89453125
synthetic_pilot,cv5,200,37,svm,4,0.77734375
synthetic_pilot,cv5,200,37,svm,5,0.66015625
synthetic_pilot,cv5,200,37,rf,1,0.63671875
synthetic_pilot,cv5,200,37,rf,2,0.748046875
synthetic_pilot,cv5,200,37,rf,3,0.91796875
synthetic_pilot,cv5,200,37,rf,4,0.701171875
synthetic_pilot,cv5,200,37,rf,5,0.634765625
synthetic_pilot,cv5,200,37,gb,1,0.50390625
synthetic_pilot,cv5,200,37,gb,2,0.73046875
synthetic_pilot,cv5,200,37,gb,3,0.78515625
synthetic_pilot,cv5,200,37,gb,4,0.703125
synthetic_pilot,cv5,200,37,gb,5,0.70703125
synthetic_pilot,cv5,200,38,logreg,1,0.75390625
synthetic_pilot,cv5,200,38,logreg,2,0.87890625
synthetic_pilot,cv5,200,38,logreg,3,0.76953125
synthetic_pilot,cv5,200,38,logreg,4,0.796875
synthetic_pilot,cv5,200,38,logreg,5,0.73828125
synthetic_pilot,cv5,200,38,knn,1,0.50390625
synthetic_pilot,cv5,200,38,knn,2,0.650390625
synthetic_pilot,cv5,200,38,knn,3,0.697265625
synthetic_pilot,cv5,200,38,knn,4,0.7734375
synthetic_pilot,cv5,200,38,knn,5,0.619140625
synthetic_pilot,cv5,200,38,dtree,1,0.50390625
synthetic_pilot,cv5,200,38,dtree,2,0.822265625
synthetic_pilot,cv5,200,38,dtree,3,0.44140625
synthetic_pilot,cv5,200,38,dtree,4,0.509765625
synthetic_pilot,cv5,200,38,dtree,5,0.435546875
synthetic_pilot,cv5,200,38,svm,1,0.640625
synthetic_pilot,cv5,200,38,svm,2,0.91015625
synthetic_pilot,cv5,200,38,svm,3,0.7265625
synthetic_pilot,cv5,200,38,svm,4,0.94140625
synthetic_pilot,cv5,200,38,svm,5,0.734375
synthetic_pilot,cv5,200,38,rf,1,0.625
synthetic_pilot,cv5,200,38,rf,2,0.87890625
synthetic_pilot,cv5,200,38,rf,3,0.6484375
synthetic_pilot,cv5,200,38,rf,4,0.865234375
synthetic_pilot,cv5,200,38,rf,5,0.77734375
synthetic_pilot,cv5,200,38,gb,1,0.6953125
synthetic_pilot,cv5,200,38,gb,2,0.86328125
synthetic_pilot,cv5,200,38,gb,3,0.6875
synthetic_pilot,cv5,200,38,gb,4,0.70703125
synthetic_pilot,cv5,200,38,gb,5,0.66796875
synthetic_pilot,cv5,200,39,logreg,1,0.51171875
synthetic_pilot,cv5,200,39,logreg,2,0.80859375
synthetic_pilot,cv5,200,39,logreg,3,0.5390625
synthetic_pilot,cv5,200,39,logreg,4,0.70703125
synthetic_pilot,cv5,200,39,logreg,5,0.75390625
synthetic_pilot,cv5,200,39,knn,1,0.740234375
synthetic_pilot,cv5,200,39,knn,2,0.560546875
synthetic_pilot,cv5,200,39,knn,3,0.8359375
synthetic_pilot,cv5,200,39,knn,4,0.64453125
synthetic_pilot,cv5,200,39,knn,5,0.751953125
synthetic_pilot,cv5,200,39,dtree,1,0.404296875
synthetic_pilot,cv5,200,39,dtree,2,0.345703125
synthetic_pilot,cv5,200,39,dtree,3,0.51171875
synthetic_pilot,cv5,200,39,dtree,4,0.478515625
synthetic_pilot,cv5,200,39,dtree,5,0.5625
synthetic_pilot,cv5,200,39,svm,1,0.8359375
synthetic_pilot,cv5,200,39,svm,2,0.75390625
synthetic_pilot,cv5,200,39,svm,3,0.79296875
synthetic_pilot,cv5,200,39,svm,4,0.67578125
synthetic_pilot,cv5,200,39,svm,5,0.8671875
synthetic_pilot,cv5,200,39,rf,1,0.5859375
synthetic_pilot,cv5,200,39,rf,2,0.693359375
synthetic_pilot,cv5,200,39,rf,3,0.666015625
synthetic_pilot,cv5,200,39,rf,4,0.572265625
synthetic_pilot,cv5,200,39,rf,5,0.794921875
synthetic_pilot,cv5,200,39,gb,1,0.51171875
synthetic_pilot,cv5,200,39,gb,2,0.73046875
synthetic_pilot,cv5,200,39,gb,3,0.796875
synthetic_pilot,cv5,200,39,gb,4,0.734375
synthetic_pilot,cv5,200,39,gb,5,0.74609375
synthetic_pilot,cv5,200,40,logreg,1,0.6328125
synthetic_pilot,cv5,200,40,logreg,2,0.84375
synthetic_pilot,cv5,200,40,logreg,3,0.71875
synthetic_pilot,cv5,200,40,logreg,4,0.9453125
synthetic_pilot,cv5,200,40,logreg,5,0.64453125
synthetic_pilot,cv5,200,40,knn,1,0.5078125
synthetic_pilot,cv5,200,40,knn,2,0.67578125
synthetic_pilot,cv5,200,40,knn,3,0.64453125
synthetic_pilot,cv5,200,40,knn,4,0.66015625
synthetic_pilot,cv5,200,40,knn,5,0.697265625
synthetic_pilot,cv5,200,40,dtree,1,0.5625
synthetic_pilot,cv5,200,40,dtree,2,0.60546875
synthetic_pilot,cv5,200,40,dtree,3,0.439453125
synthetic_pilot,cv5,200,40,dtree,4,0.630859375
synthetic_pilot,cv5,200,40,dtree,5,0.779296875
synthetic_pilot,cv5,200,40,svm,1,0.8046875
synthetic_pilot,cv5,200,40,svm,2,0.8984375
synthetic_pilot,cv5,200,40,svm,3,0.69140625
synthetic_pilot,cv5,200,40,svm,4,0.8359375
synthetic_pilot,cv5,200,40,svm,5,0.8046875
synthetic_pilot,cv5,200,40,rf,1,0.693359375
synthetic_pilot,cv5,200,40,rf,2,0.8125
synthetic_pilot,cv5,200,40,rf,3,0.59375
synthetic_pilot,cv5,200,40,rf,4,0.78125
synthetic_pilot,cv5,200,40,rf,5,0.822265625
synthetic_pilot,cv5,200,40,gb,1,0.7109375
synthetic_pilot,cv5,200,40,gb,2,0.7578125
synthetic_pilot,cv5,200,40,gb,3,0.65625
synthetic_pilot,cv5,200,40,gb,4,0.76953125
synthetic_pilot,cv5,200,40,gb,5,0.52734375
synthetic_pilot,cv5,200,41,logreg,1,0.72265625
synthetic_pilot,cv5,200,41,logreg,2,0.87890625
synthetic_pilot,cv5,200,41,logreg,3,0.83203125
synthetic_pilot,cv5,200,41,logreg,4,0.7421875
synthetic_pilot,cv5,200,41,logreg,5,0.84375
synthetic_pilot,cv5,200,41,knn,1,0.56640625
synthetic_pilot,cv5,200,41,knn,2,0.607421875
synthetic_pilot,cv5,200,41,knn,3,0.72265625
synthetic_pilot,cv5,200,41,knn,4,0.703125
synthetic_pilot,cv5,200,41,knn,5,0.779296875
synthetic_pilot,cv5,200,41,dtree,1,0.6171875
synthetic_pilot,cv5,200,41,dtree,2,0.6875
synthetic_pilot,cv5,200,41,dtree,3,0.705078125
synthetic_pilot,cv5,200,41,dtree,4,0.498046875
synthetic_pilot,cv5,200,41,dtree,5,0.7578125
synthetic_pilot,cv5,200,41,svm,1,0.734375
synthetic_pilot,cv5,200,41,svm,2,0.8046875
synthetic_pilot,cv5,200,41,svm,3,0.85546875
synthetic_pilot,cv5,200,41,svm,4,0.79296875
synthetic_pilot,cv5,200,41,svm,5,0.84765625
synthetic_pilot,cv5,200,41,rf,1,0.623046875
synthetic_pilot,cv5,200,41,rf,2,0.775390625
synthetic_pilot,cv5,200,41,rf,3,0.720703125
synthetic_pilot,cv5,200,41,rf,4,0.703125
synthetic_pilot,cv5,200,41,rf,5,0.9140625
synthetic_pilot,cv5,200,41,gb,1,0.609375
synthetic_pilot,cv5,200,41,gb,2,0.7734375
synthetic_pilot,cv5,200,41,gb,3,0.75
synthetic_pilot,cv5,200,41,gb,4,0.65234375
synthetic_pilot,cv5,200,41,gb,5,0.77734375
synthetic_pilot,cv5,200,42,logreg,1,0.828125
synthetic_pilot,cv5,200,42,logreg,2,0.73828125
synthetic_pilot,cv5,200,42,logreg,3,0.65234375
synthetic_pilot,cv5,200,42,logreg,4,0.86328125
synthetic_pilot,cv5,200,42,logreg,5,0.74609375
synthetic_pilot,cv5,200,42,knn,1,0.68359375
synthetic_pilot,cv5,200,42,knn,2,0.73828125
synthetic_pilot,cv5,200,42,knn,3,0.830078125
synthetic_pilot,cv5,200,42,knn,4,0.7890625
synthetic_pilot,cv5,200,42,knn,5,0.8515625
synthetic_pilot,cv5,200,42,dtree,1,0.611328125
synthetic_pilot,cv5,200,42,dtree,2,0.408203125
synthetic_pilot,cv5,200,42,dtree,3,0.6953125
synthetic_pilot,cv5,200,42,dtree,4,0.47265625
synthetic_pilot,cv5,200,42,dtree,5,0.53125
synthetic_pilot,cv5,200,42,svm,1,0.87109375
synthetic_pilot,cv5,200,42,svm,2,0.734375
synthetic_pilot,cv5,200,42,svm,3,0.6953125
synthetic_pilot,cv5,200,42,svm,4,0.90625
synthetic_pilot,cv5,200,42,svm,5,0.84375
synthetic_pilot,cv5,200,42,rf,1,0.826171875
synthetic_pilot,cv5,200,42,rf,2,0.625
synthetic_pilot,cv5,200,42,rf,3,0.6875
synthetic_pilot,cv5,200,42,rf,4,0.828125
synthetic_pilot,cv5,200,42,rf,5,0.73828125
synthetic_pilot,cv5,200,42,gb,1,0.76171875
synthetic_pilot,cv5,200,42,gb,2,0.59765625
synthetic_pilot,cv5,200,42,gb,3,0.6640625
synthetic_pilot,cv5,200,42,gb,4,0.7890625
synthetic_pilot,cv5,200,42,gb,5,0.796875
synthetic_pilot,cv5,200,43,logreg,1,0.6640625
synthetic_pilot,cv5,200,43,logreg,2,0.703125
synthetic_pilot,cv5,200,43,logreg,3,0.62890625
synthetic_pilot,cv5,200,43,logreg,4,0.65234375
synthetic_pilot,cv5,200,43,logreg,5,0.6484375
synthetic_pilot,cv5,200,43,knn,1,0.5390625
synthetic_pilot,cv5,200,43,knn,2,0.71484375
synthetic_pilot,cv5,200,43,knn,3,0.6171875
synthetic_pilot,cv5,200,43,knn,4,0.58203125
synthetic_pilot,cv5,200,43,knn,5,0.669921875
synthetic_pilot,cv5,200,43,dtree,1,0.43359375
synthetic_pilot,cv5,200,43,dtree,2,0.5625
synthetic_pilot,cv5,200,43,dtree,3,0.5078125
synthetic_pilot,cv5,200,43,dtree,4,0.322265625
synthetic_pilot,cv5,200,43,dtree,5,0.5703125
synthetic_pilot,cv5,200,43,svm,1,0.5859375
synthetic_pilot,cv5,200,43,svm,2,0.70703125
synthetic_pilot,cv5,200,43,svm,3,0.78515625
synthetic_pilot,cv5,200,43,svm,4,0.58984375
synthetic_pilot,cv5,200,43,svm,5,0.703125
synthetic_pilot,cv5,200,43,rf,1,0.634765625
synthetic_pilot,cv5,200,43,rf,2,0.736328125
synthetic_pilot,cv5,200,43,rf,3,0.62890625
synthetic_pilot,cv5,200,43,rf,4,0.634765625
synthetic_pilot,cv5,200,43,rf,5,0.564453125
synthetic_pilot,cv5,200,43,gb,1,0.4765625
synthetic_pilot,cv5,200,43,gb,2,0.7265625
synthetic_pilot,cv5,200,43,gb,3,0.6953125
synthetic_pilot,cv5,200,43,gb,4,0.58203125
synthetic_pilot,cv5,200,43,gb,5,0.53515625
synthetic_pilot,cv5,200,44,logreg,1,0.90625
synthetic_pilot,cv5,200,44,logreg,2,0.89453125
synthetic_pilot,cv5,200,44,logreg,3,0.8671875
synthetic_pilot,cv5,200,44,logreg,4,0.80859375
synthetic_pilot,cv5,200,44,logreg,5,0.9453125
synthetic_pilot,cv5,200,44,knn,1,0.75390625
synthetic_pilot,cv5,200,44,knn,2,0.869140625
synthetic_pilot,cv5,200,44,knn,3,0.76171875
synthetic_pilot,cv5,200,44,knn,4,0.548828125
synthetic_pilot,cv5,200,44,knn,5,0.75
synthetic_pilot,cv5,200,44,dtree,1,0.765625
synthetic_pilot,cv5,200,44,dtree,2,0.724609375
synthetic_pilot,cv5,200,44,dtree,3,0.8046875
synthetic_pilot,cv5,200,44,dtree,4,0.646484375
synthetic_pilot,cv5,200,44,dtree,5,0.71875
synthetic_pilot,cv5,200,44,svm,1,0.765625
synthetic_pilot,cv5,200,44,svm,2,0.8984375
synthetic_pilot,cv5,200,44,svm,3,0.84765625
synthetic_pilot,cv5,200,44,svm,4,0.75390625
synthetic_pilot,cv5,200,44,svm,5,0.8984375
synthetic_pilot,cv5,200,44,rf,1,0.798828125
synthetic_pilot,cv5,200,44,rf,2,0.908203125
synthetic_pilot,cv5,200,44,rf,3,0.890625
synthetic_pilot,cv5,200,44,rf,4,0.802734375
synthetic_pilot,cv5,200,44,rf,5,0.798828125
synthetic_pilot,cv5,200,44,gb,1,0.765625
synthetic_pilot,cv5,200,44,gb,2,0.8125
synthetic_pilot,cv5,200,44,gb,3,0.85546875
synthetic_pilot,cv5,200,44,gb,4,0.77734375
synthetic_pilot,cv5,200,44,gb,5,0.828125
synthetic_pilot,cv5,200,45,logreg,1,0.734375
synthetic_pilot,cv5,200,45,logreg,2,0.8203125
synthetic_pilot,cv5,200,45,logreg,3,0.7265625
synthetic_pilot,cv5,200,45,logreg,4,0.9140625
synthetic_pilot,cv5,200,45,logreg,5,0.9375
synthetic_pilot,cv5,200,45,knn,1,0.705078125
synthetic_pilot,cv5,200,45,knn,2,0.775390625
synthetic_pilot,cv5,200,45,knn,3,0.650390625
synthetic_pilot,cv5,200,45,knn,4,0.75390625
synthetic_pilot,cv5,200,45,knn,5,0.697265625
synthetic_pilot,cv5,200,45,dtree,1,0.576171875
synthetic_pilot,cv5,200,45,dtree,2,0.671875
synthetic_pilot,cv5,200,45,dtree,3,0.65234375
synthetic_pilot,cv5,200,45,dtree,4,0.765625
synthetic_pilot,cv5,200,45,dtree,5,0.720703125
synthetic_pilot,cv5,200,45,svm,1,0.73046875
synthetic_pilot,cv5,200,45,svm,2,0.74609375
synthetic_pilot,cv5,200,45,svm,3,0.6015625
synthetic_pilot,cv5,200,45,svm,4,0.79296875
synthetic_pilot,cv5,200,45,svm,5,0.89453125
synthetic_pilot,cv5,200,45,rf,1,0.75
synthetic_pilot,cv5,200,45,rf,2,0.822265625
synthetic_pilot,cv5,200,45,rf,3,0.75390625
synthetic_pilot,cv5,200,45,rf,4,0.810546875
synthetic_pilot,cv5,200,45,rf,5,0.8828125
synthetic_pilot,cv5,200,45,gb,1,0.76953125
synthetic_pilot,cv5,200,45,gb,2,0.85546875
synthetic_pilot,cv5,200,45,gb,3,0.640625
synthetic_pilot,cv5,200,45,gb,4,0.79296875
synthetic_pilot,cv5,200,45,gb,5,0.88671875
synthetic_pilot,cv5,200,46,logreg,1,0.76953125
synthetic_pilot,cv5,200,46,logreg,2,0.6328125
synthetic_pilot,cv5,200,46,logreg,3,0.64453125
synthetic_pilot,cv5,200,46,logreg,4,0.54296875
synthetic_pilot,cv5,200,46,logreg,5,0.54296875
synthetic_pilot,cv5,200,46,knn,1,0.755859375
synthetic_pilot,cv5,200,46,knn,2,0.5859375
synthetic_pilot,cv5,200,46,knn,3,0.765625
synthetic_pilot,cv5,200,46,knn,4,0.546875
synthetic_pilot,cv5,200,46,knn,5,0.66796875
synthetic_pilot,cv5,200,46,dtree,1,0.57421875
synthetic_pilot,cv5,200,46,dtree,2,0.615234375
synthetic_pilot,cv5,200,46,dtree,3,0.607421875
synthetic_pilot,cv5,200,46,dtree,4,0.50390625
synthetic_pilot,cv5,200,46,dtree,5,0.578125
synthetic_pilot,cv5,200,46,svm,1,0.8046875
synthetic_pilot,cv5,200,46,svm,2,0.63671875
synthetic_pilot,cv5,200,46,svm,3,0.76953125
synthetic_pilot,cv5,200,46,svm,4,0.63671875
synthetic_pilot,cv5,200,46,svm,5,0.5390625
synthetic_pilot,cv5,200,46,rf,1,0.638671875
synthetic_pilot,cv5,200,46,rf,2,0.51171875
synthetic_pilot,cv5,200,46,rf,3,0.802734375
synthetic_pilot,cv5,200,46,rf,4,0.59375
synthetic_pilot,cv5,200,46,rf,5,0.431640625
synthetic_pilot,cv5,200,46,gb,1,0.68359375
synthetic_pilot,cv5,200,46,gb,2,0.375
synthetic_pilot,cv5,200,46,gb,3,0.66796875
synthetic_pilot,cv5,200,46,gb,4,0.53515625
synthetic_pilot,cv5,200,46,gb,5,0.546875
synthetic_pilot,cv5,200,47,logreg,1,0.7109375
synthetic_pilot,cv5,200,47,logreg,2,0.62890625
synthetic_pilot,cv5,200,47,logreg,3,0.66796875
synthetic_pilot,cv5,200,47,logreg,4,0.83984375
synthetic_pilot,cv5,200,47,logreg,5,0.84375
synthetic_pilot,cv5,200,47,knn,1,0.67578125
synthetic_pilot,cv5,200,47,knn,2,0.5546875
synthetic_pilot,cv5,200,47,knn,3,0.66796875
synthetic_pilot,cv5,200,47,knn,4,0.794921875
synthetic_pilot,cv5,200,47,knn,5,0.5625
synthetic_pilot,cv5,200,47,dtree,1,0.728515625
synthetic_pilot,cv5,200,47,dtree,2,0.564453125
synthetic_pilot,cv5,200,47,dtree,3,0.595703125
synthetic_pilot,cv5,200,47,dtree,4,0.8203125
synthetic_pilot,cv5,200,47,dtree,5,0.693359375
synthetic_pilot,cv5,200,47,svm,1,0.70703125
synthetic_pilot,cv5,200,47,svm,2,0.7734375
synthetic_pilot,cv5,200,47,svm,3,0.6953125
synthetic_pilot,cv5,200,47,svm,4,0.8046875
synthetic_pilot,cv5,200,47,svm,5,0.6875
synthetic_pilot,cv5,200,47,rf,1,0.626953125
synthetic_pilot,cv5,200,47,rf,2,0.6484375
synthetic_pilot,cv5,200,47,rf,3,0.634765625
synthetic_pilot,cv5,200,47,rf,4,0.81640625
synthetic_pilot,cv5,200,47,rf,5,0.66796875
synthetic_pilot,cv5,200,47,gb,1,0.671875
synthetic_pilot,cv5,200,47,gb,2,0.67578125
synthetic_pilot,cv5,200,47,gb,3,0.57421875
synthetic_pilot,cv5,200,47,gb,4,0.80078125
synthetic_pilot,cv5,200,47,gb,5,0.66015625
synthetic_pilot,cv5,200,48,logreg,1,0.7265625
synthetic_pilot,cv5,200,48,logreg,2,0.71875
synthetic_pilot,cv5,200,48,logreg,3,0.578125
synthetic_pilot,cv5,200,48,logreg,4,0.6953125
synthetic_pilot,cv5,200,48,logreg,5,0.56640625
synthetic_pilot,cv5,200,48,knn,1,0.59375
synthetic_pilot,cv5,200,48,knn,2,0.640625
synthetic_pilot,cv5,200,48,knn,3,0.53515625
synthetic_pilot,cv5,200,48,knn,4,0.615234375
synthetic_pilot,cv5,200,48,knn,5,0.703125
synthetic_pilot,cv5,200,48,dtree,1,0.75
synthetic_pilot,cv5,200,48,dtree,2,0.62109375
synthetic_pilot,cv5,200,48,dtree,3,0.375
synthetic_pilot,cv5,200,48,dtree,4,0.296875
synthetic_pilot,cv5,200,48,dtree,5,0.619140625
synthetic_pilot,cv5,200,48,svm,1,0.8671875
synthetic_pilot,cv5,200,48,svm,2,0.60546875
synthetic_pilot,cv5,200,48,svm,3,0.59765625
synthetic_pilot,cv5,200,48,svm,4,0.7265625
synthetic_pilot,cv5,200,48,svm,5,0.65625
synthetic_pilot,cv5,200,48,rf,1,0.759765625
synthetic_pilot,cv5,200,48,rf,2,0.546875
synthetic_pilot,cv5,200,48,rf,3,0.505859375
synthetic_pilot,cv5,200,48,rf,4,0.607421875
synthetic_pilot,cv5,200,48,rf,5,0.634765625
synthetic_pilot,cv5,200,48,gb,1,0.76953125
synthetic_pilot,cv5,200,48,gb,2,0.671875
synthetic_pilot,cv5,200,48,gb,3,0.4140625
synthetic_pilot,cv5,200,48,gb,4,0.58203125
synthetic_pilot,cv5,200,48,gb,5,0.7109375
synthetic_pilot,cv5,200,49,logreg,1,0.859375
synthetic_pilot,cv5,200,49,logreg,2,0.765625
synthetic_pilot,cv5,200,49,logreg,3,0.625
synthetic_pilot,cv5,200,49,logreg,4,0.57421875
synthetic_pilot,cv5,200,49,logreg,5,0.73828125
synthetic_pilot,cv5,200,49,knn,1,0.564453125
synthetic_pilot,cv5,200,49,knn,2,0.69921875
synthetic_pilot,cv5,200,49,knn,3,0.59375
synthetic_pilot,cv5,200,49,knn,4,0.47265625
synthetic_pilot,cv5,200,49,knn,5,0.609375
synthetic_pilot,cv5,200,49,dtree,1,0.65625
synthetic_pilot,cv5,200,49,dtree,2,0.59375
synthetic_pilot,cv5,200,49,dtree,3,0.5859375
synthetic_pilot,cv5,200,49,dtree,4,0.85546875
synthetic_pilot,cv5,200,49,dtree,5,0.59765625
synthetic_pilot,cv5,200,49,svm,1,0.77734375
synthetic_pilot,cv5,200,49,svm,2,0.734375
synthetic_pilot,cv5,200,49,svm,3,0.69921875
synthetic_pilot,cv5,200,49,svm,4,0.72265625
synthetic_pilot,cv5,200,49,svm,5,0.73046875
synthetic_pilot,cv5,200,49,rf,1,0.79296875
synthetic_pilot,cv5,200,49,rf,2,0.744140625
synthetic_pilot,cv5,200,49,rf,3,0.603515625
synthetic_pilot,cv5,200,49,rf,4,0.669921875
synthetic_pilot,cv5,200,49,rf,5,0.75390625
synthetic_pilot,cv5,200,49,gb,1,0.671875
synthetic_pilot,cv5,200,49,gb,2,0.58984375
synthetic_pilot,cv5,200,49,gb,3,0.65234375
synthetic_pilot,cv5,200,49,gb,4,0.6015625
synthetic_pilot,cv5,200,49,gb,5,0.73828125
synthetic_pilot,cv5,200,50,logreg,1,0.734375
synthetic_pilot,cv5,200,50,logreg,2,0.765625
synthetic_pilot,cv5,200,50,logreg,3,0.78515625
synthetic_pilot,cv5,200,50,logreg,4,0.85546875
synthetic_pilot,cv5,200,50,logreg,5,0.85546875
synthetic_pilot,cv5,200,50,knn,1,0.7734375
synthetic_pilot,cv5,200,50,knn,2,0.6953125
synthetic_pilot,cv5,200,50,knn,3,0.78515625
synthetic_pilot,cv5,200,50,knn,4,0.728515625
synthetic_pilot,cv5,200,50,knn,5,0.7734375
synthetic_pilot,cv5,200,50,dtree,1,0.671875
synthetic_pilot,cv5,200,50,dtree,2,0.611328125
synthetic_pilot,cv5,200,50,dtree,3,0.474609375
synthetic_pilot,cv5,200,50,dtree,4,0.576171875
synthetic_pilot,cv5,200,50,dtree,5,0.357421875
synthetic_pilot,cv5,200,50,svm,1,0.74609375
synthetic_pilot,cv5,200,50,svm,2,0.82421875
synthetic_pilot,cv5,200,50,svm,3,0.734375
synthetic_pilot,cv5,200,50,svm,4,0.8671875
synthetic_pilot,cv5,200,50,svm,5,0.7734375
synthetic_pilot,cv5,200,50,rf,1,0.810546875
synthetic_pilot,cv5,200,50,rf,2,0.765625
synthetic_pilot,cv5,200,50,rf,3,0.744140625
synthetic_pilot,cv5,200,50,rf,4,0.662109375
synthetic_pilot,cv5,200,50,rf,5,0.7890625
synthetic_pilot,cv5,200,50,gb,1,0.63671875
synthetic_pilot,cv5,200,50,gb,2,0.70703125
synthetic_pilot,cv5,200,50,gb,3,0.828125
synthetic_pilot,cv5,200,50,gb,4,0.73828125
synthetic_pilot,cv5,200,50,gb,5,0.73828125
synthetic_pilot,cv5,200,51,logreg,1,0.7890625
synthetic_pilot,cv5,200,51,logreg,2,0.70703125
synthetic_pilot,cv5,200,51,logreg,3,0.7578125
synthetic_pilot,cv5,200,51,logreg,4,0.8515625
synthetic_pilot,cv5,200,51,logreg,5,0.78125
synthetic_pilot,cv5,200,51,knn,1,0.638671875
synthetic_pilot,cv5,200,51,knn,2,0.767578125
synthetic_pilot,cv5,200,51,knn,3,0.677734375
synthetic_pilot,cv5,200,51,knn,4,0.716796875
synthetic_pilot,cv5,200,51,knn,5,0.763671875
synthetic_pilot,cv5,200,51,dtree,1,0.69921875
synthetic_pilot,cv5,200,51,dtree,2,0.65234375
synthetic_pilot,cv5,200,51,dtree,3,0.71875
synthetic_pilot,cv5,200,51,dtree,4,0.66015625
synthetic_pilot,cv5,200,51,dtree,5,0.8046875
synthetic_pilot,cv5,200,51,svm,1,0.7109375
synthetic_pilot,cv5,200,51,svm,2,0.765625
synthetic_pilot,cv5,200,51,svm,3,0.71875
synthetic_pilot,cv5,200,51,svm,4,0.78515625
synthetic_pilot,cv5,200,51,svm,5,0.82421875
synthetic_pilot,cv5,200,51,rf,1,0.826171875
synthetic_pilot,cv5,200,51,rf,2,0.810546875
synthetic_pilot,cv5,200,51,rf,3,0.78515625
synthetic_pilot,cv5,200,51,rf,4,0.76171875
synthetic_pilot,cv5,200,51,rf,5,0.857421875
synthetic_pilot,cv5,200,51,gb,1,0.73046875
synthetic_pilot,cv5,200,51,gb,2,0.8125
synthetic_pilot,cv5,200,51,gb,3,0.76953125
synthetic_pilot,cv5,200,51,gb,4,0.765625
synthetic_pilot,cv5,200,51,gb,5,0.8671875
synthetic_pilot,cv5,200,52,logreg,1,0.76953125
synthetic_pilot,cv5,200,52,logreg,2,0.91015625
synthetic_pilot,cv5,200,52,logreg,3,0.796875
synthetic_pilot,cv5,200,52,logreg,4,0.6796875
synthetic_pilot,cv5,200,52,logreg,5,0.6015625
synthetic_pilot,cv5,200,52,knn,1,0.634765625
synthetic_pilot,cv5,200,52,knn,2,0.59765625
synthetic_pilot,cv5,200,52,knn,3,0.6015625
synthetic_pilot,cv5,200,52,knn,4,0.689453125
synthetic_pilot,cv5,200,52,knn,5,0.52734375
synthetic_pilot,cv5,200,52,dtree,1,0.615234375
synthetic_pilot,cv5,200,52,dtree,2,0.8515625
synthetic_pilot,cv5,200,52,dtree,3,0.5703125
synthetic_pilot,cv5,200,52,dtree,4,0.6875
synthetic_pilot,cv5,200,52,dtree,5,0.564453125
synthetic_pilot,cv5,200,52,svm,1,0.8359375
synthetic_pilot,cv5,200,52,svm,2,0.75390625
synthetic_pilot,cv5,200,52,svm,3,0.59375
synthetic_pilot,cv5,200,52,svm,4,0.6875
synthetic_pilot,cv5,200,52,svm,5,0.70703125
synthetic_pilot,cv5,200,52,rf,1,0.861328125
synthetic_pilot,cv5,200,52,rf,2,0.896484375
synthetic_pilot,cv5,200,52,rf,3,0.548828125
synthetic_pilot,cv5,200,52,rf,4,0.576171875
synthetic_pilot,cv5,200,52,rf,5,0.525390625
synthetic_pilot,cv5,200,52,gb,1,0.6796875
synthetic_pilot,cv5,200,52,gb,2,0.91015625
synthetic_pilot,cv5,200,52,gb,3,0.5546875
synthetic_pilot,cv5,200,52,gb,4,0.67578125
synthetic_pilot,cv5,200,52,gb,5,0.4609375
synthetic_pilot,cv5,200,53,logreg,1,0.8515625
synthetic_pilot,cv5,200,53,logreg,2,0.76953125
synthetic_pilot,cv5,200,53,logreg,3,0.67578125
synthetic_pilot,cv5,200,53,logreg,4,0.7734375
synthetic_pilot,cv5,200,53,logreg,5,0.8125
synthetic_pilot,cv5,200,53,knn,1,0.65234375
synthetic_pilot,cv5,200,53,knn,2,0.80859375
synthetic_pilot,cv5,200,53,knn,3,0.638671875
synthetic_pilot,cv5,200,53,knn,4,0.826171875
synthetic_pilot,cv5,200,53,knn,5,0.828125
synthetic_pilot,cv5,200,53,dtree,1,0.716796875
synthetic_pilot,cv5,200,53,dtree,2,0.509765625
synthetic_pilot,cv5,200,53,dtree,3,0.546875
synthetic_pilot,cv5,200,53,dtree,4,0.515625
synthetic_pilot,cv5,200,53,dtree,5,0.486328125
synthetic_pilot,cv5,200,53,svm,1,0.765625
synthetic_pilot,cv5,200,53,svm,2,0.68359375
synthetic_pilot,cv5,200,53,svm,3,0.75
synthetic_pilot,cv5,200,53,svm,4,0.796875
synthetic_pilot,cv5,200,53,svm,5,0.8359375
synthetic_pilot,cv5,200,53,rf,1,0.787109375
synthetic_pilot,cv5,200,53,rf,2,0.673828125
synthetic_pilot,cv5,200,53,rf,3,0.732421875
synthetic_pilot,cv5,200,53,rf,4,0.662109375
synthetic_pilot,cv5,200,53,rf,5,0.873046875
synthetic_pilot,cv5,200,53,gb,1,0.88671875
synthetic_pilot,cv5,200,53,gb,2,0.6875
synthetic_pilot,cv5,200,53,gb,3,0.6875
synthetic_pilot,cv5,200,53,gb,4,0.703125
synthetic_pilot,cv5,200,53,gb,5,0.87109375
synthetic_pilot,cv5,200,54,logreg,1,0.84765625
synthetic_pilot,cv5,200,54,logreg,2,0.9140625
synthetic_pilot,cv5,200,54,logreg,3,0.87109375
synthetic_pilot,cv5,200,54,logreg,4,0.83203125
synthetic_pilot,cv5,200,54,logreg,5,0.828125
synthetic_pilot,cv5,200,54,knn,1,0.70703125
synthetic_pilot,cv5,200,54,knn,2,0.72265625
synthetic_pilot,cv5,200,54,knn,3,0.82421875
synthetic_pilot,cv5,200,54,knn,4,0.876953125
synthetic_pilot,cv5,200,54,knn,5,0.759765625
synthetic_pilot,cv5,200,54,dtree,1,0.701171875
synthetic_pilot,cv5,200,54,dtree,2,0.4453125
synthetic_pilot,cv5,200,54,dtree,3,0.599609375
synthetic_pilot,cv5,200,54,dtree,4,0.537109375
synthetic_pilot,cv5,200,54,dtree,5,0.421875
synthetic_pilot,cv5,200,54,svm,1,0.88671875
synthetic_pilot,cv5,200,54,svm,2,0.90234375
synthetic_pilot,cv5,200,54,svm,3,0.8828125
synthetic_pilot,cv5,200,54,svm,4,0.8359375
synthetic_pilot,cv5,200,54,svm,5,0.86328125
synthetic_pilot,cv5,200,54,rf,1,0.81640625
synthetic_pilot,cv5,200,54,rf,2,0.888671875
synthetic_pilot,cv5,200,54,rf,3,0.78515625
synthetic_pilot,cv5,200,54,rf,4,0.80078125
synthetic_pilot,cv5,200,54,rf,5,0.77734375
synthetic_pilot,cv5,200,54,gb,1,0.85546875
synthetic_pilot,cv5,200,54,gb,2,0.875
synthetic_pilot,cv5,200,54,gb,3,0.734375
synthetic_pilot,cv5,200,54,gb,4,0.84765625
synthetic_pilot,cv5,200,54,gb,5,0.83203125
synthetic_pilot,cv5,200,55,logreg,1,0.76171875
synthetic_pilot,cv5,200,55,logreg,2,0.734375
synthetic_pilot,cv5,200,55,logreg,3,0.7890625
synthetic_pilot,cv5,200,55,logreg,4,0.70703125
synthetic_pilot,cv5,200,55,logreg,5,0.8125
synthetic_pilot,cv5,200,55,knn,1,0.7265625
synthetic_pilot,cv5,200,55,knn,2,0.712890625
synthetic_pilot,cv5,200,55,knn,3,0.615234375
synthetic_pilot,cv5,200,55,knn,4,0.5625
synthetic_pilot,cv5,200,55,knn,5,0.7265625
synthetic_pilot,cv5,200,55,dtree,1,0.451171875
synthetic_pilot,cv5,200,55,dtree,2,0.599609375
synthetic_pilot,cv5,200,55,dtree,3,0.4921875
synthetic_pilot,cv5,200,55,dtree,4,0.58203125
synthetic_pilot,cv5,200,55,dtree,5,0.728515625
synthetic_pilot,cv5,200,55,svm,1,0.6796875
synthetic_pilot,cv5,200,55,svm,2,0.88671875
synthetic_pilot,cv5,200,55,svm,3,0.8125
synthetic_pilot,cv5,200,55,svm,4,0.681640625
synthetic_pilot,cv5,200,55,svm,5,0.81640625
synthetic_pilot,cv5,200,55,rf,1,0.6015625
synthetic_pilot,cv5,200,55,rf,2,0.83203125
synthetic_pilot,cv5,200,55,rf,3,0.67578125
synthetic_pilot,cv5,200,55,rf,4,0.60546875
synthetic_pilot,cv5,200,55,rf,5,0.76953125
synthetic_pilot,cv5,200,55,gb,1,0.67578125
synthetic_pilot,cv5,200,55,gb,2,0.640625
synthetic_pilot,cv5,200,55,gb,3,0.71875
synthetic_pilot,cv5,200,55,gb,4,0.66796875
synthetic_pilot,cv5,200,55,gb,5,0.83203125
synthetic_pilot,cv5,200,56,logreg,1,0.765625
synthetic_pilot,cv5,200,56,logreg,2,0.66015625
synthetic_pilot,cv5,200,56,logreg,3,0.7734375
synthetic_pilot,cv5,200,56,logreg,4,0.59375
synthetic_pilot,cv5,200,56,logreg,5,0.7890625
synthetic_pilot,cv5,200,56,knn,1,0.544921875
synthetic_pilot,cv5,200,56,knn,2,0.66796875
synthetic_pilot,cv5,200,56,knn,3,0.53515625
synthetic_pilot,cv5,200,56,knn,4,0.650390625
synthetic_pilot,cv5,200,56,knn,5,0.697265625
synthetic_pilot,cv5,200,56,dtree,1,0.765625
synthetic_pilot,cv5,200,56,dtree,2,0.70703125
synthetic_pilot,cv5,200,56,dtree,3,0.44921875
synthetic_pilot,cv5,200,56,dtree,4,0.5
synthetic_pilot,cv5,200,56,dtree,5,0.380859375
synthetic_pilot,cv5,200,56,svm,1,0.65234375
synthetic_pilot,cv5,200,56,svm,2,0.6640625
synthetic_pilot,cv5,200,56,svm,3,0.765625
synthetic_pilot,cv5,200,56,svm,4,0.65625
synthetic_pilot,cv5,200,56,svm,5,0.78125
synthetic_pilot,cv5,200,56,rf,1,0.73046875
synthetic_pilot,cv5,200,56,rf,2,0.74609375
synthetic_pilot,cv5,200,56,rf,3,0.775390625
synthetic_pilot,cv5,200,56,rf,4,0.63671875
synthetic_pilot,cv5,200,56,rf,5,0.845703125
synthetic_pilot,cv5,200,56,gb,1,0.83203125
synthetic_pilot,cv5,200,56,gb,2,0.60546875
synthetic_pilot,cv5,200,56,gb,3,0.79296875
synthetic_pilot,cv5,200,56,gb,4,0.6875
synthetic_pilot,cv5,200,56,gb,5,0.82421875
synthetic_pilot,cv5,200,57,logreg,1,0.7578125
synthetic_pilot,cv5,200,57,logreg,2,0.73046875
synthetic_pilot,cv5,200,57,logreg,3,0.8203125
synthetic_pilot,cv5,200,57,logreg,4,0.8828125
synthetic_pilot,cv5,200,57,logreg,5,0.9453125
synthetic_pilot,cv5,200,57,knn,1,0.7109375
synthetic_pilot,cv5,200,57,knn,2,0.681640625
synthetic_pilot,cv5,200,57,knn,3,0.5390625
synthetic_pilot,cv5,200,57,knn,4,0.779296875
synthetic_pilot,cv5,200,57,knn,5,0.818359375
synthetic_pilot,cv5,200,57,dtree,1,0.6796875
synthetic_pilot,cv5,200,57,dtree,2,0.61328125
synthetic_pilot,cv5,200,57,dtree,3,0.578125
synthetic_pilot,cv5,200,57,dtree,4,0.728515625
synthetic_pilot,cv5,200,57,dtree,5,0.84375
synthetic_pilot,cv5,200,57,svm,1,0.84375
synthetic_pilot,cv5,200,57,svm,2,0.75
synthetic_pilot,cv5,200,57,svm,3,0.57421875
synthetic_pilot,cv5,200,57,svm,4,0.86328125
synthetic_pilot,cv5,200,57,svm,5,0.9296875
synthetic_pilot,cv5,200,57,rf,1,0.794921875
synthetic_pilot,cv5,200,57,rf,2,0.73828125
synthetic_pilot,cv5,200,57,rf,3,0.73046875
synthetic_pilot,cv5,200,57,rf,4,0.884765625
synthetic_pilot,cv5,200,57,rf,5,0.921875
synthetic_pilot,cv5,200,57,gb,1,0.72265625
synthetic_pilot,cv5,200,57,gb,2,0.80078125
synthetic_pilot,cv5,200,57,gb,3,0.69140625
synthetic_pilot,cv5,200,57,gb,4,0.79296875
synthetic_pilot,cv5,200,57,gb,5,0.87890625
synthetic_pilot,cv5,200,58,logreg,1,0.6484375
synthetic_pilot,cv5,200,58,logreg,2,0.796875
synthetic_pilot,cv5,200,58,logreg,3,0.78125
synthetic_pilot,cv5,200,58,logreg,4,0.62109375
synthetic_pilot,cv5,200,58,logreg,5,0.61328125
synthetic_pilot,cv5,200,58,knn,1,0.65234375
synthetic_pilot,cv5,200,58,knn,2,0.54296875
synthetic_pilot,cv5,200,58,knn,3,0.595703125
synthetic_pilot,cv5,200,58,knn,4,0.6171875
synthetic_pilot,cv5,200,58,knn,5,0.640625
synthetic_pilot,cv5,200,58,dtree,1,0.630859375
synthetic_pilot,cv5,200,58,dtree,2,0.759765625
synthetic_pilot,cv5,200,58,dtree,3,0.673828125
synthetic_pilot,cv5,200,58,dtree,4,0.6640625
synthetic_pilot,cv5,200,58,dtree,5,0.515625
synthetic_pilot,cv5,200,58,svm,1,0.63671875
synthetic_pilot,cv5,200,58,svm,2,0.7578125
synthetic_pilot,cv5,200,58,svm,3,0.80859375
synthetic_pilot,cv5,200,58,svm,4,0.6015625
synthetic_pilot,cv5,200,58,svm,5,0.6875
synthetic_pilot,cv5,200,58,rf,1,0.50390625
synthetic_pilot,cv5,200,58,rf,2,0.7265625
synthetic_pilot,cv5,200,58,rf,3,0.859375
synthetic_pilot,cv5,200,58,rf,4,0.5625
synthetic_pilot,cv5,200,58,rf,5,0.599609375
synthetic_pilot,cv5,200,58,gb,1,0.5703125
synthetic_pilot,cv5,200,58,gb,2,0.70703125
synthetic_pilot,cv5,200,58,gb,3,0.77734375
synthetic_pilot,cv5,200,58,gb,4,0.6171875
synthetic_pilot,cv5,200,58,gb,5,0.55078125
synthetic_pilot,cv5,200,59,logreg,1,0.796875
synthetic_pilot,cv5,200,59,logreg,2,0.64453125
synthetic_pilot,cv5,200,59,logreg,3,0.796875
synthetic_pilot,cv5,200,59,logreg,4,0.671875
synthetic_pilot,cv5,200,59,logreg,5,0.56640625
synthetic_pilot,cv5,200,59,knn,1,0.69140625
synthetic_pilot,cv5,200,59,knn,2,0.525390625
synthetic_pilot,cv5,200,59,knn,3,0.728515625
synthetic_pilot,cv5,200,59,knn,4,0.54296875
synthetic_pilot,cv5,200,59,knn,5,0.6640625
synthetic_pilot,cv5,200,59,dtree,1,0.609375
synthetic_pilot,cv5,200,59,dtree,2,0.638671875
synthetic_pilot,cv5,200,59,dtree,3,0.59375
synthetic_pilot,cv5,200,59,dtree,4,0.44140625
synthetic_pilot,cv5,200,59,dtree,5,0.439453125
synthetic_pilot,cv5,200,59,svm,1,0.72265625
synthetic_pilot,cv5,200,59,svm,2,0.71484375
synthetic_pilot,cv5,200,59,svm,3,0.65234375
synthetic_pilot,cv5,200,59,svm,4,0.77734375
synthetic_pilot,cv5,200,59,svm,5,0.8359375
synthetic_pilot,cv5,200,59,rf,1,0.853515625
synthetic_pilot,cv5,200,59,rf,2,0.822265625
synthetic_pilot,cv5,200,59,rf,3,0.62109375
synthetic_pilot,cv5,200,59,rf,4,0.78515625
synthetic_pilot,cv5,200,59,rf,5,0.724609375
synthetic_pilot,cv5,200,59,gb,1,0.80078125
synthetic_pilot,cv5,200,59,gb,2,0.61328125
synthetic_pilot,cv5,200,59,gb,3,0.671875
synthetic_pilot,cv5,200,59,gb,4,0.60546875
synthetic_pilot,cv5,200,59,gb,5,0.6171875
synthetic_pilot,cv5,200,60,logreg,1,0.8359375
synthetic_pilot,cv5,200,60,logreg,2,0.79296875
synthetic_pilot,cv5,200,60,logreg,3,0.81640625
synthetic_pilot,cv5,200,60,logreg,4,0.8515625
synthetic_pilot,cv5,200,60,logreg,5,0.87109375
synthetic_pilot,cv5,200,60,knn,1,0.751953125
synthetic_pilot,cv5,200,60,knn,2,0.89453125
synthetic_pilot,cv5,200,60,knn,3,0.6171875
synthetic_pilot,cv5,200,60,knn,4,0.802734375
synthetic_pilot,cv5,200,60,knn,5,0.927734375
synthetic_pilot,cv5,200,60,dtree,1,0.4453125
synthetic_pilot,cv5,200,60,dtree,2,0.654296875
synthetic_pilot,cv5,200,60,dtree,3,0.703125
synthetic_pilot,cv5,200,60,dtree,4,0.669921875
synthetic_pilot,cv5,200,60,dtree,5,0.67578125
synthetic_pilot,cv5,200,60,svm,1,0.71875
synthetic_pilot,cv5,200,60,svm,2,0.7734375
synthetic_pilot,cv5,200,60,svm,3,0.89453125
synthetic_pilot,cv5,200,60,svm,4,0.93359375
synthetic_pilot,cv5,200,60,svm,5,0.9765625
synthetic_pilot,cv5,200,60,rf,1,0.6875
synthetic_pilot,cv5,200,60,rf,2,0.787109375
synthetic_pilot,cv5,200,60,rf,3,0.84375
synthetic_pilot,cv5,200,60,rf,4,0.87890625
synthetic_pilot,cv5,200,60,rf,5,0.865234375
synthetic_pilot,cv5,200,60,gb,1,0.75390625
synthetic_pilot,cv5,200,60,gb,2,0.75390625
synthetic_pilot,cv5,200,60,gb,3,0.76953125
synthetic_pilot,cv5,200,60,gb,4,0.8359375
synthetic_pilot,cv5,200,60,gb,5,0.75390625
synthetic_pilot,cv5,200,61,logreg,1,0.671875
synthetic_pilot,cv5,200,61,logreg,2,0.9453125
synthetic_pilot,cv5,200,61,logreg,3,0.875
synthetic_pilot,cv5,200,61,logreg,4,0.78515625
synthetic_pilot,cv5,200,61,logreg,5,0.8125
synthetic_pilot,cv5,200,61,knn,1,0.74609375
synthetic_pilot,cv5,200,61,knn,2,0.88671875
synthetic_pilot,cv5,200,61,knn,3,0.6875
synthetic_pilot,cv5,200,61,knn,4,0.587890625
synthetic_pilot,cv5,200,61,knn,5,0.9296875
synthetic_pilot,cv5,200,61,dtree,1,0.5625
synthetic_pilot,cv5,200,61,dtree,2,0.529296875
synthetic_pilot,cv5,200,61,dtree,3,0.599609375
synthetic_pilot,cv5,200,61,dtree,4,0.63671875
synthetic_pilot,cv5,200,61,dtree,5,0.802734375
synthetic_pilot,cv5,200,61,svm,1,0.7890625
synthetic_pilot,cv5,200,61,svm,2,0.93359375
synthetic_pilot,cv5,200,61,svm,3,0.78515625
synthetic_pilot,cv5,200,61,svm,4,0.80078125
synthetic_pilot,cv5,200,61,svm,5,0.8828125
synthetic_pilot,cv5,200,61,rf,1,0.693359375
synthetic_pilot,cv5,200,61,rf,2,0.873046875
synthetic_pilot,cv5,200,61,rf,3,0.7578125
synthetic_pilot,cv5,200,61,rf,4,0.69140625
synthetic_pilot,cv5,200,61,rf,5,0.81640625
synthetic_pilot,cv5,200,61,gb,1,0.609375
synthetic_pilot,cv5,200,61,gb,2,0.84375
synthetic_pilot,cv5,200,61,gb,3,0.796875
synthetic_pilot,cv5,200,61,gb,4,0.70703125
synthetic_pilot,cv5,200,61,gb,5,0.76171875
synthetic_pilot,cv5,200,62,logreg,1,0.84765625
synthetic_pilot,cv5,200,62,logreg,2,0.8046875
synthetic_pilot,cv5,200,62,logreg,3,0.73046875
synthetic_pilot,cv5,200,62,logreg,4,0.9296875
synthetic_pilot,cv5,200,62,logreg,5,0.71484375
synthetic_pilot,cv5,200,62,knn,1,0.7109375
synthetic_pilot,cv5,200,62,knn,2,0.728515625
synthetic_pilot,cv5,200,62,knn,3,0.65234375
synthetic_pilot,cv5,200,62,knn,4,0.685546875
synthetic_pilot,cv5,200,62,knn,5,0.6171875
synthetic_pilot,cv5,200,62,dtree,1,0.52734375
synthetic_pilot,cv5,200,62,dtree,2,0.67578125
synthetic_pilot,cv5,200,62,dtree,3,0.677734375
synthetic_pilot,cv5,200,62,dtree,4,0.7421875
synthetic_pilot,cv5,200,62,dtree,5,0.484375
synthetic_pilot,cv5,200,62,svm,1,0.88671875
synthetic_pilot,cv5,200,62,svm,2,0.8515625
synthetic_pilot,cv5,200,62,svm,3,0.75390625
synthetic_pilot,cv5,200,62,svm,4,0.890625
synthetic_pilot,cv5,200,62,svm,5,0.7109375
synthetic_pilot,cv5,200,62,rf,1,0.771484375
synthetic_pilot,cv5,200,62,rf,2,0.6640625
synthetic_pilot,cv5,200,62,rf,3,0.77734375
synthetic_pilot,cv5,200,62,rf,4,0.919921875
synthetic_pilot,cv5,200,62,rf,5,0.607421875
synthetic_pilot,cv5,200,62,gb,1,0.79296875
synthetic_pilot,cv5,200,62,gb,2,0.71875
synthetic_pilot,cv5,200,62,gb,3,0.8046875
synthetic_pilot,cv5,200,62,gb,4,0.94140625
synthetic_pilot,cv5,200,62,gb,5,0.59765625
synthetic_pilot,cv5,200,63,logreg,1,0.4453125
synthetic_pilot,cv5,200,63,logreg,2,0.5546875
synthetic_pilot,cv5,200,63,logreg,3,0.71484375
synthetic_pilot,cv5,200,63,logreg,4,0.7109375
synthetic_pilot,cv5,200,63,logreg,5,0.72265625
synthetic_pilot,cv5,200,63,knn,1,0.5078125
synthetic_pilot,cv5,200,63,knn,2,0.65234375
synthetic_pilot,cv5,200,63,knn,3,0.5390625
synthetic_pilot,cv5,200,63,knn,4,0.7109375
synthetic_pilot,cv5,200,63,knn,5,0.796875
synthetic_pilot,cv5,200,63,dtree,1,0.416015625
synthetic_pilot,cv5,200,63,dtree,2,0.765625
synthetic_pilot,cv5,200,63,dtree,3,0.6484375
synthetic_pilot,cv5,200,63,dtree,4,0.59375
synthetic_pilot,cv5,200,63,dtree,5,0.775390625
synthetic_pilot,cv5,200,63,svm,1,0.74609375
synthetic_pilot,cv5,200,63,svm,2,0.74609375
synthetic_pilot,cv5,200,63,svm,3,0.7265625
synthetic_pilot,cv5,200,63,svm,4,0.8515625
synthetic_pilot,cv5,200,63,svm,5,0.8828125
synthetic_pilot,cv5,200,63,rf,1,0.6640625
synthetic_pilot,cv5,200,63,rf,2,0.576171875
synthetic_pilot,cv5,200,63,rf,3,0.74609375
synthetic_pilot,cv5,200,63,rf,4,0.626953125
synthetic_pilot,cv5,200,63,rf,5,0.8125
synthetic_pilot,cv5,200,63,gb,1,0.53125
synthetic_pilot,cv5,200,63,gb,2,0.57421875
synthetic_pilot,cv5,200,63,gb,3,0.5703125
synthetic_pilot,cv5,200,63,gb,4,0.7265625
synthetic_pilot,cv5,200,63,gb,5,0.703125
synthetic_pilot,cv5,200,64,logreg,1,0.83984375
synthetic_pilot,cv5,200,64,logreg,2,0.73046875
synthetic_pilot,cv5,200,64,logreg,3,0.63671875
synthetic_pilot,cv5,200,64,logreg,4,0.82421875
synthetic_pilot,cv5,200,64,logreg,5,0.65234375
synthetic_pilot,cv5,200,64,knn,1,0.67578125
synthetic_pilot,cv5,200,64,knn,2,0.8125
synthetic_pilot,cv5,200,64,knn,3,0.587890625
synthetic_pilot,cv5,200,64,knn,4,0.8828125
synthetic_pilot,cv5,200,64,knn,5,0.8203125
synthetic_pilot,cv5,200,64,dtree,1,0.74609375
synthetic_pilot,cv5,200,64,dtree,2,0.59375
synthetic_pilot,cv5,200,64,dtree,3,0.572265625
synthetic_pilot,cv5,200,64,dtree,4,0.615234375
synthetic_pilot,cv5,200,64,dtree,5,0.63671875
synthetic_pilot,cv5,200,64,svm,1,0.75390625
synthetic_pilot,cv5,200,64,svm,2,0.84765625
synthetic_pilot,cv5,200,64,svm,3,0.8046875
synthetic_pilot,cv5,200,64,svm,4,0.8984375
synthetic_pilot,cv5,200,64,svm,5,0.796875
synthetic_pilot,cv5,200,64,rf,1,0.63671875
synthetic_pilot,cv5,200,64,rf,2,0.671875
synthetic_pilot,cv5,200,64,rf,3,0.6328125
synthetic_pilot,cv5,200,64,rf,4,0.91015625
synthetic_pilot,cv5,200,64,rf,5,0.744140625
synthetic_pilot,cv5,200,64,gb,1,0.79296875
synthetic_pilot,cv5,200,64,gb,2,0.7734375
synthetic_pilot,cv5,200,64,gb,3,0.65234375
synthetic_pilot,cv5,200,64,gb,4,0.84765625
synthetic_pilot,cv5,200,64,gb,5,0.69140625
synthetic_pilot,cv5,200,65,logreg,1,0.6875
synthetic_pilot,cv5,200,65,logreg,2,0.64453125
synthetic_pilot,cv5,200,65,logreg,3,0.68359375
synthetic_pilot,cv5,200,65,logreg,4,0.78515625
synthetic_pilot,cv5,200,65,logreg,5,0.6640625
synthetic_pilot,cv5,200,65,knn,1,0.712890625
synthetic_pilot,cv5,200,65,knn,2,0.60546875
synthetic_pilot,cv5,200,65,knn,3,0.59375
synthetic_pilot,cv5,200,65,knn,4,0.59765625
synthetic_pilot,cv5,200,65,knn,5,0.748046875
synthetic_pilot,cv5,200,65,dtree,1,0.5234375
synthetic_pilot,cv5,200,65,dtree,2,0.638671875
synthetic_pilot,cv5,200,65,dtree,3,0.58203125
synthetic_pilot,cv5,200,65,dtree,4,0.52734375
synthetic_pilot,cv5,200,65,dtree,5,0.626953125
synthetic_pilot,cv5,200,65,svm,1,0.80859375
synthetic_pilot,cv5,200,65,svm,2,0.75390625
synthetic_pilot,cv5,200,65,svm,3,0.67578125
synthetic_pilot,cv5,200,65,svm,4,0.75390625
synthetic_pilot,cv5,200,65,svm,5,0.7890625
synthetic_pilot,cv5,200,65,rf,1,0.70703125
synthetic_pilot,cv5,200,65,rf,2,0.685546875
synthetic_pilot,cv5,200,65,rf,3,0.6484375
synthetic_pilot,cv5,200,65,rf,4,0.576171875
synthetic_pilot,cv5,200,65,rf,5,0.748046875
synthetic_pilot,cv5,200,65,gb,1,0.7265625
synthetic_pilot,cv5,200,65,gb,2,0.6875
synthetic_pilot,cv5,200,65,gb,3,0.80859375
synthetic_pilot,cv5,200,65,gb,4,0.640625
synthetic_pilot,cv5,200,65,gb,5,0.76953125
synthetic_pilot,cv5,200,66,logreg,1,0.765625
synthetic_pilot,cv5,200,66,logreg,2,0.6328125
synthetic_pilot,cv5,200,66,logreg,3,0.75390625
synthetic_pilot,cv5,200,66,logreg,4,0.8828125
synthetic_pilot,cv5,200,66,logreg,5,0.79296875
synthetic_pilot,cv5,200,66,knn,1,0.84375
synthetic_pilot,cv5,200,66,knn,2,0.625
synthetic_pilot,cv5,200,66,knn,3,0.654296875
synthetic_pilot,cv5,200,66,knn,4,0.62890625
synthetic_pilot,cv5,200,66,knn,5,0.64453125
synthetic_pilot,cv5,200,66,dtree,1,0.69921875
synthetic_pilot,cv5,200,66,dtree,2,0.7109375
synthetic_pilot,cv5,200,66,dtree,3,0.55859375
synthetic_pilot,cv5,200,66,dtree,4,0.58203125
synthetic_pilot,cv5,200,66,dtree,5,0.61328125
synthetic_pilot,cv5,200,66,svm,1,0.80859375
synthetic_pilot,cv5,200,66,svm,2,0.70703125
synthetic_pilot,cv5,200,66,svm,3,0.78515625
synthetic_pilot,cv5,200,66,svm,4,0.6953125
synthetic_pilot,cv5,200,66,svm,5,0.6796875
synthetic_pilot,cv5,200,66,rf,1,0.611328125
synthetic_pilot,cv5,200,66,rf,2,0.79296875
synthetic_pilot,cv5,200,66,rf,3,0.75390625
synthetic_pilot,cv5,200,66,rf,4,0.75
synthetic_pilot,cv5,200,66,rf,5,0.77734375
synthetic_pilot,cv5,200,66,gb,1,0.7578125
synthetic_pilot,cv5,200,66,gb,2,0.7734375
synthetic_pilot,cv5,200,66,gb,3,0.8125
synthetic_pilot,cv5,200,66,gb,4,0.76171875
synthetic_pilot,cv5,200,66,gb,5,0.6953125
synthetic_pilot,cv5,200,67,logreg,1,0.84765625
synthetic_pilot,cv5,200,67,logreg,2,0.84375
synthetic_pilot,cv5,200,67,logreg,3,0.59765625
synthetic_pilot,cv5,200,67,logreg,4,0.69140625
synthetic_pilot,cv5,200,67,logreg,5,0.703125
synthetic_pilot,cv5,200,67,knn,1,0.587890625
synthetic_pilot,cv5,200,67,knn,2,0.505859375
synthetic_pilot,cv5,200,67,knn,3,0.634765625
synthetic_pilot,cv5,200,67,knn,4,0.546875
synthetic_pilot,cv5,200,67,knn,5,0.626953125
synthetic_pilot,cv5,200,67,dtree,1,0.70703125
synthetic_pilot,cv5,200,67,dtree,2,0.787109375
synthetic_pilot,cv5,200,67,dtree,3,0.708984375
synthetic_pilot,cv5,200,67,dtree,4,0.458984375
synthetic_pilot,cv5,200,67,dtree,5,0.5859375
synthetic_pilot,cv5,200,67,svm,1,0.8125
synthetic_pilot,cv5,200,67,svm,2,0.76171875
synthetic_pilot,cv5,200,67,svm,3,0.6640625
synthetic_pilot,cv5,200,67,svm,4,0.69140625
synthetic_pilot,cv5,200,67,svm,5,0.65625
synthetic_pilot,cv5,200,67,rf,1,0.919921875
synthetic_pilot,cv5,200,67,rf,2,0.84765625
synthetic_pilot,cv5,200,67,rf,3,0.630859375
synthetic_pilot,cv5,200,67,rf,4,0.70703125
synthetic_pilot,cv5,200,67,rf,5,0.76953125
synthetic_pilot,cv5,200,67,gb,1,0.7890625
synthetic_pilot,cv5,200,67,gb,2,0.79296875
synthetic_pilot,cv5,200,67,gb,3,0.69140625
synthetic_pilot,cv5,200,67,gb,4,0.58203125
synthetic_pilot,cv5,200,67,gb,5,0.79296875
synthetic_pilot,cv5,200,68,logreg,1,0.8515625
synthetic_pilot,cv5,200,68,logreg,2,0.82421875
synthetic_pilot,cv5,200,68,logreg,3,0.85546875
synthetic_pilot,cv5,200,68,logreg,4,0.81640625
synthetic_pilot,cv5,200,68,logreg,5,0.74609375
synthetic_pilot,cv5,200,68,knn,1,0.7578125
synthetic_pilot,cv5,200,68,knn,2,0.634765625
synthetic_pilot,cv5,200,68,knn,3,0.685546875
synthetic_pilot,cv5,200,68,knn,4,0.5
synthetic_pilot,cv5,200,68,knn,5,0.6640625
synthetic_pilot,cv5,200,68,dtree,1,0.546875
synthetic_pilot,cv5,200,68,dtree,2,0.4375
synthetic_pilot,cv5,200,68,dtree,3,0.70703125
synthetic_pilot,cv5,200,68,dtree,4,0.58203125
synthetic_pilot,cv5,200,68,dtree,5,0.53125
synthetic_pilot,cv5,200,68,svm,1,0.76953125
synthetic_pilot,cv5,200,68,svm,2,0.79296875
synthetic_pilot,cv5,200,68,svm,3,0.7890625
synthetic_pilot,cv5,200,68,svm,4,0.7265625
synthetic_pilot,cv5,200,68,svm,5,0.74609375
synthetic_pilot,cv5,200,68,rf,1,0.787109375
synthetic_pilot,cv5,200,68,rf,2,0.771484375
synthetic_pilot,cv5,200,68,rf,3,0.828125
synthetic_pilot,cv5,200,68,rf,4,0.615234375
synthetic_pilot,cv5,200,68,rf,5,0.771484375
synthetic_pilot,cv5,200,68,gb,1,0.76171875
synthetic_pilot,cv5,200,68,gb,2,0.640625
synthetic_pilot,cv5,200,68,gb,3,0.828125
synthetic_pilot,cv5,200,68,gb,4,0.61328125
synthetic_pilot,cv5,200,68,gb,5,0.83984375
synthetic_pilot,cv5,200,69,logreg,1,0.8203125
synthetic_pilot,cv5,200,69,logreg,2,0.78125
synthetic_pilot,cv5,200,69,logreg,3,0.890625
synthetic_pilot,cv5,200,69,logreg,4,0.61328125
synthetic_pilot,cv5,200,69,logreg,5,0.85546875
synthetic_pilot,cv5,200,69,knn,1,0.484375
synthetic_pilot,cv5,200,69,knn,2,0.53125
synthetic_pilot,cv5,200,69,knn,3,0.7109375
synthetic_pilot,cv5,200,69,knn,4,0.529296875
synthetic_pilot,cv5,200,69,knn,5,0.65625
synthetic_pilot,cv5,200,69,dtree,1,0.5078125
synthetic_pilot,cv5,200,69,dtree,2,0.501953125
synthetic_pilot,cv5,200,69,dtree,3,0.53515625
synthetic_pilot,cv5,200,69,dtree,4,0.5546875
synthetic_pilot,cv5,200,69,dtree,5,0.66015625
synthetic_pilot,cv5,200,69,svm,1,0.73828125
synthetic_pilot,cv5,200,69,svm,2,0.69921875
synthetic_pilot,cv5,200,69,svm,3,0.88671875
synthetic_pilot,cv5,200,69,svm,4,0.6796875
synthetic_pilot,cv5,200,69,svm,5,0.8046875
synthetic_pilot,cv5,200,69,rf,1,0.736328125
synthetic_pilot,cv5,200,69,rf,2,0.666015625
synthetic_pilot,cv5,200,69,rf,3,0.892578125
synthetic_pilot,cv5,200,69,rf,4,0.4921875
synthetic_pilot,cv5,200,69,rf,5,0.7890625
synthetic_pilot,cv5,200,69,gb,1,0.78125
synthetic_pilot,cv5,200,69,gb,2,0.69921875
synthetic_pilot,cv5,200,69,gb,3,0.78125
synthetic_pilot,cv5,200,69,gb,4,0.40625
synthetic_pilot,cv5,200,69,gb,5,0.78125
synthetic_pilot,cv5,200,70,logreg,1,0.8125
synthetic_pilot,cv5,200,70,logreg,2,0.8359375
synthetic_pilot,cv5,200,70,logreg,3,0.671875
synthetic_pilot,cv5,200,70,logreg,4,0.67578125
synthetic_pilot,cv5,200,70,logreg,5,0.87109375
synthetic_pilot,cv5,200,70,knn,1,0.62890625
synthetic_pilot,cv5,200,70,knn,2,0.748046875
synthetic_pilot,cv5,200,70,knn,3,0.490234375
synthetic_pilot,cv5,200,70,knn,4,0.626953125
synthetic_pilot,cv5,200,70,knn,5,0.578125
synthetic_pilot,cv5,200,70,dtree,1,0.755859375
synthetic_pilot,cv5,200,70,dtree,2,0.775390625
synthetic_pilot,cv5,200,70,dtree,3,0.69140625
synthetic_pilot,cv5,200,70,dtree,4,0.65234375
synthetic_pilot,cv5,200,70,dtree,5,0.3671875
synthetic_pilot,cv5,200,70,svm,1,0.71484375
synthetic_pilot,cv5,200,70,svm,2,0.84375
synthetic_pilot,cv5,200,70,svm,3,0.609375
synthetic_pilot,cv5,200,70,svm,4,0.72265625
synthetic_pilot,cv5,200,70,svm,5,0.8984375
synthetic_pilot,cv5,200,70,rf,1,0.720703125
synthetic_pilot,cv5,200,70,rf,2,0.7578125
synthetic_pilot,cv5,200,70,rf,3,0.56640625
synthetic_pilot,cv5,200,70,rf,4,0.771484375
synthetic_pilot,cv5,200,70,rf,5,0.796875
synthetic_pilot,cv5,200,70,gb,1,0.78125
synthetic_pilot,cv5,200,70,gb,2,0.77734375
synthetic_pilot,cv5,200,70,gb,3,0.671875
synthetic_pilot,cv5,200,70,gb,4,0.640625
synthetic_pilot,cv5,200,70,gb,5,0.7890625
synthetic_pilot,cv5,200,71,logreg,1,0.75
synthetic_pilot,cv5,200,71,logreg,2,0.67578125
synthetic_pilot,cv5,200,71,logreg,3,0.64453125
synthetic_pilot,cv5,200,71,logreg,4,0.78125
synthetic_pilot,cv5,200,71,logreg,5,0.74609375
synthetic_pilot,cv5,200,71,knn,1,0.6015625
synthetic_pilot,cv5,200,71,knn,2,0.775390625
synthetic_pilot,cv5,200,71,knn,3,0.697265625
synthetic_pilot,cv5,200,71,knn,4,0.65625
synthetic_pilot,cv5,200,71,knn,5,0.771484375
synthetic_pilot,cv5,200,71,dtree,1,0.494140625
synthetic_pilot,cv5,200,71,dtree,2,0.607421875
synthetic_pilot,cv5,200,71,dtree,3,0.58984375
synthetic_pilot,cv5,200,71,dtree,4,0.451171875
synthetic_pilot,cv5,200,71,dtree,5,0.546875
synthetic_pilot,cv5,200,71,svm,1,0.77734375
synthetic_pilot,cv5,200,71,svm,2,0.7578125
synthetic_pilot,cv5,200,71,svm,3,0.75390625
synthetic_pilot,cv5,200,71,svm,4,0.7265625
synthetic_pilot,cv5,200,71,svm,5,0.6875
synthetic_pilot,cv5,200,71,rf,1,0.67578125
synthetic_pilot,cv5,200,71,rf,2,0.654296875
synthetic_pilot,cv5,200,71,rf,3,0.572265625
synthetic_pilot,cv5,200,71,rf,4,0.685546875
synthetic_pilot,cv5,200,71,rf,5,0.5234375
synthetic_pilot,cv5,200,71,gb,1,0.59765625
synthetic_pilot,cv5,200,71,gb,2,0.6171875
synthetic_pilot,cv5,200,71,gb,3,0.59765625
synthetic_pilot,cv5,200,71,gb,4,0.62109375
synthetic_pilot,cv5,200,71,gb,5,0.703125
synthetic_pilot,cv5,200,72,logreg,1,0.73828125
synthetic_pilot,cv5,200,72,logreg,2,0.87109375
synthetic_pilot,cv5,200,72,logreg,3,0.703125
synthetic_pilot,cv5,200,72,logreg,4,0.79296875
synthetic_pilot,cv5,200,72,logreg,5,0.765625
synthetic_pilot,cv5,200,72,knn,1,0.61328125
synthetic_pilot,cv5,200,72,knn,2,0.71875
synthetic_pilot,cv5,200,72,knn,3,0.751953125
synthetic_pilot,cv5,200,72,knn,4,0.65234375
synthetic_pilot,cv5,200,72,knn,5,0.509765625
synthetic_pilot,cv5,200,72,dtree,1,0.6953125
synthetic_pilot,cv5,200,72,dtree,2,0.6328125
synthetic_pilot,cv5,200,72,dtree,3,0.607421875
synthetic_pilot,cv5,200,72,dtree,4,0.53125
synthetic_pilot,cv5,200,72,dtree,5,0.560546875
synthetic_pilot,cv5,200,72,svm,1,0.72265625
synthetic_pilot,cv5,200,72,svm,2,0.8515625
synthetic_pilot,cv5,200,72,svm,3,0.73828125
synthetic_pilot,cv5,200,72,svm,4,0.78125
synthetic_pilot,cv5,200,72,svm,5,0.71875
synthetic_pilot,cv5,200,72,rf,1,0.787109375
synthetic_pilot,cv5,200,72,rf,2,0.7421875
synthetic_pilot,cv5,200,72,rf,3,0.892578125
synthetic_pilot,cv5,200,72,rf,4,0.76953125
synthetic_pilot,cv5,200,72,rf,5,0.708984375
synthetic_pilot,cv5,200,72,gb,1,0.7421875
synthetic_pilot,cv5,200,72,gb,2,0.765625
synthetic_pilot,cv5,200,72,gb,3,0.765625
synthetic_pilot,cv5,200,72,gb,4,0.7890625
synthetic_pilot,cv5,200,72,gb,5,0.6328125
synthetic_pilot,cv5,200,73,logreg,1,0.74609375
synthetic_pilot,cv5,200,73,logreg,2,0.640625
synthetic_pilot,cv5,200,73,logreg,3,0.6640625
synthetic_pilot,cv5,200,73,logreg,4,0.69921875
synthetic_pilot,cv5,200,73,logreg,5,0.68359375
synthetic_pilot,cv5,200,73,knn,1,0.775390625
synthetic_pilot,cv5,200,73,knn,2,0.44140625
synthetic_pilot,cv5,200,73,knn,3,0.6875
synthetic_pilot,cv5,200,73,knn,4,0.796875
synthetic_pilot,cv5,200,73,knn,5,0.396484375
synthetic_pilot,cv5,200,73,dtree,1,0.52734375
synthetic_pilot,cv5,200,73,dtree,2,0.509765625
synthetic_pilot,cv5,200,73,dtree,3,0.533203125
synthetic_pilot,cv5,200,73,dtree,4,0.60546875
synthetic_pilot,cv5,200,73,dtree,5,0.673828125
synthetic_pilot,cv5,200,73,svm,1,0.67578125
synthetic_pilot,cv5,200,73,svm,2,0.44921875
synthetic_pilot,cv5,200,73,svm,3,0.66796875
synthetic_pilot,cv5,200,73,svm,4,0.640625
synthetic_pilot,cv5,200,73,svm,5,0.6953125
synthetic_pilot,cv5,200,73,rf,1,0.7578125
synthetic_pilot,cv5,200,73,rf,2,0.498046875
synthetic_pilot,cv5,200,73,rf,3,0.67578125
synthetic_pilot,cv5,200,73,rf,4,0.7734375
synthetic_pilot,cv5,200,73,rf,5,0.677734375
synthetic_pilot,cv5,200,73,gb,1,0.75
synthetic_pilot,cv5,200,73,gb,2,0.5703125
synthetic_pilot,cv5,200,73,gb,3,0.64453125
synthetic_pilot,cv5,200,73,gb,4,0.71875
synthetic_pilot,cv5,200,73,gb,5,0.6640625
synthetic_pilot,cv5,200,74,logreg,1,0.671875
synthetic_pilot,cv5,200,74,logreg,2,0.875
synthetic_pilot,cv5,200,74,logreg,3,0.6328125
synthetic_pilot,cv5,200,74,logreg,4,0.76171875
synthetic_pilot,cv5,200,74,logreg,5,0.66015625
synthetic_pilot,cv5,200,74,knn,1,0.650390625
synthetic_pilot,cv5,200,74,knn,2,0.7734375
synthetic_pilot,cv5,200,74,knn,3,0.666015625
synthetic_pilot,cv5,200,74,knn,4,0.787109375
synthetic_pilot,cv5,200,74,knn,5,0.46875
synthetic_pilot,cv5,200,74,dtree,1,0.541015625
synthetic_pilot,cv5,200,74,dtree,2,0.626953125
synthetic_pilot,cv5,200,74,dtree,3,0.787109375
synthetic_pilot,cv5,200,74,dtree,4,0.669921875
synthetic_pilot,cv5,200,74,dtree,5,0.63671875
synthetic_pilot,cv5,200,74,svm,1,0.5390625
synthetic_pilot,cv5,200,74,svm,2,0.85546875
synthetic_pilot,cv5,200,74,svm,3,0.76953125
synthetic_pilot,cv5,200,74,svm,4,0.80859375
synthetic_pilot,cv5,200,74,svm,5,0.79296875
synthetic_pilot,cv5,200,74,rf,1,0.63671875
synthetic_pilot,cv5,200,74,rf,2,0.78125
synthetic_pilot,cv5,200,74,rf,3,0.720703125
synthetic_pilot,cv5,200,74,rf,4,0.84765625
synthetic_pilot,cv5,200,74,rf,5,0.794921875
synthetic_pilot,cv5,200,74,gb,1,0.63671875
synthetic_pilot,cv5,200,74,gb,2,0.8125
synthetic_pilot,cv5,200,74,gb,3,0.7421875
synthetic_pilot,cv5,200,74,gb,4,0.75
synthetic_pilot,cv5,200,74,gb,5,0.703125
synthetic_pilot,cv5,200,75,logreg,1,0.75
synthetic_pilot,cv5,200,75,logreg,2,0.5546875
synthetic_pilot,cv5,200,75,logreg,3,0.7265625
synthetic_pilot,cv5,200,75,logreg,4,0.56640625
synthetic_pilot,cv5,200,75,logreg,5,0.796875
synthetic_pilot,cv5,200,75,knn,1,0.521484375
synthetic_pilot,cv5,200,75,knn,2,0.6484375
synthetic_pilot,cv5,200,75,knn,3,0.53125
synthetic_pilot,cv5,200,75,knn,4,0.48828125
synthetic_pilot,cv5,200,75,knn,5,0.611328125
synthetic_pilot,cv5,200,75,dtree,1,0.4140625
synthetic_pilot,cv5,200,75,dtree,2,0.29296875
synthetic_pilot,cv5,200,75,dtree,3,0.5625
synthetic_pilot,cv5,200,75,dtree,4,0.47265625
synthetic_pilot,cv5,200,75,dtree,5,0.517578125
synthetic_pilot,cv5,200,75,svm,1,0.76953125
synthetic_pilot,cv5,200,75,svm,2,0.70703125
synthetic_pilot,cv5,200,75,svm,3,0.875
synthetic_pilot,cv5,200,75,svm,4,0.640625
synthetic_pilot,cv5,200,75,svm,5,0.75
synthetic_pilot,cv5,200,75,rf,1,0.60546875
synthetic_pilot,cv5,200,75,rf,2,0.6015625
synthetic_pilot,cv5,200,75,rf,3,0.91015625
synthetic_pilot,cv5,200,75,rf,4,0.541015625
synthetic_pilot,cv5,200,75,rf,5,0.703125
synthetic_pilot,cv5,200,75,gb,1,0.70703125
synthetic_pilot,cv5,200,75,gb,2,0.4921875
synthetic_pilot,cv5,200,75,gb,3,0.703125
synthetic_pilot,cv5,200,75,gb,4,0.78515625
synthetic_pilot,cv5,200,75,gb,5,0.71484375
synthetic_pilot,cv5,200,76,logreg,1,0.5390625
synthetic_pilot,cv5,200,76,logreg,2,0.640625
synthetic_pilot,cv5,200,76,logreg,3,0.62109375
synthetic_pilot,cv5,200,76,logreg,4,0.62890625
synthetic_pilot,cv5,200,76,logreg,5,0.73046875
synthetic_pilot,cv5,200,76,knn,1,0.517578125
synthetic_pilot,cv5,200,76,knn,2,0.6796875
synthetic_pilot,cv5,200,76,knn,3,0.64453125
synthetic_pilot,cv5,200,76,knn,4,0.68359375
synthetic_pilot,cv5,200,76,knn,5,0.59765625
synthetic_pilot,cv5,200,76,dtree,1,0.5859375
synthetic_pilot,cv5,200,76,dtree,2,0.5234375
synthetic_pilot,cv5,200,76,dtree,3,0.56640625
synthetic_pilot,cv5,200,76,dtree,4,0.43359375
synthetic_pilot,cv5,200,76,dtree,5,0.67578125
synthetic_pilot,cv5,200,76,svm,1,0.60546875
synthetic_pilot,cv5,200,76,svm,2,0.703125
synthetic_pilot,cv5,200,76,svm,3,0.78515625
synthetic_pilot,cv5,200,76,svm,4,0.5234375
synthetic_pilot,cv5,200,76,svm,5,0.71484375
synthetic_pilot,cv5,200,76,rf,1,0.56640625
synthetic_pilot,cv5,200,76,rf,2,0.69921875
synthetic_pilot,cv5,200,76,rf,3,0.748046875
synthetic_pilot,cv5,200,76,rf,4,0.67578125
synthetic_pilot,cv5,200,76,rf,5,0.681640625
synthetic_pilot,cv5,200,76,gb,1,0.5390625
synthetic_pilot,cv5,200,76,gb,2,0.69921875
synthetic_pilot,cv5,200,76,gb,3,0.74609375
synthetic_pilot,cv5,200,76,gb,4,0.69140625
synthetic_pilot,cv5,200,76,gb,5,0.81640625
synthetic_pilot,cv5,200,77,logreg,1,0.61328125
synthetic_pilot,cv5,200,77,logreg,2,0.8203125
synthetic_pilot,cv5,200,77,logreg,3,0.80859375
synthetic_pilot,cv5,200,77,logreg,4,0.6953125
synthetic_pilot,cv5,200,77,logreg,5,0.78125
synthetic_pilot,cv5,200,77,knn,1,0.689453125
synthetic_pilot,cv5,200,77,knn,2,0.7578125
synthetic_pilot,cv5,200,77,knn,3,0.669921875
synthetic_pilot,cv5,200,77,knn,4,0.65625
synthetic_pilot,cv5,200,77,knn,5,0.79296875
synthetic_pilot,cv5,200,77,dtree,1,0.458984375
synthetic_pilot,cv5,200,77,dtree,2,0.46875
synthetic_pilot,cv5,200,77,dtree,3,0.49609375
synthetic_pilot,cv5,200,77,dtree,4,0.6796875
synthetic_pilot,cv5,200,77,dtree,5,0.5
synthetic_pilot,cv5,200,77,svm,1,0.70703125
synthetic_pilot,cv5,200,77,svm,2,0.7578125
synthetic_pilot,cv5,200,77,svm,3,0.72265625
synthetic_pilot,cv5,200,77,svm,4,0.7109375
synthetic_pilot,cv5,200,77,svm,5,0.7421875
synthetic_pilot,cv5,200,77,rf,1,0.625
synthetic_pilot,cv5,200,77,rf,2,0.751953125
synthetic_pilot,cv5,200,77,rf,3,0.732421875
synthetic_pilot,cv5,200,77,rf,4,0.75
synthetic_pilot,cv5,200,77,rf,5,0.81640625
synthetic_pilot,cv5,200,77,gb,1,0.60546875
synthetic_pilot,cv5,200,77,gb,2,0.69140625
synthetic_pilot,cv5,200,77,gb,3,0.7421875
synthetic_pilot,cv5,200,77,gb,4,0.78125
synthetic_pilot,cv5,200,77,gb,5,0.74609375
synthetic_pilot,cv5,200,78,logreg,1,0.7734375
synthetic_pilot,cv5,200,78,logreg,2,0.86328125
synthetic_pilot,cv5,200,78,logreg,3,0.8359375
synthetic_pilot,cv5,200,78,logreg,4,0.75
synthetic_pilot,cv5,200,78,logreg,5,0.82421875
synthetic_pilot,cv5,200,78,knn,1,0.71484375
synthetic_pilot,cv5,200,78,knn,2,0.826171875
synthetic_pilot,cv5,200,78,knn,3,0.734375
synthetic_pilot,cv5,200,78,knn,4,0.734375
synthetic_pilot,cv5,200,78,knn,5,0.72265625
synthetic_pilot,cv5,200,78,dtree,1,0.6484375
synthetic_pilot,cv5,200,78,dtree,2,0.693359375
synthetic_pilot,cv5,200,78,dtree,3,0.5859375
synthetic_pilot,cv5,200,78,dtree,4,0.767578125
synthetic_pilot,cv5,200,78,dtree,5,0.4453125
synthetic_pilot,cv5,200,78,svm,1,0.75
synthetic_pilot,cv5,200,78,svm,2,0.80078125
synthetic_pilot,cv5,200,78,svm,3,0.8515625
synthetic_pilot,cv5,200,78,svm,4,0.80078125
synthetic_pilot,cv5,200,78,svm,5,0.81640625
synthetic_pilot,cv5,200,78,rf,1,0.765625
synthetic_pilot,cv5,200,78,rf,2,0.82421875
synthetic_pilot,cv5,200,78,rf,3,0.828125
synthetic_pilot,cv5,200,78,rf,4,0.8125
synthetic_pilot,cv5,200,78,rf,5,0.8515625
synthetic_pilot,cv5,200,78,gb,1,0.65625
synthetic_pilot,cv5,200,78,gb,2,0.8359375
synthetic_pilot,cv5,200,78,gb,3,0.73828125
synthetic_pilot,cv5,200,78,gb,4,0.77734375
synthetic_pilot,cv5,200,78,gb,5,0.84765625
synthetic_pilot,cv5,200,79,logreg,1,0.5859375
synthetic_pilot,cv5,200,79,logreg,2,0.78515625
synthetic_pilot,cv5,200,79,logreg,3,0.6875
synthetic_pilot,cv5,200,79,logreg,4,0.8828125
synthetic_pilot,cv5,200,79,logreg,5,0.7421875
synthetic_pilot,cv5,200,79,knn,1,0.4765625
synthetic_pilot,cv5,200,79,knn,2,0.58203125
synthetic_pilot,cv5,200,79,knn,3,0.51171875
synthetic_pilot,cv5,200,79,knn,4,0.732421875
synthetic_pilot,cv5,200,79,knn,5,0.8671875
synthetic_pilot,cv5,200,79,dtree,1,0.416015625
synthetic_pilot,cv5,200,79,dtree,2,0.671875
synthetic_pilot,cv5,200,79,dtree,3,0.37109375
synthetic_pilot,cv5,200,79,dtree,4,0.708984375
synthetic_pilot,cv5,200,79,dtree,5,0.6171875
synthetic_pilot,cv5,200,79,svm,1,0.7734375
synthetic_pilot,cv5,200,79,svm,2,0.7890625
synthetic_pilot,cv5,200,79,svm,3,0.7265625
synthetic_pilot,cv5,200,79,svm,4,0.81640625
synthetic_pilot,cv5,200,79,svm,5,0.75390625
synthetic_pilot,cv5,200,79,rf,1,0.658203125
synthetic_pilot,cv5,200,79,rf,2,0.734375
synthetic_pilot,cv5,200,79,rf,3,0.646484375
synthetic_pilot,cv5,200,79,rf,4,0.767578125
synthetic_pilot,cv5,200,79,rf,5,0.767578125
synthetic_pilot,cv5,200,79,gb,1,0.6875
synthetic_pilot,cv5,200,79,gb,2,0.734375
synthetic_pilot,cv5,200,79,gb,3,0.6171875
synthetic_pilot,cv5,200,79,gb,4,0.734375
synthetic_pilot,cv5,200,79,gb,5,0.75390625
synthetic_pilot,cv5,200,80,logreg,1,0.80078125
synthetic_pilot,cv5,200,80,logreg,2,0.7890625
synthetic_pilot,cv5,200,80,logreg,3,0.80859375
synthetic_pilot,cv5,200,80,logreg,4,0.640625
synthetic_pilot,cv5,200,80,logreg,5,0.6171875
synthetic_pilot,cv5,200,80,knn,1,0.654296875
synthetic_pilot,cv5,200,80,knn,2,0.75
synthetic_pilot,cv5,200,80,knn,3,0.796875
synthetic_pilot,cv5,200,80,knn,4,0.619140625
synthetic_pilot,cv5,200,80,knn,5,0.55078125
synthetic_pilot,cv5,200,80,dtree,1,0.603515625
synthetic_pilot,cv5,200,80,dtree,2,0.6796875
synthetic_pilot,cv5,200,80,dtree,3,0.51171875
synthetic_pilot,cv5,200,80,dtree,4,0.5234375
synthetic_pilot,cv5,200,80,dtree,5,0.3125
synthetic_pilot,cv5,200,80,svm,1,0.73046875
synthetic_pilot,cv5,200,80,svm,2,0.83203125
synthetic_pilot,cv5,200,80,svm,3,0.8125
synthetic_pilot,cv5,200,80,svm,4,0.640625
synthetic_pilot,cv5,200,80,svm,5,0.61328125
synthetic_pilot,cv5,200,80,rf,1,0.71875
synthetic_pilot,cv5,200,80,rf,2,0.873046875
synthetic_pilot,cv5,200,80,rf,3,0.681640625
synthetic_pilot,cv5,200,80,rf,4,0.66796875
synthetic_pilot,cv5,200,80,rf,5,0.6484375
synthetic_pilot,cv5,200,80,gb,1,0.640625
synthetic_pilot,cv5,200,80,gb,2,0.7734375
synthetic_pilot,cv5,200,80,gb,3,0.73828125
synthetic_pilot,cv5,200,80,gb,4,0.71875
synthetic_pilot,cv5,200,80,gb,5,0.58203125
synthetic_pilot,cv5,200,81,logreg,1,0.65625
synthetic_pilot,cv5,200,81,logreg,2,0.75
synthetic_pilot,cv5,200,81,logreg,3,0.734375
synthetic_pilot,cv5,200,81,logreg,4,0.8203125
synthetic_pilot,cv5,200,81,logreg,5,0.640625
synthetic_pilot,cv5,200,81,knn,1,0.63671875
synthetic_pilot,cv5,200,81,knn,2,0.57421875
synthetic_pilot,cv5,200,81,knn,3,0.63671875
synthetic_pilot,cv5,200,81,knn,4,0.58984375
synthetic_pilot,cv5,200,81,knn,5,0.578125
synthetic_pilot,cv5,200,81,dtree,1,0.6796875
synthetic_pilot,cv5,200,81,dtree,2,0.544921875
synthetic_pilot,cv5,200,81,dtree,3,0.33984375
synthetic_pilot,cv5,200,81,dtree,4,0.638671875
synthetic_pilot,cv5,200,81,dtree,5,0.6640625
synthetic_pilot,cv5,200,81,svm,1,0.734375
synthetic_pilot,cv5,200,81,svm,2,0.796875
synthetic_pilot,cv5,200,81,svm,3,0.62109375
synthetic_pilot,cv5,200,81,svm,4,0.7890625
synthetic_pilot,cv5,200,81,svm,5,0.5859375
synthetic_pilot,cv5,200,81,rf,1,0.77734375
synthetic_pilot,cv5,200,81,rf,2,0.76171875
synthetic_pilot,cv5,200,81,rf,3,0.640625
synthetic_pilot,cv5,200,81,rf,4,0.771484375
synthetic_pilot,cv5,200,81,rf,5,0.6796875
synthetic_pilot,cv5,200,81,gb,1,0.77734375
synthetic_pilot,cv5,200,81,gb,2,0.73828125
synthetic_pilot,cv5,200,81,gb,3,0.57421875
synthetic_pilot,cv5,200,81,gb,4,0.796875
synthetic_pilot,cv5,200,81,gb,5,0.63671875
synthetic_pilot,cv5,200,82,logreg,1,0.921875
synthetic_pilot,cv5,200,82,logreg,2,0.84375
synthetic_pilot,cv5,200,82,logreg,3,0.60546875
synthetic_pilot,cv5,200,82,logreg,4,0.859375
synthetic_pilot,cv5,200,82,logreg,5,0.7578125
synthetic_pilot,cv5,200,82,knn,1,0.787109375
synthetic_pilot,cv5,200,82,knn,2,0.712890625
synthetic_pilot,cv5,200,82,knn,3,0.599609375
synthetic_pilot,cv5,200,82,knn,4,0.609375
synthetic_pilot,cv5,200,82,knn,5,0.59375
synthetic_pilot,cv5,200,82,dtree,1,0.390625
synthetic_pilot,cv5,200,82,dtree,2,0.6953125
synthetic_pilot,cv5,200,82,dtree,3,0.728515625
synthetic_pilot,cv5,200,82,dtree,4,0.744140625
synthetic_pilot,cv5,200,82,dtree,5,0.65234375
synthetic_pilot,cv5,200,82,svm,1,0.8203125
synthetic_pilot,cv5,200,82,svm,2,0.84375
synthetic_pilot,cv5,200,82,svm,3,0.71484375
synthetic_pilot,cv5,200,82,svm,4,0.796875
synthetic_pilot,cv5,200,82,svm,5,0.71875
synthetic_pilot,cv5,200,82,rf,1,0.8203125
synthetic_pilot,cv5,200,82,rf,2,0.73828125
synthetic_pilot,cv5,200,82,rf,3,0.677734375
synthetic_pilot,cv5,200,82,rf,4,0.857421875
synthetic_pilot,cv5,200,82,rf,5,0.61328125
synthetic_pilot,cv5,200,82,gb,1,0.65234375
synthetic_pilot,cv5,200,82,gb,2,0.71484375
synthetic_pilot,cv5,200,82,gb,3,0.5546875
synthetic_pilot,cv5,200,82,gb,4,0.7890625
synthetic_pilot,cv5,200,82,gb,5,0.578125
synthetic_pilot,cv5,200,83,logreg,1,0.72265625
synthetic_pilot,cv5,200,83,logreg,2,0.5625
synthetic_pilot,cv5,200,83,logreg,3,0.82421875
synthetic_pilot,cv5,200,83,logreg,4,0.73046875
synthetic_pilot,cv5,200,83,logreg,5,0.4921875
synthetic_pilot,cv5,200,83,knn,1,0.6796875
synthetic_pilot,cv5,200,83,knn,2,0.416015625
synthetic_pilot,cv5,200,83,knn,3,0.654296875
synthetic_pilot,cv5,200,83,knn,4,0.595703125
synthetic_pilot,cv5,200,83,knn,5,0.466796875
synthetic_pilot,cv5,200,83,dtree,1,0.56640625
synthetic_pilot,cv5,200,83,dtree,2,0.5703125
synthetic_pilot,cv5,200,83,dtree,3,0.56640625
synthetic_pilot,cv5,200,83,dtree,4,0.51953125
synthetic_pilot,cv5,200,83,dtree,5,0.552734375
synthetic_pilot,cv5,200,83,svm,1,0.671875
synthetic_pilot,cv5,200,83,svm,2,0.5625
synthetic_pilot,cv5,200,83,svm,3,0.7109375
synthetic_pilot,cv5,200,83,svm,4,0.71484375
synthetic_pilot,cv5,200,83,svm,5,0.58203125
synthetic_pilot,cv5,200,83,rf,1,0.599609375
synthetic_pilot,cv5,200,83,rf,2,0.654296875
synthetic_pilot,cv5,200,83,rf,3,0.796875
synthetic_pilot,cv5,200,83,rf,4,0.56640625
synthetic_pilot,cv5,200,83,rf,5,0.54296875
synthetic_pilot,cv5,200,83,gb,1,0.69921875
synthetic_pilot,cv5,200,83,gb,2,0.60546875
synthetic_pilot,cv5,200,83,gb,3,0.8515625
synthetic_pilot,cv5,200,83,gb,4,0.64453125
synthetic_pilot,cv5,200,83,gb,5,0.5390625
synthetic_pilot,cv5,200,84,logreg,1,0.81640625
synthetic_pilot,cv5,200,84,logreg,2,0.69921875
synthetic_pilot,cv5,200,84,logreg,3,0.75
synthetic_pilot,cv5,200,84,logreg,4,0.921875
synthetic_pilot,cv5,200,84,logreg,5,0.8046875
synthetic_pilot,cv5,200,84,knn,1,0.8203125
synthetic_pilot,cv5,200,84,knn,2,0.8203125
synthetic_pilot,cv5,200,84,knn,3,0.65234375
synthetic_pilot,cv5,200,84,knn,4,0.91015625
synthetic_pilot,cv5,200,84,knn,5,0.626953125
synthetic_pilot,cv5,200,84,dtree,1,0.564453125
synthetic_pilot,cv5,200,84,dtree,2,0.736328125
synthetic_pilot,cv5,200,84,dtree,3,0.61328125
synthetic_pilot,cv5,200,84,dtree,4,0.810546875
synthetic_pilot,cv5,200,84,dtree,5,0.7421875
synthetic_pilot,cv5,200,84,svm,1,0.8203125
synthetic_pilot,cv5,200,84,svm,2,0.71484375
synthetic_pilot,cv5,200,84,svm,3,0.80859375
synthetic_pilot,cv5,200,84,svm,4,0.87109375
synthetic_pilot,cv5,200,84,svm,5,0.78515625
synthetic_pilot,cv5,200,84,rf,1,0.603515625
synthetic_pilot,cv5,200,84,rf,2,0.634765625
synthetic_pilot,cv5,200,84,rf,3,0.65234375
synthetic_pilot,cv5,200,84,rf,4,0.86328125
synthetic_pilot,cv5,200,84,rf,5,0.767578125
synthetic_pilot,cv5,200,84,gb,1,0.5703125
synthetic_pilot,cv5,200,84,gb,2,0.69140625
synthetic_pilot,cv5,200,84,gb,3,0.69140625
synthetic_pilot,cv5,200,84,gb,4,0.92578125
synthetic_pilot,cv5,200,84,gb,5,0.6796875
synthetic_pilot,cv5,200,85,logreg,1,0.921875
synthetic_pilot,cv5,200,85,logreg,2,0.77734375
synthetic_pilot,cv5,200,85,logreg,3,0.8359375
synthetic_pilot,cv5,200,85,logreg,4,0.796875
synthetic_pilot,cv5,200,85,logreg,5,0.62890625
synthetic_pilot,cv5,200,85,knn,1,0.7578125
synthetic_pilot,cv5,200,85,knn,2,0.640625
synthetic_pilot,cv5,200,85,knn,3,0.7578125
synthetic_pilot,cv5,200,85,knn,4,0.708984375
synthetic_pilot,cv5,200,85,knn,5,0.6640625
synthetic_pilot,cv5,200,85,dtree,1,0.7890625
synthetic_pilot,cv5,200,85,dtree,2,0.681640625
synthetic_pilot,cv5,200,85,dtree,3,0.515625
synthetic_pilot,cv5,200,85,dtree,4,0.740234375
synthetic_pilot,cv5,200,85,dtree,5,0.56640625
synthetic_pilot,cv5,200,85,svm,1,0.8203125
synthetic_pilot,cv5,200,85,svm,2,0.74609375
synthetic_pilot,cv5,200,85,svm,3,0.76171875
synthetic_pilot,cv5,200,85,svm,4,0.8359375
synthetic_pilot,cv5,200,85,svm,5,0.6640625
synthetic_pilot,cv5,200,85,rf,1,0.8984375
synthetic_pilot,cv5,200,85,rf,2,0.802734375
synthetic_pilot,cv5,200,85,rf,3,0.73828125
synthetic_pilot,cv5,200,85,rf,4,0.837890625
synthetic_pilot,cv5,200,85,rf,5,0.59765625
synthetic_pilot,cv5,200,85,gb,1,0.80859375
synthetic_pilot,cv5,200,85,gb,2,0.7421875
synthetic_pilot,cv5,200,85,gb,3,0.859375
synthetic_pilot,cv5,200,85,gb,4,0.74609375
synthetic_pilot,cv5,200,85,gb,5,0.72265625
synthetic_pilot,cv5,200,86,logreg,1,0.91796875
synthetic_pilot,cv5,200,86,logreg,2,0.83203125
synthetic_pilot,cv5,200,86,logreg,3,0.9296875
synthetic_pilot,cv5,200,86,logreg,4,0.671875
synthetic_pilot,cv5,200,86,logreg,5,0.8984375
synthetic_pilot,cv5,200,86,knn,1,0.806640625
synthetic_pilot,cv5,200,86,knn,2,0.6796875
synthetic_pilot,cv5,200,86,knn,3,0.73828125
synthetic_pilot,cv5,200,86,knn,4,0.568359375
synthetic_pilot,cv5,200,86,knn,5,0.673828125
synthetic_pilot,cv5,200,86,dtree,1,0.560546875
synthetic_pilot,cv5,200,86,dtree,2,0.484375
synthetic_pilot,cv5,200,86,dtree,3,0.44921875
synthetic_pilot,cv5,200,86,dtree,4,0.54296875
synthetic_pilot,cv5,200,86,dtree,5,0.650390625
synthetic_pilot,cv5,200,86,svm,1,0.83203125
synthetic_pilot,cv5,200,86,svm,2,0.77734375
synthetic_pilot,cv5,200,86,svm,3,0.74609375
synthetic_pilot,cv5,200,86,svm,4,0.671875
synthetic_pilot,cv5,200,86,svm,5,0.91015625
synthetic_pilot,cv5,200,86,rf,1,0.857421875
synthetic_pilot,cv5,200,86,rf,2,0.740234375
synthetic_pilot,cv5,200,86,rf,3,0.7421875
synthetic_pilot,cv5,200,86,rf,4,0.73828125
synthetic_pilot,cv5,200,86,rf,5,0.826171875
synthetic_pilot,cv5,200,86,gb,1,0.8203125
synthetic_pilot,cv5,200,86,gb,2,0.73046875
synthetic_pilot,cv5,200,86,gb,3,0.734375
synthetic_pilot,cv5,200,86,gb,4,0.65234375
synthetic_pilot,cv5,200,86,gb,5,0.83984375
synthetic_pilot,cv5,200,87,logreg,1,0.8203125
synthetic_pilot,cv5,200,87,logreg,2,0.88671875
synthetic_pilot,cv5,200,87,logreg,3,0.76171875
synthetic_pilot,cv5,200,87,logreg,4,0.73046875
synthetic_pilot,cv5,200,87,logreg,5,0.78125
synthetic_pilot,cv5,200,87,knn,1,0.5859375
synthetic_pilot,cv5,200,87,knn,2,0.833984375
synthetic_pilot,cv5,200,87,knn,3,0.6953125
synthetic_pilot,cv5,200,87,knn,4,0.568359375
synthetic_pilot,cv5,200,87,knn,5,0.705078125
synthetic_pilot,cv5,200,87,dtree,1,0.515625
synthetic_pilot,cv5,200,87,dtree,2,0.875
synthetic_pilot,cv5,200,87,dtree,3,0.69921875
synthetic_pilot,cv5,200,87,dtree,4,0.591796875
synthetic_pilot,cv5,200,87,dtree,5,0.3671875
synthetic_pilot,cv5,200,87,svm,1,0.70703125
synthetic_pilot,cv5,200,87,svm,2,0.8984375
synthetic_pilot,cv5,200,87,svm,3,0.71875
synthetic_pilot,cv5,200,87,svm,4,0.76171875
synthetic_pilot,cv5,200,87,svm,5,0.77734375
synthetic_pilot,cv5,200,87,rf,1,0.666015625
synthetic_pilot,cv5,200,87,rf,2,0.91796875
synthetic_pilot,cv5,200,87,rf,3,0.755859375
synthetic_pilot,cv5,200,87,rf,4,0.779296875
synthetic_pilot,cv5,200,87,rf,5,0.89453125
synthetic_pilot,cv5,200,87,gb,1,0.69140625
synthetic_pilot,cv5,200,87,gb,2,0.90234375
synthetic_pilot,cv5,200,87,gb,3,0.7265625
synthetic_pilot,cv5,200,87,gb,4,0.62890625
synthetic_pilot,cv5,200,87,gb,5,0.859375
synthetic_pilot,cv5,200,88,logreg,1,0.8125
synthetic_pilot,cv5,200,88,logreg,2,0.7578125
synthetic_pilot,cv5,200,88,logreg,3,0.88671875
synthetic_pilot,cv5,200,88,logreg,4,0.6328125
synthetic_pilot,cv5,200,88,logreg,5,0.64453125
synthetic_pilot,cv5,200,88,knn,1,0.65234375
synthetic_pilot,cv5,200,88,knn,2,0.546875
synthetic_pilot,cv5,200,88,knn,3,0.708984375
synthetic_pilot,cv5,200,88,knn,4,0.638671875
synthetic_pilot,cv5,200,88,knn,5,0.64453125
synthetic_pilot,cv5,200,88,dtree,1,0.626953125
synthetic_pilot,cv5,200,88,dtree,2,0.6171875
synthetic_pilot,cv5,200,88,dtree,3,0.58203125
synthetic_pilot,cv5,200,88,dtree,4,0.41796875
synthetic_pilot,cv5,200,88,dtree,5,0.54296875
synthetic_pilot,cv5,200,88,svm,1,0.8046875
synthetic_pilot,cv5,200,88,svm,2,0.73046875
synthetic_pilot,cv5,200,88,svm,3,0.8828125
synthetic_pilot,cv5,200,88,svm,4,0.68359375
synthetic_pilot,cv5,200,88,svm,5,0.69921875
synthetic_pilot,cv5,200,88,rf,1,0.724609375
synthetic_pilot,cv5,200,88,rf,2,0.703125
synthetic_pilot,cv5,200,88,rf,3,0.8671875
synthetic_pilot,cv5,200,88,rf,4,0.7109375
synthetic_pilot,cv5,200,88,rf,5,0.720703125
synthetic_pilot,cv5,200,88,gb,1,0.75390625
synthetic_pilot,cv5,200,88,gb,2,0.70703125
synthetic_pilot,cv5,200,88,gb,3,0.8828125
synthetic_pilot,cv5,200,88,gb,4,0.765625
synthetic_pilot,cv5,200,88,gb,5,0.68359375
synthetic_pilot,cv5,200,89,logreg,1,0.96875
synthetic_pilot,cv5,200,89,logreg,2,0.828125
synthetic_pilot,cv5,200,89,logreg,3,0.82421875
synthetic_pilot,cv5,200,89,logreg,4,0.6953125
synthetic_pilot,cv5,200,89,logreg,5,0.734375
synthetic_pilot,cv5,200,89,knn,1,0.810546875
synthetic_pilot,cv5,200,89,knn,2,0.666015625
synthetic_pilot,cv5,200,89,knn,3,0.79296875
synthetic_pilot,cv5,200,89,knn,4,0.609375
synthetic_pilot,cv5,200,89,knn,5,0.669921875
synthetic_pilot,cv5,200,89,dtree,1,0.6328125
synthetic_pilot,cv5,200,89,dtree,2,0.8984375
synthetic_pilot,cv5,200,89,dtree,3,0.5078125
synthetic_pilot,cv5,200,89,dtree,4,0.59765625
synthetic_pilot,cv5,200,89,dtree,5,0.529296875
synthetic_pilot,cv5,200,89,svm,1,0.9140625
synthetic_pilot,cv5,200,89,svm,2,0.7578125
synthetic_pilot,cv5,200,89,svm,3,0.74609375
synthetic_pilot,cv5,200,89,svm,4,0.70703125
synthetic_pilot,cv5,200,89,svm,5,0.7890625
synthetic_pilot,cv5,200,89,rf,1,0.853515625
synthetic_pilot,cv5,200,89,rf,2,0.708984375
synthetic_pilot,cv5,200,89,rf,3,0.873046875
synthetic_pilot,cv5,200,89,rf,4,0.802734375
synthetic_pilot,cv5,200,89,rf,5,0.794921875
synthetic_pilot,cv5,200,89,gb,1,0.8828125
synthetic_pilot,cv5,200,89,gb,2,0.84765625
synthetic_pilot,cv5,200,89,gb,3,0.828125
synthetic_pilot,cv5,200,89,gb,4,0.6875
synthetic_pilot,cv5,200,89,gb,5,0.7421875
synthetic_pilot,cv5,200,90,logreg,1,0.71875
synthetic_pilot,cv5,200,90,logreg,2,0.83984375
synthetic_pilot,cv5,200,90,logreg,3,0.84375
synthetic_pilot,cv5,200,90,logreg,4,0.80078125
synthetic_pilot,cv5,200,90,logreg,5,0.82421875
synthetic_pilot,cv5,200,90,knn,1,0.775390625
synthetic_pilot,cv5,200,90,knn,2,0.736328125
synthetic_pilot,cv5,200,90,knn,3,0.78125
synthetic_pilot,cv5,200,90,knn,4,0.806640625
synthetic_pilot,cv5,200,90,knn,5,0.83984375
synthetic_pilot,cv5,200,90,dtree,1,0.74609375
synthetic_pilot,cv5,200,90,dtree,2,0.6953125
synthetic_pilot,cv5,200,90,dtree,3,0.55859375
synthetic_pilot,cv5,200,90,dtree,4,0.529296875
synthetic_pilot,cv5,200,90,dtree,5,0.76171875
synthetic_pilot,cv5,200,90,svm,1,0.86328125
synthetic_pilot,cv5,200,90,svm,2,0.80859375
synthetic_pilot,cv5,200,90,svm,3,0.7734375
synthetic_pilot,cv5,200,90,svm,4,0.8515625
synthetic_pilot,cv5,200,90,svm,5,0.90625
synthetic_pilot,cv5,200,90,rf,1,0.796875
synthetic_pilot,cv5,200,90,rf,2,0.701171875
synthetic_pilot,cv5,200,90,rf,3,0.779296875
synthetic_pilot,cv5,200,90,rf,4,0.7578125
synthetic_pilot,cv5,200,90,rf,5,0.8125
synthetic_pilot,cv5,200,90,gb,1,0.890625
synthetic_pilot,cv5,200,90,gb,2,0.8671875
synthetic_pilot,cv5,200,90,gb,3,0.71484375
synthetic_pilot,cv5,200,90,gb,4,0.83203125
synthetic_pilot,cv5,200,90,gb,5,0.8671875
synthetic_pilot,cv5,200,91,logreg,1,0.61328125
synthetic_pilot,cv5,200,91,logreg,2,0.67578125
synthetic_pilot,cv5,200,91,logreg,3,0.4375
synthetic_pilot,cv5,200,91,logreg,4,0.7421875
synthetic_pilot,cv5,200,91,logreg,5,0.765625
synthetic_pilot,cv5,200,91,knn,1,0.62109375
synthetic_pilot,cv5,200,91,knn,2,0.78515625
synthetic_pilot,cv5,200,91,knn,3,0.6953125
synthetic_pilot,cv5,200,91,knn,4,0.697265625
synthetic_pilot,cv5,200,91,knn,5,0.615234375
synthetic_pilot,cv5,200,91,dtree,1,0.224609375
synthetic_pilot,cv5,200,91,dtree,2,0.4140625
synthetic_pilot,cv5,200,91,dtree,3,0.6875
synthetic_pilot,cv5,200,91,dtree,4,0.515625
synthetic_pilot,cv5,200,91,dtree,5,0.6015625
synthetic_pilot,cv5,200,91,svm,1,0.55078125
synthetic_pilot,cv5,200,91,svm,2,0.8671875
synthetic_pilot,cv5,200,91,svm,3,0.76171875
synthetic_pilot,cv5,200,91,svm,4,0.80859375
synthetic_pilot,cv5,200,91,svm,5,0.734375
synthetic_pilot,cv5,200,91,rf,1,0.451171875
synthetic_pilot,cv5,200,91,rf,2,0.751953125
synthetic_pilot,cv5,200,91,rf,3,0.603515625
synthetic_pilot,cv5,200,91,rf,4,0.634765625
synthetic_pilot,cv5,200,91,rf,5,0.525390625
synthetic_pilot,cv5,200,91,gb,1,0.46484375
synthetic_pilot,cv5,200,91,gb,2,0.73046875
synthetic_pilot,cv5,200,91,gb,3,0.48828125
synthetic_pilot,cv5,200,91,gb,4,0.671875
synthetic_pilot,cv5,200,91,gb,5,0.37109375
synthetic_pilot,cv5,200,92,logreg,1,0.8203125
synthetic_pilot,cv5,200,92,logreg,2,0.55859375
synthetic_pilot,cv5,200,92,logreg,3,0.68359375
synthetic_pilot,cv5,200,92,logreg,4,0.76953125
synthetic_pilot,cv5,200,92,logreg,5,0.7109375
synthetic_pilot,cv5,200,92,knn,1,0.6875
synthetic_pilot,cv5,200,92,knn,2,0.451171875
synthetic_pilot,cv5,200,92,knn,3,0.541015625
synthetic_pilot,cv5,200,92,knn,4,0.78125
synthetic_pilot,cv5,200,92,knn,5,0.68359375
synthetic_pilot,cv5,200,92,dtree,1,0.837890625
synthetic_pilot,cv5,200,92,dtree,2,0.5234375
synthetic_pilot,cv5,200,92,dtree,3,0.66796875
synthetic_pilot,cv5,200,92,dtree,4,0.658203125
synthetic_pilot,cv5,200,92,dtree,5,0.578125
synthetic_pilot,cv5,200,92,svm,1,0.81640625
synthetic_pilot,cv5,200,92,svm,2,0.53515625
synthetic_pilot,cv5,200,92,svm,3,0.78125
synthetic_pilot,cv5,200,92,svm,4,0.7890625
synthetic_pilot,cv5,200,92,svm,5,0.8046875
synthetic_pilot,cv5,200,92,rf,1,0.880859375
synthetic_pilot,cv5,200,92,rf,2,0.546875
synthetic_pilot,cv5,200,92,rf,3,0.71484375
synthetic_pilot,cv5,200,92,rf,4,0.794921875
synthetic_pilot,cv5,200,92,rf,5,0.71484375
synthetic_pilot,cv5,200,92,gb,1,0.78125
synthetic_pilot,cv5,200,92,gb,2,0.59375
synthetic_pilot,cv5,200,92,gb,3,0.65625
synthetic_pilot,cv5,200,92,gb,4,0.84765625
synthetic_pilot,cv5,200,92,gb,5,0.6171875
synthetic_pilot,cv5,200,93,logreg,1,0.87890625
synthetic_pilot,cv5,200,93,logreg,2,0.703125
synthetic_pilot,cv5,200,93,logreg,3,0.91015625
synthetic_pilot,cv5,200,93,logreg,4,0.85546875
synthetic_pilot,cv5,200,93,logreg,5,0.73046875
synthetic_pilot,cv5,200,93,knn,1,0.6796875
synthetic_pilot,cv5,200,93,knn,2,0.626953125
synthetic_pilot,cv5,200,93,knn,3,0.734375
synthetic_pilot,cv5,200,93,knn,4,0.78125
synthetic_pilot,cv5,200,93,knn,5,0.556640625
synthetic_pilot,cv5,200,93,dtree,1,0.40625
synthetic_pilot,cv5,200,93,dtree,2,0.53125
synthetic_pilot,cv5,200,93,dtree,3,0.626953125
synthetic_pilot,cv5,200,93,dtree,4,0.822265625
synthetic_pilot,cv5,200,93,dtree,5,0.578125
synthetic_pilot,cv5,200,93,svm,1,0.859375
synthetic_pilot,cv5,200,93,svm,2,0.7578125
synthetic_pilot,cv5,200,93,svm,3,0.9375
synthetic_pilot,cv5,200,93,svm,4,0.8203125
synthetic_pilot,cv5,200,93,svm,5,0.70703125
synthetic_pilot,cv5,200,93,rf,1,0.86328125
synthetic_pilot,cv5,200,93,rf,2,0.646484375
synthetic_pilot,cv5,200,93,rf,3,0.8515625
synthetic_pilot,cv5,200,93,rf,4,0.89453125
synthetic_pilot,cv5,200,93,rf,5,0.669921875
synthetic_pilot,cv5,200,93,gb,1,0.765625
synthetic_pilot,cv5,200,93,gb,2,0.69921875
synthetic_pilot,cv5,200,93,gb,3,0.83984375
synthetic_pilot,cv5,200,93,gb,4,0.828125
synthetic_pilot,cv5,200,93,gb,5,0.64453125
synthetic_pilot,cv5,200,94,logreg,1,0.53515625
synthetic_pilot,cv5,200,94,logreg,2,0.80078125
synthetic_pilot,cv5,200,94,logreg,3,0.69140625
synthetic_pilot,cv5,200,94,logreg,4,0.8203125
synthetic_pilot,cv5,200,94,logreg,5,0.75390625
synthetic_pilot,cv5,200,94,knn,1,0.580078125
synthetic_pilot,cv5,200,94,knn,2,0.826171875
synthetic_pilot,cv5,200,94,knn,3,0.578125
synthetic_pilot,cv5,200,94,knn,4,0.779296875
synthetic_pilot,cv5,200,94,knn,5,0.7109375
synthetic_pilot,cv5,200,94,dtree,1,0.640625
synthetic_pilot,cv5,200,94,dtree,2,0.55859375
synthetic_pilot,cv5,200,94,dtree,3,0.501953125
synthetic_pilot,cv5,200,94,dtree,4,0.388671875
synthetic_pilot,cv5,200,94,dtree,5,0.32421875
synthetic_pilot,cv5,200,94,svm,1,0.6796875
synthetic_pilot,cv5,200,94,svm,2,0.80859375
synthetic_pilot,cv5,200,94,svm,3,0.6484375
synthetic_pilot,cv5,200,94,svm,4,0.859375
synthetic_pilot,cv5,200,94,svm,5,0.7421875
synthetic_pilot,cv5,200,94,rf,1,0.56640625
synthetic_pilot,cv5,200,94,rf,2,0.796875
synthetic_pilot,cv5,200,94,rf,3,0.716796875
synthetic_pilot,cv5,200,94,rf,4,0.880859375
synthetic_pilot,cv5,200,94,rf,5,0.77734375
synthetic_pilot,cv5,200,94,gb,1,0.54296875
synthetic_pilot,cv5,200,94,gb,2,0.71875
synthetic_pilot,cv5,200,94,gb,3,0.6328125
synthetic_pilot,cv5,200,94,gb,4,0.69140625
synthetic_pilot,cv5,200,94,gb,5,0.72265625
synthetic_pilot,cv5,200,95,logreg,1,0.73046875
synthetic_pilot,cv5,200,95,logreg,2,0.76953125
synthetic_pilot,cv5,200,95,logreg,3,0.8046875
synthetic_pilot,cv5,200,95,logreg,4,0.82421875
synthetic_pilot,cv5,200,95,logreg,5,0.84375
synthetic_pilot,cv5,200,95,knn,1,0.806640625
synthetic_pilot,cv5,200,95,knn,2,0.669921875
synthetic_pilot,cv5,200,95,knn,3,0.65234375
synthetic_pilot,cv5,200,95,knn,4,0.638671875
synthetic_pilot,cv5,200,95,knn,5,0.802734375
synthetic_pilot,cv5,200,95,dtree,1,0.671875
synthetic_pilot,cv5,200,95,dtree,2,0.595703125
synthetic_pilot,cv5,200,95,dtree,3,0.5234375
synthetic_pilot,cv5,200,95,dtree,4,0.59375
synthetic_pilot,cv5,200,95,dtree,5,0.775390625
synthetic_pilot,cv5,200,95,svm,1,0.83203125
synthetic_pilot,cv5,200,95,svm,2,0.82421875
synthetic_pilot,cv5,200,95,svm,3,0.83203125
synthetic_pilot,cv5,200,95,svm,4,0.87890625
synthetic_pilot,cv5,200,95,svm,5,0.875
synthetic_pilot,cv5,200,95,rf,1,0.7890625
synthetic_pilot,cv5,200,95,rf,2,0.73046875
synthetic_pilot,cv5,200,95,rf,3,0.732421875
synthetic_pilot,cv5,200,95,rf,4,0.759765625
synthetic_pilot,cv5,200,95,rf,5,0.7890625
synthetic_pilot,cv5,200,95,gb,1,0.6875
synthetic_pilot,cv5,200,95,gb,2,0.80078125
synthetic_pilot,cv5,200,95,gb,3,0.66796875
synthetic_pilot,cv5,200,95,gb,4,0.8359375
synthetic_pilot,cv5,200,95,gb,5,0.78515625
synthetic_pilot,cv5,200,96,logreg,1,0.70703125
synthetic_pilot,cv5,200,96,logreg,2,0.734375
synthetic_pilot,cv5,200,96,logreg,3,0.703125
synthetic_pilot,cv5,200,96,logreg,4,0.80859375
synthetic_pilot,cv5,200,96,logreg,5,0.5390625
synthetic_pilot,cv5,200,96,knn,1,0.51171875
synthetic_pilot,cv5,200,96,knn,2,0.78515625
synthetic_pilot,cv5,200,96,knn,3,0.591796875
synthetic_pilot,cv5,200,96,knn,4,0.626953125
synthetic_pilot,cv5,200,96,knn,5,0.529296875
synthetic_pilot,cv5,200,96,dtree,1,0.41796875
synthetic_pilot,cv5,200,96,dtree,2,0.685546875
synthetic_pilot,cv5,200,96,dtree,3,0.630859375
synthetic_pilot,cv5,200,96,dtree,4,0.62890625
synthetic_pilot,cv5,200,96,dtree,5,0.408203125
synthetic_pilot,cv5,200,96,svm,1,0.66796875
synthetic_pilot,cv5,200,96,svm,2,0.83203125
synthetic_pilot,cv5,200,96,svm,3,0.7109375
synthetic_pilot,cv5,200,96,svm,4,0.70703125
synthetic_pilot,cv5,200,96,svm,5,0.6328125
synthetic_pilot,cv5,200,96,rf,1,0.66015625
synthetic_pilot,cv5,200,96,rf,2,0.830078125
synthetic_pilot,cv5,200,96,rf,3,0.654296875
synthetic_pilot,cv5,200,96,rf,4,0.685546875
synthetic_pilot,cv5,200,96,rf,5,0.587890625
synthetic_pilot,cv5,200,96,gb,1,0.578125
synthetic_pilot,cv5,200,96,gb,2,0.76953125
synthetic_pilot,cv5,200,96,gb,3,0.59375
synthetic_pilot,cv5,200,96,gb,4,0.79296875
synthetic_pilot,cv5,200,96,gb,5,0.640625
synthetic_pilot,cv5,200,97,logreg,1,0.72265625
synthetic_pilot,cv5,200,97,logreg,2,0.6796875
synthetic_pilot,cv5,200,97,logreg,3,0.7421875
synthetic_pilot,cv5,200,97,logreg,4,0.6875
synthetic_pilot,cv5,200,97,logreg,5,0.55078125
synthetic_pilot,cv5,200,97,knn,1,0.54296875
synthetic_pilot,cv5,200,97,knn,2,0.65234375
synthetic_pilot,cv5,200,97,knn,3,0.67578125
synthetic_pilot,cv5,200,97,knn,4,0.640625
synthetic_pilot,cv5,200,97,knn,5,0.5859375
synthetic_pilot,cv5,200,97,dtree,1,0.564453125
synthetic_pilot,cv5,200,97,dtree,2,0.455078125
synthetic_pilot,cv5,200,97,dtree,3,0.458984375
synthetic_pilot,cv5,200,97,dtree,4,0.580078125
synthetic_pilot,cv5,200,97,dtree,5,0.40625
synthetic_pilot,cv5,200,97,svm,1,0.77734375
synthetic_pilot,cv5,200,97,svm,2,0.66796875
synthetic_pilot,cv5,200,97,svm,3,0.73828125
synthetic_pilot,cv5,200,97,svm,4,0.80859375
synthetic_pilot,cv5,200,97,svm,5,0.64453125
synthetic_pilot,cv5,200,97,rf,1,0.69140625
synthetic_pilot,cv5,200,97,rf,2,0.59765625
synthetic_pilot,cv5,200,97,rf,3,0.78515625
synthetic_pilot,cv5,200,97,rf,4,0.716796875
synthetic_pilot,cv5,200,97,rf,5,0.5703125
synthetic_pilot,cv5,200,97,gb,1,0.7890625
synthetic_pilot,cv5,200,97,gb,2,0.703125
synthetic_pilot,cv5,200,97,gb,3,0.70703125
synthetic_pilot,cv5,200,97,gb,4,0.7890625
synthetic_pilot,cv5,200,97,gb,5,0.58203125
synthetic_pilot,cv5,200,98,logreg,1,0.6328125
synthetic_pilot,cv5,200,98,logreg,2,0.76953125
synthetic_pilot,cv5,200,98,logreg,3,0.6953125
synthetic_pilot,cv5,200,98,logreg,4,0.8984375
synthetic_pilot,cv5,200,98,logreg,5,0.78125
synthetic_pilot,cv5,200,98,knn,1,0.533203125
synthetic_pilot,cv5,200,98,knn,2,0.748046875
synthetic_pilot,cv5,200,98,knn,3,0.58984375
synthetic_pilot,cv5,200,98,knn,4,0.76953125
synthetic_pilot,cv5,200,98,knn,5,0.70703125
synthetic_pilot,cv5,200,98,dtree,1,0.6171875
synthetic_pilot,cv5,200,98,dtree,2,0.62890625
synthetic_pilot,cv5,200,98,dtree,3,0.78125
synthetic_pilot,cv5,200,98,dtree,4,0.61328125
synthetic_pilot,cv5,200,98,dtree,5,0.81640625
synthetic_pilot,cv5,200,98,svm,1,0.671875
synthetic_pilot,cv5,200,98,svm,2,0.73828125
synthetic_pilot,cv5,200,98,svm,3,0.66015625
synthetic_pilot,cv5,200,98,svm,4,0.8515625
synthetic_pilot,cv5,200,98,svm,5,0.7265625
synthetic_pilot,cv5,200,98,rf,1,0.662109375
synthetic_pilot,cv5,200,98,rf,2,0.74609375
synthetic_pilot,cv5,200,98,rf,3,0.875
synthetic_pilot,cv5,200,98,rf,4,0.72265625
synthetic_pilot,cv5,200,98,rf,5,0.677734375
synthetic_pilot,cv5,200,98,gb,1,0.73828125
synthetic_pilot,cv5,200,98,gb,2,0.80859375
synthetic_pilot,cv5,200,98,gb,3,0.8671875
synthetic_pilot,cv5,200,98,gb,4,0.8046875
synthetic_pilot,cv5,200,98,gb,5,0.7578125
synthetic_pilot,cv5,200,99,logreg,1,0.77734375
synthetic_pilot,cv5,200,99,logreg,2,0.6171875
synthetic_pilot,cv5,200,99,logreg,3,0.76171875
synthetic_pilot,cv5,200,99,logreg,4,0.66796875
synthetic_pilot,cv5,200,99,logreg,5,0.66796875
synthetic_pilot,cv5,200,99,knn,1,0.7890625
synthetic_pilot,cv5,200,99,knn,2,0.544921875
synthetic_pilot,cv5,200,99,knn,3,0.6328125
synthetic_pilot,cv5,200,99,knn,4,0.47265625
synthetic_pilot,cv5,200,99,knn,5,0.818359375
synthetic_pilot,cv5,200,99,dtree,1,0.66796875
synthetic_pilot,cv5,200,99,dtree,2,0.6640625
synthetic_pilot,cv5,200,99,dtree,3,0.44921875
synthetic_pilot,cv5,200,99,dtree,4,0.40234375
synthetic_pilot,cv5,200,99,dtree,5,0.57421875
synthetic_pilot,cv5,200,99,svm,1,0.75
synthetic_pilot,cv5,200,99,svm,2,0.73046875
synthetic_pilot,cv5,200,99,svm,3,0.60546875
synthetic_pilot,cv5,200,99,svm,4,0.546875
synthetic_pilot,cv5,200,99,svm,5,0.66796875
synthetic_pilot,cv5,200,99,rf,1,0.703125
synthetic_pilot,cv5,200,99,rf,2,0.71875
synthetic_pilot,cv5,200,99,rf,3,0.77734375
synthetic_pilot,cv5,200,99,rf,4,0.69921875
synthetic_pilot,cv5,200,99,rf,5,0.689453125
synthetic_pilot,cv5,200,99,gb,1,0.6875
synthetic_pilot,cv5,200,99,gb,2,0.5
synthetic_pilot,cv5,200,99,gb,3,0.78125
synthetic_pilot,cv5,200,99,gb,4,0.8515625
synthetic_pilot,cv5,200,99,gb,5,0.58984375
synthetic_pilot,cv5,200,100,logreg,1,0.765625
synthetic_pilot,cv5,200,100,logreg,2,0.8671875
synthetic_pilot,cv5,200,100,logreg,3,0.73046875
synthetic_pilot,cv5,200,100,logreg,4,0.7421875
synthetic_pilot,cv5,200,100,logreg,5,0.7421875
synthetic_pilot,cv5,200,100,knn,1,0.70703125
synthetic_pilot,cv5,200,100,knn,2,0.69921875
synthetic_pilot,cv5,200,100,knn,3,0.59765625
synthetic_pilot,cv5,200,100,knn,4,0.681640625
synthetic_pilot,cv5,200,100,knn,5,0.869140625
synthetic_pilot,cv5,200,100,dtree,1,0.43359375
synthetic_pilot,cv5,200,100,dtree,2,0.5234375
synthetic_pilot,cv5,200,100,dtree,3,0.7109375
synthetic_pilot,cv5,200,100,dtree,4,0.16015625
synthetic_pilot,cv5,200,100,dtree,5,0.6875
synthetic_pilot,cv5,200,100,svm,1,0.7265625
synthetic_pilot,cv5,200,100,svm,2,0.828125
synthetic_pilot,cv5,200,100,svm,3,0.6796875
synthetic_pilot,cv5,200,100,svm,4,0.66796875
synthetic_pilot,cv5,200,100,svm,5,0.8203125
synthetic_pilot,cv5,200,100,rf,1,0.67578125
synthetic_pilot,cv5,200,100,rf,2,0.837890625
synthetic_pilot,cv5,200,100,rf,3,0.685546875
synthetic_pilot,cv5,200,100,rf,4,0.7578125
synthetic_pilot,cv5,200,100,rf,5,0.712890625
synthetic_pilot,cv5,200,100,gb,1,0.734375
synthetic_pilot,cv5,200,100,gb,2,0.7265625
synthetic_pilot,cv5,200,100,gb,3,0.62109375
synthetic_pilot,cv5,200,100,gb,4,0.70703125
synthetic_pilot,cv5,200,100,gb,5,0.7265625
synthetic_pilot,cv5,500,1,logreg,1,0.7812499999999999
synthetic_pilot,cv5,500,1,logreg,2,0.7925
synthetic_pilot,cv5,500,1,logreg,3,0.7075
synthetic_pilot,cv5,500,1,logreg,4,0.754375
synthetic_pilot,cv5,500,1,logreg,5,0.765625
synthetic_pilot,cv5,500,1,knn,1,0.7159375
synthetic_pilot,cv5,500,1,knn,2,0.7234375
synthetic_pilot,cv5,500,1,knn,3,0.639375
synthetic_pilot,cv5,500,1,knn,4,0.7321875
synthetic_pilot,cv5,500,1,knn,5,0.7324999999999999
synthetic_pilot,cv5,500,1,dtree,1,0.6584375
synthetic_pilot,cv5,500,1,dtree,2,0.5228125
synthetic_pilot,cv5,500,1,dtree,3,0.5740625
synthetic_pilot,cv5,500,1,dtree,4,0.6453125
synthetic_pilot,cv5,500,1,dtree,5,0.48906250000000007
synthetic_pilot,cv5,500,1,svm,1,0.7618750000000001
synthetic_pilot,cv5,500,1,svm,2,0.788125
synthetic_pilot,cv5,500,1,svm,3,0.721875
synthetic_pilot,cv5,500,1,svm,4,0.7281249999999999
synthetic_pilot,cv5,500,1,svm,5,0.8143750000000001
synthetic_pilot,cv5,500,1,rf,1,0.7581249999999999
synthetic_pilot,cv5,500,1,rf,2,0.7418750000000001
synthetic_pilot,cv5,500,1,rf,3,0.7521874999999999
synthetic_pilot,cv5,500,1,rf,4,0.7303125
synthetic_pilot,cv5,500,1,rf,5,0.68625
synthetic_pilot,cv5,500,1,gb,1,0.72
synthetic_pilot,cv5,500,1,gb,2,0.746875
synthetic_pilot,cv5,500,1,gb,3,0.6824999999999999
synthetic_pilot,cv5,500,1,gb,4,0.7375
synthetic_pilot,cv5,500,1,gb,5,0.7681250000000001
synthetic_pilot,cv5,500,2,logreg,1,0.8262499999999999
synthetic_pilot,cv5,500,2,logreg,2,0.765625
synthetic_pilot,cv5,500,2,logreg,3,0.8093750000000001
synthetic_pilot,cv5,500,2,logreg,4,0.846875
synthetic_pilot,cv5,500,2,logreg,5,0.74375
synthetic_pilot,cv5,500,2,knn,1,0.8153124999999999
synthetic_pilot,cv5,500,2,knn,2,0.775
synthetic_pilot,cv5,500,2,knn,3,0.6040625000000001
synthetic_pilot,cv5,500,2,knn,4,0.7
synthetic_pilot,cv5,500,2,knn,5,0.6984375
synthetic_pilot,cv5,500,2,dtree,1,0.693125
synthetic_pilot,cv5,500,2,dtree,2,0.72125
synthetic_pilot,cv5,500,2,dtree,3,0.6468750000000001
synthetic_pilot,cv5,500,2,dtree,4,0.5296875
synthetic_pilot,cv5,500,2,dtree,5,0.5859375
synthetic_pilot,cv5,500,2,svm,1,0.8787499999999999
synthetic_pilot,cv5,500,2,svm,2,0.801875
synthetic_pilot,cv5,500,2,svm,3,0.774375
synthetic_pilot,cv5,500,2,svm,4,0.7875000000000001
synthetic_pilot,cv5,500,2,svm,5,0.731875
synthetic_pilot,cv5,500,2,rf,1,0.8546875
synthetic_pilot,cv5,500,2,rf,2,0.7418750000000001
synthetic_pilot,cv5,500,2,rf,3,0.6990625
synthetic_pilot,cv5,500,2,rf,4,0.7643749999999999
synthetic_pilot,cv5,500,2,rf,5,0.725
synthetic_pilot,cv5,500,2,gb,1,0.891875
synthetic_pilot,cv5,500,2,gb,2,0.761875
synthetic_pilot,cv5,500,2,gb,3,0.709375
synthetic_pilot,cv5,500,2,gb,4,0.7875
synthetic_pilot,cv5,500,2,gb,5,0.81125
synthetic_pilot,cv5,500,3,logreg,1,0.888125
synthetic_pilot,cv5,500,3,logreg,2,0.76
synthetic_pilot,cv5,500,3,logreg,3,0.8156249999999999
synthetic_pilot,cv5,500,3,logreg,4,0.8412499999999999
synthetic_pilot,cv5,500,3,logreg,5,0.633125
synthetic_pilot,cv5,500,3,knn,1,0.7974999999999999
synthetic_pilot,cv5,500,3,knn,2,0.5371875
synthetic_pilot,cv5,500,3,knn,3,0.7125
synthetic_pilot,cv5,500,3,knn,4,0.7350000000000001
synthetic_pilot,cv5,500,3,knn,5,0.619375
synthetic_pilot,cv5,500,3,dtree,1,0.75625
synthetic_pilot,cv5,500,3,dtree,2,0.6009375000000001
synthetic_pilot,cv5,500,3,dtree,3,0.5900000000000001
synthetic_pilot,cv5,500,3,dtree,4,0.683125
synthetic_pilot,cv5,500,3,dtree,5,0.565
synthetic_pilot,cv5,500,3,svm,1,0.888125
synthetic_pilot,cv5,500,3,svm,2,0.731875
synthetic_pilot,cv5,500,3,svm,3,0.86125
synthetic_pilot,cv5,500,3,svm,4,0.8200000000000001
synthetic_pilot,cv5,500,3,svm,5,0.685
synthetic_pilot,cv5,500,3,rf,1,0.8203125
synthetic_pilot,cv5,500,3,rf,2,0.6646874999999999
synthetic_pilot,cv5,500,3,rf,3,0.7878124999999999
synthetic_pilot,cv5,500,3,rf,4,0.7159375
synthetic_pilot,cv5,500,3,rf,5,0.6896875
synthetic_pilot,cv5,500,3,gb,1,0.843125
synthetic_pilot,cv5,500,3,gb,2,0.690625
synthetic_pilot,cv5,500,3,gb,3,0.75
synthetic_pilot,cv5,500,3,gb,4,0.71875
synthetic_pilot,cv5,500,3,gb,5,0.7
synthetic_pilot,cv5,500,4,logreg,1,0.796875
synthetic_pilot,cv5,500,4,logreg,2,0.72375
synthetic_pilot,cv5,500,4,logreg,3,0.7549999999999999
synthetic_pilot,cv5,500,4,logreg,4,0.846875
synthetic_pilot,cv5,500,4,logreg,5,0.8356250000000001
synthetic_pilot,cv5,500,4,knn,1,0.7528125
synthetic_pilot,cv5,500,4,knn,2,0.714375
synthetic_pilot,cv5,500,4,knn,3,0.6328125
synthetic_pilot,cv5,500,4,knn,4,0.7184375000000001
synthetic_pilot,cv5,500,4,knn,5,0.6590624999999999
synthetic_pilot,cv5,500,4,dtree,1,0.5778125
synthetic_pilot,cv5,500,4,dtree,2,0.5728125
synthetic_pilot,cv5,500,4,dtree,3,0.5946875
synthetic_pilot,cv5,500,4,dtree,4,0.5671875
synthetic_pilot,cv5,500,4,dtree,5,0.634375
synthetic_pilot,cv5,500,4,svm,1,0.795625
synthetic_pilot,cv5,500,4,svm,2,0.7849999999999999
synthetic_pilot,cv5,500,4,svm,3,0.680625
synthetic_pilot,cv5,500,4,svm,4,0.8162499999999999
synthetic_pilot,cv5,500,4,svm,5,0.775625
synthetic_pilot,cv5,500,4,rf,1,0.7718750000000001
synthetic_pilot,cv5,500,4,rf,2,0.7103125
synthetic_pilot,cv5,500,4,rf,3,0.6809375
synthetic_pilot,cv5,500,4,rf,4,0.82
synthetic_pilot,cv5,500,4,rf,5,0.8140625
synthetic_pilot,cv5,500,4,gb,1,0.7468750000000001
synthetic_pilot,cv5,500,4,gb,2,0.65125
synthetic_pilot,cv5,500,4,gb,3,0.65125
synthetic_pilot,cv5,500,4,gb,4,0.8406250000000001
synthetic_pilot,cv5,500,4,gb,5,0.754375
synthetic_pilot,cv5,500,5,logreg,1,0.6900000000000001
synthetic_pilot,cv5,500,5,logreg,2,0.7275
synthetic_pilot,cv5,500,5,logreg,3,0.76375
synthetic_pilot,cv5,500,5,logreg,4,0.840625
synthetic_pilot,cv5,500,5,logreg,5,0.705625
synthetic_pilot,cv5,500,5,knn,1,0.69875
synthetic_pilot,cv5,500,5,knn,2,0.7031249999999999
synthetic_pilot,cv5,500,5,knn,3,0.5390625
synthetic_pilot,cv5,500,5,knn,4,0.7671874999999999
synthetic_pilot,cv5,500,5,knn,5,0.5421875
synthetic_pilot,cv5,500,5,dtree,1,0.7250000000000001
synthetic_pilot,cv5,500,5,dtree,2,0.6284375
synthetic_pilot,cv5,500,5,dtree,3,0.4859375
synthetic_pilot,cv5,500,5,dtree,4,0.566875
synthetic_pilot,cv5,500,5,dtree,5,0.636875
synthetic_pilot,cv5,500,5,svm,1,0.76625
synthetic_pilot,cv5,500,5,svm,2,0.755625
synthetic_pilot,cv5,500,5,svm,3,0.733125
synthetic_pilot,cv5,500,5,svm,4,0.795
synthetic_pilot,cv5,500,5,svm,5,0.72
synthetic_pilot,cv5,500,5,rf,1,0.7771875
synthetic_pilot,cv5,500,5,rf,2,0.7384375
synthetic_pilot,cv5,500,5,rf,3,0.6924999999999999
synthetic_pilot,cv5,500,5,rf,4,0.8040625
synthetic_pilot,cv5,500,5,rf,5,0.6859375
synthetic_pilot,cv5,500,5,gb,1,0.725
synthetic_pilot,cv5,500,5,gb,2,0.6825
synthetic_pilot,cv5,500,5,gb,3,0.688125
synthetic_pilot,cv5,500,5,gb,4,0.78875
synthetic_pilot,cv5,500,5,gb,5,0.686875
synthetic_pilot,cv5,500,6,logreg,1,0.75625
synthetic_pilot,cv5,500,6,logreg,2,0.6599999999999999
synthetic_pilot,cv5,500,6,logreg,3,0.808125
synthetic_pilot,cv5,500,6,logreg,4,0.8825
synthetic_pilot,cv5,500,6,logreg,5,0.7875000000000001
synthetic_pilot,cv5,500,6,knn,1,0.739375
synthetic_pilot,cv5,500,6,knn,2,0.6290625000000001
synthetic_pilot,cv5,500,6,knn,3,0.6934375
synthetic_pilot,cv5,500,6,knn,4,0.7053125
synthetic_pilot,cv5,500,6,knn,5,0.65125
synthetic_pilot,cv5,500,6,dtree,1,0.5090625000000001
synthetic_pilot,cv5,500,6,dtree,2,0.4846875
synthetic_pilot,cv5,500,6,dtree,3,0.5765625
synthetic_pilot,cv5,500,6,dtree,4,0.626875
synthetic_pilot,cv5,500,6,dtree,5,0.5762500000000002
synthetic_pilot,cv5,500,6,svm,1,0.655
synthetic_pilot,cv5,500,6,svm,2,0.668125
synthetic_pilot,cv5,500,6,svm,3,0.78625
synthetic_pilot,cv5,500,6,svm,4,0.7949999999999999
synthetic_pilot,cv5,500,6,svm,5,0.796875
synthetic_pilot,cv5,500,6,rf,1,0.5762499999999999
synthetic_pilot,cv5,500,6,rf,2,0.6753125000000001
synthetic_pilot,cv5,500,6,rf,3,0.8028125
synthetic_pilot,cv5,500,6,rf,4,0.834375
synthetic_pilot,cv5,500,6,rf,5,0.7296874999999999
synthetic_pilot,cv5,500,6,gb,1,0.608125
synthetic_pilot,cv5,500,6,gb,2,0.63625
synthetic_pilot,cv5,500,6,gb,3,0.79625
synthetic_pilot,cv5,500,6,gb,4,0.745
synthetic_pilot,cv5,500,6,gb,5,0.75125
synthetic_pilot,cv5,500,7,logreg,1,0.818125
synthetic_pilot,cv5,500,7,logreg,2,0.79625
synthetic_pilot,cv5,500,7,logreg,3,0.844375
synthetic_pilot,cv5,500,7,logreg,4,0.800625
synthetic_pilot,cv5,500,7,logreg,5,0.823125
synthetic_pilot,cv5,500,7,knn,1,0.6853125
synthetic_pilot,cv5,500,7,knn,2,0.5715625000000001
synthetic_pilot,cv5,500,7,knn,3,0.59
synthetic_pilot,cv5,500,7,knn,4,0.7481249999999999
synthetic_pilot,cv5,500,7,knn,5,0.7303125
synthetic_pilot,cv5,500,7,dtree,1,0.625625
synthetic_pilot,cv5,500,7,dtree,2,0.5196875
synthetic_pilot,cv5,500,7,dtree,3,0.575
synthetic_pilot,cv5,500,7,dtree,4,0.5481250000000001
synthetic_pilot,cv5,500,7,dtree,5,0.7206250000000001
synthetic_pilot,cv5,500,7,svm,1,0.7787499999999999
synthetic_pilot,cv5,500,7,svm,2,0.8106249999999999
synthetic_pilot,cv5,500,7,svm,3,0.791875
synthetic_pilot,cv5,500,7,svm,4,0.85125
synthetic_pilot,cv5,500,7,svm,5,0.785
synthetic_pilot,cv5,500,7,rf,1,0.7646875
synthetic_pilot,cv5,500,7,rf,2,0.8275
synthetic_pilot,cv5,500,7,rf,3,0.768125
synthetic_pilot,cv5,500,7,rf,4,0.8209375
synthetic_pilot,cv5,500,7,rf,5,0.8015625
synthetic_pilot,cv5,500,7,gb,1,0.811875
synthetic_pilot,cv5,500,7,gb,2,0.806875
synthetic_pilot,cv5,500,7,gb,3,0.80875
synthetic_pilot,cv5,500,7,gb,4,0.7793749999999999
synthetic_pilot,cv5,500,7,gb,5,0.79375
synthetic_pilot,cv5,500,8,logreg,1,0.780625
synthetic_pilot,cv5,500,8,logreg,2,0.8300000000000001
synthetic_pilot,cv5,500,8,logreg,3,0.793125
synthetic_pilot,cv5,500,8,logreg,4,0.7949999999999999
synthetic_pilot,cv5,500,8,logreg,5,0.8274999999999999
synthetic_pilot,cv5,500,8,knn,1,0.7181250000000001
synthetic_pilot,cv5,500,8,knn,2,0.73
synthetic_pilot,cv5,500,8,knn,3,0.59375
synthetic_pilot,cv5,500,8,knn,4,0.6803125000000001
synthetic_pilot,cv5,500,8,knn,5,0.7396875
synthetic_pilot,cv5,500,8,dtree,1,0.6165625
synthetic_pilot,cv5,500,8,dtree,2,0.6431250000000001
synthetic_pilot,cv5,500,8,dtree,3,0.69125
synthetic_pilot,cv5,500,8,dtree,4,0.5734375
synthetic_pilot,cv5,500,8,dtree,5,0.5896874999999999
synthetic_pilot,cv5,500,8,svm,1,0.8162499999999999
synthetic_pilot,cv5,500,8,svm,2,0.803125
synthetic_pilot,cv5,500,8,svm,3,0.780625
synthetic_pilot,cv5,500,8,svm,4,0.74
synthetic_pilot,cv5,500,8,svm,5,0.8300000000000001
synthetic_pilot,cv5,500,8,rf,1,0.7859375
synthetic_pilot,cv5,500,8,rf,2,0.775625
synthetic_pilot,cv5,500,8,rf,3,0.7143750000000001
synthetic_pilot,cv5,500,8,rf,4,0.7812500000000001
synthetic_pilot,cv5,500,8,rf,5,0.7678125
synthetic_pilot,cv5,500,8,gb,1,0.806875
synthetic_pilot,cv5,500,8,gb,2,0.769375
synthetic_pilot,cv5,500,8,gb,3,0.75
synthetic_pilot,cv5,500,8,gb,4,0.67625
synthetic_pilot,cv5,500,8,gb,5,0.803125
synthetic_pilot,cv5,500,9,logreg,1,0.806875
synthetic_pilot,cv5,500,9,logreg,2,0.8775
synthetic_pilot,cv5,500,9,logreg,3,0.8025
synthetic_pilot,cv5,500,9,logreg,4,0.7543750000000001
synthetic_pilot,cv5,500,9,logreg,5,0.8225
synthetic_pilot,cv5,500,9,knn,1,0.7728125
synthetic_pilot,cv5,500,9,knn,2,0.7528125000000001
synthetic_pilot,cv5,500,9,knn,3,0.77
synthetic_pilot,cv5,500,9,knn,4,0.6449999999999999
synthetic_pilot,cv5,500,9,knn,5,0.7309375
synthetic_pilot,cv5,500,9,dtree,1,0.6209375
synthetic_pilot,cv5,500,9,dtree,2,0.6959375
synthetic_pilot,cv5,500,9,dtree,3,0.616875
synthetic_pilot,cv5,500,9,dtree,4,0.5146875
synthetic_pilot,cv5,500,9,dtree,5,0.65
synthetic_pilot,cv5,500,9,svm,1,0.836875
synthetic_pilot,cv5,500,9,svm,2,0.8437500000000001
synthetic_pilot,cv5,500,9,svm,3,0.8162500000000001
synthetic_pilot,cv5,500,9,svm,4,0.776875
synthetic_pilot,cv5,500,9,svm,5,0.85625
synthetic_pilot,cv5,500,9,rf,1,0.8075
synthetic_pilot,cv5,500,9,rf,2,0.8071875
synthetic_pilot,cv5,500,9,rf,3,0.7046875
synthetic_pilot,cv5,500,9,rf,4,0.745
synthetic_pilot,cv5,500,9,rf,5,0.81875
synthetic_pilot,cv5,500,9,gb,1,0.7887500000000001
synthetic_pilot,cv5,500,9,gb,2,0.864375
synthetic_pilot,cv5,500,9,gb,3,0.79
synthetic_pilot,cv5,500,9,gb,4,0.6875
synthetic_pilot,cv5,500,9,gb,5,0.81875
synthetic_pilot,cv5,500,10,logreg,1,0.76
synthetic_pilot,cv5,500,10,logreg,2,0.818125
synthetic_pilot,cv5,500,10,logreg,3,0.7525
synthetic_pilot,cv5,500,10,logreg,4,0.7737499999999999
synthetic_pilot,cv5,500,10,logreg,5,0.735625
synthetic_pilot,cv5,500,10,knn,1,0.6031249999999999
synthetic_pilot,cv5,500,10,knn,2,0.6678124999999999
synthetic_pilot,cv5,500,10,knn,3,0.69
synthetic_pilot,cv5,500,10,knn,4,0.635
synthetic_pilot,cv5,500,10,knn,5,0.5615625
synthetic_pilot,cv5,500,10,dtree,1,0.39656250000000004
synthetic_pilot,cv5,500,10,dtree,2,0.7831250000000001
synthetic_pilot,cv5,500,10,dtree,3,0.6068749999999999
synthetic_pilot,cv5,500,10,dtree,4,0.7234375
synthetic_pilot,cv5,500,10,dtree,5,0.58625
synthetic_pilot,cv5,500,10,svm,1,0.734375
synthetic_pilot,cv5,500,10,svm,2,0.844375
synthetic_pilot,cv5,500,10,svm,3,0.71
synthetic_pilot,cv5,500,10,svm,4,0.798125
synthetic_pilot,cv5,500,10,svm,5,0.73
synthetic_pilot,cv5,500,10,rf,1,0.7471874999999999
synthetic_pilot,cv5,500,10,rf,2,0.81875
synthetic_pilot,cv5,500,10,rf,3,0.6528125
synthetic_pilot,cv5,500,10,rf,4,0.8162499999999999
synthetic_pilot,cv5,500,10,rf,5,0.72875
synthetic_pilot,cv5,500,10,gb,1,0.69875
synthetic_pilot,cv5,500,10,gb,2,0.8212499999999999
synthetic_pilot,cv5,500,10,gb,3,0.66
synthetic_pilot,cv5,500,10,gb,4,0.858125
synthetic_pilot,cv5,500,10,gb,5,0.67625
synthetic_pilot,cv5,500,11,logreg,1,0.7393749999999999
synthetic_pilot,cv5,500,11,logreg,2,0.8662500000000001
synthetic_pilot,cv5,500,11,logreg,3,0.765
synthetic_pilot,cv5,500,11,logreg,4,0.7581249999999999
synthetic_pilot,cv5,500,11,logreg,5,0.675625
synthetic_pilot,cv5,500,11,knn,1,0.616875
synthetic_pilot,cv5,500,11,knn,2,0.6659375000000001
synthetic_pilot,cv5,500,11,knn,3,0.6025
synthetic_pilot,cv5,500,11,knn,4,0.6071875
synthetic_pilot,cv5,500,11,knn,5,0.64375
synthetic_pilot,cv5,500,11,dtree,1,0.6224999999999999
synthetic_pilot,cv5,500,11,dtree,2,0.6768749999999999
synthetic_pilot,cv5,500,11,dtree,3,0.6921875000000001
synthetic_pilot,cv5,500,11,dtree,4,0.64625
synthetic_pilot,cv5,500,11,dtree,5,0.69875
synthetic_pilot,cv5,500,11,svm,1,0.7668750000000001
synthetic_pilot,cv5,500,11,svm,2,0.805
synthetic_pilot,cv5,500,11,svm,3,0.69125
synthetic_pilot,cv5,500,11,svm,4,0.740625
synthetic_pilot,cv5,500,11,svm,5,0.7293750000000001
synthetic_pilot,cv5,500,11,rf,1,0.7534375000000001
synthetic_pilot,cv5,500,11,rf,2,0.766875
synthetic_pilot,cv5,500,11,rf,3,0.61625
synthetic_pilot,cv5,500,11,rf,4,0.705
synthetic_pilot,cv5,500,11,rf,5,0.7406250000000001
synthetic_pilot,cv5,500,11,gb,1,0.7375
synthetic_pilot,cv5,500,11,gb,2,0.8
synthetic_pilot,cv5,500,11,gb,3,0.718125
synthetic_pilot,cv5,500,11,gb,4,0.79625
synthetic_pilot,cv5,500,11,gb,5,0.764375
synthetic_pilot,cv5,500,12,logreg,1,0.713125
synthetic_pilot,cv5,500,12,logreg,2,0.7706250000000001
synthetic_pilot,cv5,500,12,logreg,3,0.7587499999999999
synthetic_pilot,cv5,500,12,logreg,4,0.71875
synthetic_pilot,cv5,500,12,logreg,5,0.7156250000000001
synthetic_pilot,cv5,500,12,knn,1,0.6984375
synthetic_pilot,cv5,500,12,knn,2,0.6662500000000001
synthetic_pilot,cv5,500,12,knn,3,0.6859375
synthetic_pilot,cv5,500,12,knn,4,0.6875
synthetic_pilot,cv5,500,12,knn,5,0.5625
synthetic_pilot,cv5,500,12,dtree,1,0.6724999999999999
synthetic_pilot,cv5,500,12,dtree,2,0.5546875000000001
synthetic_pilot,cv5,500,12,dtree,3,0.5740625
synthetic_pilot,cv5,500,12,dtree,4,0.6090625000000001
synthetic_pilot,cv5,500,12,dtree,5,0.5825
synthetic_pilot,cv5,500,12,svm,1,0.72625
synthetic_pilot,cv5,500,12,svm,2,0.8075
synthetic_pilot,cv5,500,12,svm,3,0.695
synthetic_pilot,cv5,500,12,svm,4,0.804375
synthetic_pilot,cv5,500,12,svm,5,0.70125
synthetic_pilot,cv5,500,12,rf,1,0.6909374999999999
synthetic_pilot,cv5,500,12,rf,2,0.7175
synthetic_pilot,cv5,500,12,rf,3,0.8006250000000001
synthetic_pilot,cv5,500,12,rf,4,0.7571875
synthetic_pilot,cv5,500,12,rf,5,0.649375
synthetic_pilot,cv5,500,12,gb,1,0.73875
synthetic_pilot,cv5,500,12,gb,2,0.74875
synthetic_pilot,cv5,500,12,gb,3,0.73
synthetic_pilot,cv5,500,12,gb,4,0.7424999999999999
synthetic_pilot,cv5,500,12,gb,5,0.756875
synthetic_pilot,cv5,500,13,logreg,1,0.8006249999999999
synthetic_pilot,cv5,500,13,logreg,2,0.7825
synthetic_pilot,cv5,500,13,logreg,3,0.7799999999999999
synthetic_pilot,cv5,500,13,logreg,4,0.86
synthetic_pilot,cv5,500,13,logreg,5,0.82125
synthetic_pilot,cv5,500,13,knn,1,0.63125
synthetic_pilot,cv5,500,13,knn,2,0.6446874999999999
synthetic_pilot,cv5,500,13,knn,3,0.7265625
synthetic_pilot,cv5,500,13,knn,4,0.6656249999999999
synthetic_pilot,cv5,500,13,knn,5,0.76
synthetic_pilot,cv5,500,13,dtree,1,0.5996875
synthetic_pilot,cv5,500,13,dtree,2,0.625
synthetic_pilot,cv5,500,13,dtree,3,0.6375
synthetic_pilot,cv5,500,13,dtree,4,0.61875
synthetic_pilot,cv5,500,13,dtree,5,0.7346875
synthetic_pilot,cv5,500,13,svm,1,0.795
synthetic_pilot,cv5,500,13,svm,2,0.7150000000000001
synthetic_pilot,cv5,500,13,svm,3,0.78125
synthetic_pilot,cv5,500,13,svm,4,0.78625
synthetic_pilot,cv5,500,13,svm,5,0.8162499999999999
synthetic_pilot,cv5,500,13,rf,1,0.7753125000000001
synthetic_pilot,cv5,500,13,rf,2,0.755
synthetic_pilot,cv5,500,13,rf,3,0.7815625
synthetic_pilot,cv5,500,13,rf,4,0.6937500000000001
synthetic_pilot,cv5,500,13,rf,5,0.8128124999999999
synthetic_pilot,cv5,500,13,gb,1,0.775625
synthetic_pilot,cv5,500,13,gb,2,0.78
synthetic_pilot,cv5,500,13,gb,3,0.823125
synthetic_pilot,cv5,500,13,gb,4,0.76375
synthetic_pilot,cv5,500,13,gb,5,0.7768750000000001
synthetic_pilot,cv5,500,14,logreg,1,0.7631249999999999
synthetic_pilot,cv5,500,14,logreg,2,0.763125
synthetic_pilot,cv5,500,14,logreg,3,0.76
synthetic_pilot,cv5,500,14,logreg,4,0.889375
synthetic_pilot,cv5,500,14,logreg,5,0.858125
synthetic_pilot,cv5,500,14,knn,1,0.66375
synthetic_pilot,cv5,500,14,knn,2,0.7075
synthetic_pilot,cv5,500,14,knn,3,0.625
synthetic_pilot,cv5,500,14,knn,4,0.6621875
synthetic_pilot,cv5,500,14,knn,5,0.819375
synthetic_pilot,cv5,500,14,dtree,1,0.7103125
synthetic_pilot,cv5,500,14,dtree,2,0.7003125
synthetic_pilot,cv5,500,14,dtree,3,0.6403125000000001
synthetic_pilot,cv5,500,14,dtree,4,0.57
synthetic_pilot,cv5,500,14,dtree,5,0.6615624999999999
synthetic_pilot,cv5,500,14,svm,1,0.78375
synthetic_pilot,cv5,500,14,svm,2,0.7525
synthetic_pilot,cv5,500,14,svm,3,0.763125
synthetic_pilot,cv5,500,14,svm,4,0.806875
synthetic_pilot,cv5,500,14,svm,5,0.896875
synthetic_pilot,cv5,500,14,rf,1,0.7556250000000001
synthetic_pilot,cv5,500,14,rf,2,0.744375
synthetic_pilot,cv5,500,14,rf,3,0.7312499999999998
synthetic_pilot,cv5,500,14,rf,4,0.795625
synthetic_pilot,cv5,500,14,rf,5,0.79625
synthetic_pilot,cv5,500,14,gb,1,0.77625
synthetic_pilot,cv5,500,14,gb,2,0.75
synthetic_pilot,cv5,500,14,gb,3,0.71875
synthetic_pilot,cv5,500,14,gb,4,0.7906249999999999
synthetic_pilot,cv5,500,14,gb,5,0.826875
synthetic_pilot,cv5,500,15,logreg,1,0.81625
synthetic_pilot,cv5,500,15,logreg,2,0.72125
synthetic_pilot,cv5,500,15,logreg,3,0.8093750000000001
synthetic_pilot,cv5,500,15,logreg,4,0.7825000000000001
synthetic_pilot,cv5,500,15,logreg,5,0.745
synthetic_pilot,cv5,500,15,knn,1,0.6259375
synthetic_pilot,cv5,500,15,knn,2,0.643125
synthetic_pilot,cv5,500,15,knn,3,0.6615625
synthetic_pilot,cv5,500,15,knn,4,0.7259375
synthetic_pilot,cv5,500,15,knn,5,0.58375
synthetic_pilot,cv5,500,15,dtree,1,0.6587500000000001
synthetic_pilot,cv5,500,15,dtree,2,0.666875
synthetic_pilot,cv5,500,15,dtree,3,0.6928124999999999
synthetic_pilot,cv5,500,15,dtree,4,0.641875
synthetic_pilot,cv5,500,15,dtree,5,0.578125
synthetic_pilot,cv5,500,15,svm,1,0.706875
synthetic_pilot,cv5,500,15,svm,2,0.828125
synthetic_pilot,cv5,500,15,svm,3,0.774375
synthetic_pilot,cv5,500,15,svm,4,0.7737499999999999
synthetic_pilot,cv5,500,15,svm,5,0.69
synthetic_pilot,cv5,500,15,rf,1,0.619375
synthetic_pilot,cv5,500,15,rf,2,0.71875
synthetic_pilot,cv5,500,15,rf,3,0.7375
synthetic_pilot,cv5,500,15,rf,4,0.71375
synthetic_pilot,cv5,500,15,rf,5,0.649375
synthetic_pilot,cv5,500,15,gb,1,0.73
synthetic_pilot,cv5,500,15,gb,2,0.76
synthetic_pilot,cv5,500,15,gb,3,0.7181249999999999
synthetic_pilot,cv5,500,15,gb,4,0.6893750000000001
synthetic_pilot,cv5,500,15,gb,5,0.701875
synthetic_pilot,cv5,500,16,logreg,1,0.804375
synthetic_pilot,cv5,500,16,logreg,2,0.7537499999999999
synthetic_pilot,cv5,500,16,logreg,3,0.73625
synthetic_pilot,cv5,500,16,logreg,4,0.838125
synthetic_pilot,cv5,500,16,logreg,5,0.761875
synthetic_pilot,cv5,500,16,knn,1,0.7325
synthetic_pilot,cv5,500,16,knn,2,0.714375
synthetic_pilot,cv5,500,16,knn,3,0.6234375000000001
synthetic_pilot,cv5,500,16,knn,4,0.69
synthetic_pilot,cv5,500,16,knn,5,0.550625
synthetic_pilot,cv5,500,16,dtree,1,0.7025
synthetic_pilot,cv5,500,16,dtree,2,0.5746875
synthetic_pilot,cv5,500,16,dtree,3,0.58875
synthetic_pilot,cv5,500,16,dtree,4,0.7056250000000001
synthetic_pilot,cv5,500,16,dtree,5,0.664375
synthetic_pilot,cv5,500,16,svm,1,0.84125
synthetic_pilot,cv5,500,16,svm,2,0.845625
synthetic_pilot,cv5,500,16,svm,3,0.683125
synthetic_pilot,cv5,500,16,svm,4,0.8418750000000002
synthetic_pilot,cv5,500,16,svm,5,0.753125
synthetic_pilot,cv5,500,16,rf,1,0.8084375
synthetic_pilot,cv5,500,16,rf,2,0.8278125000000002
synthetic_pilot,cv5,500,16,rf,3,0.6196875000000001
synthetic_pilot,cv5,500,16,rf,4,0.8300000000000001
synthetic_pilot,cv5,500,16,rf,5,0.7553124999999999
synthetic_pilot,cv5,500,16,gb,1,0.785
synthetic_pilot,cv5,500,16,gb,2,0.8624999999999999
synthetic_pilot,cv5,500,16,gb,3,0.694375
synthetic_pilot,cv5,500,16,gb,4,0.84875
synthetic_pilot,cv5,500,16,gb,5,0.765625
synthetic_pilot,cv5,500,17,logreg,1,0.7775
synthetic_pilot,cv5,500,17,logreg,2,0.7731250000000001
synthetic_pilot,cv5,500,17,logreg,3,0.691875
synthetic_pilot,cv5,500,17,logreg,4,0.715
synthetic_pilot,cv5,500,17,logreg,5,0.833125
synthetic_pilot,cv5,500,17,knn,1,0.72125
synthetic_pilot,cv5,500,17,knn,2,0.6475
synthetic_pilot,cv5,500,17,knn,3,0.6796875
synthetic_pilot,cv5,500,17,knn,4,0.5959375
synthetic_pilot,cv5,500,17,knn,5,0.7246875
synthetic_pilot,cv5,500,17,dtree,1,0.7825
synthetic_pilot,cv5,500,17,dtree,2,0.6303124999999999
synthetic_pilot,cv5,500,17,dtree,3,0.6737500000000001
synthetic_pilot,cv5,500,17,dtree,4,0.6446875000000001
synthetic_pilot,cv5,500,17,dtree,5,0.6659375000000001
synthetic_pilot,cv5,500,17,svm,1,0.786875
synthetic_pilot,cv5,500,17,svm,2,0.833125
synthetic_pilot,cv5,500,17,svm,3,0.720625
synthetic_pilot,cv5,500,17,svm,4,0.6224999999999999
synthetic_pilot,cv5,500,17,svm,5,0.78125
synthetic_pilot,cv5,500,17,rf,1,0.786875
synthetic_pilot,cv5,500,17,rf,2,0.8128125
synthetic_pilot,cv5,500,17,rf,3,0.7050000000000001
synthetic_pilot,cv5,500,17,rf,4,0.6209374999999999
synthetic_pilot,cv5,500,17,rf,5,0.839375
synthetic_pilot,cv5,500,17,gb,1,0.821875
synthetic_pilot,cv5,500,17,gb,2,0.8400000000000001
synthetic_pilot,cv5,500,17,gb,3,0.681875
synthetic_pilot,cv5,500,17,gb,4,0.728125
synthetic_pilot,cv5,500,17,gb,5,0.8049999999999999
synthetic_pilot,cv5,500,18,logreg,1,0.7250000000000001
synthetic_pilot,cv5,500,18,logreg,2,0.8162499999999999
synthetic_pilot,cv5,500,18,logreg,3,0.735625
synthetic_pilot,cv5,500,18,logreg,4,0.76125
synthetic_pilot,cv5,500,18,logreg,5,0.8068749999999999
synthetic_pilot,cv5,500,18,knn,1,0.705
synthetic_pilot,cv5,500,18,knn,2,0.7725
synthetic_pilot,cv5,500,18,knn,3,0.725
synthetic_pilot,cv5,500,18,knn,4,0.8021874999999999
synthetic_pilot,cv5,500,18,knn,5,0.7296875
synthetic_pilot,cv5,500,18,dtree,1,0.7649999999999999
synthetic_pilot,cv5,500,18,dtree,2,0.716875
synthetic_pilot,cv5,500,18,dtree,3,0.655625
synthetic_pilot,cv5,500,18,dtree,4,0.698125
synthetic_pilot,cv5,500,18,dtree,5,0.7496875000000001
synthetic_pilot,cv5,500,18,svm,1,0.800625
synthetic_pilot,cv5,500,18,svm,2,0.79875
synthetic_pilot,cv5,500,18,svm,3,0.759375
synthetic_pilot,cv5,500,18,svm,4,0.84625
synthetic_pilot,cv5,500,18,svm,5,0.8243750000000001
synthetic_pilot,cv5,500,18,rf,1,0.8034375
synthetic_pilot,cv5,500,18,rf,2,0.73
synthetic_pilot,cv5,500,18,rf,3,0.6846875
synthetic_pilot,cv5,500,18,rf,4,0.7946875
synthetic_pilot,cv5,500,18,rf,5,0.7946875
synthetic_pilot,cv5,500,18,gb,1,0.7975
synthetic_pilot,cv5,500,18,gb,2,0.83
synthetic_pilot,cv5,500,18,gb,3,0.716875
synthetic_pilot,cv5,500,18,gb,4,0.809375
synthetic_pilot,cv5,500,18,gb,5,0.82
synthetic_pilot,cv5,500,19,logreg,1,0.8825
synthetic_pilot,cv5,500,19,logreg,2,0.7543749999999999
synthetic_pilot,cv5,500,19,logreg,3,0.764375
synthetic_pilot,cv5,500,19,logreg,4,0.753125
synthetic_pilot,cv5,500,19,logreg,5,0.6975
synthetic_pilot,cv5,500,19,knn,1,0.8428124999999999
synthetic_pilot,cv5,500,19,knn,2,0.629375
synthetic_pilot,cv5,500,19,knn,3,0.7421875
synthetic_pilot,cv5,500,19,knn,4,0.7709374999999999
synthetic_pilot,cv5,500,19,knn,5,0.73625
synthetic_pilot,cv5,500,19,dtree,1,0.78625
synthetic_pilot,cv5,500,19,dtree,2,0.6021875
synthetic_pilot,cv5,500,19,dtree,3,0.5937499999999999
synthetic_pilot,cv5,500,19,dtree,4,0.5887500000000001
synthetic_pilot,cv5,500,19,dtree,5,0.60375
synthetic_pilot,cv5,500,19,svm,1,0.90875
synthetic_pilot,cv5,500,19,svm,2,0.785
synthetic_pilot,cv5,500,19,svm,3,0.83125
synthetic_pilot,cv5,500,19,svm,4,0.826875
synthetic_pilot,cv5,500,19,svm,5,0.755
synthetic_pilot,cv5,500,19,rf,1,0.869375
synthetic_pilot,cv5,500,19,rf,2,0.7178125000000001
synthetic_pilot,cv5,500,19,rf,3,0.7978124999999999
synthetic_pilot,cv5,500,19,rf,4,0.8181249999999999
synthetic_pilot,cv5,500,19,rf,5,0.7150000000000001
synthetic_pilot,cv5,500,19,gb,1,0.895
synthetic_pilot,cv5,500,19,gb,2,0.7168749999999999
synthetic_pilot,cv5,500,19,gb,3,0.78625
synthetic_pilot,cv5,500,19,gb,4,0.796875
synthetic_pilot,cv5,500,19,gb,5,0.75625
synthetic_pilot,cv5,500,20,logreg,1,0.715625
synthetic_pilot,cv5,500,20,logreg,2,0.87
synthetic_pilot,cv5,500,20,logreg,3,0.7512500000000001
synthetic_pilot,cv5,500,20,logreg,4,0.7925
synthetic_pilot,cv5,500,20,logreg,5,0.813125
synthetic_pilot,cv5,500,20,knn,1,0.6890624999999999
synthetic_pilot,cv5,500,20,knn,2,0.80125
synthetic_pilot,cv5,500,20,knn,3,0.635
synthetic_pilot,cv5,500,20,knn,4,0.77
synthetic_pilot,cv5,500,20,knn,5,0.7671875
synthetic_pilot,cv5,500,20,dtree,1,0.69
synthetic_pilot,cv5,500,20,dtree,2,0.6718750000000001
synthetic_pilot,cv5,500,20,dtree,3,0.5678125
synthetic_pilot,cv5,500,20,dtree,4,0.6356250000000001
synthetic_pilot,cv5,500,20,dtree,5,0.678125
synthetic_pilot,cv5,500,20,svm,1,0.7962499999999999
synthetic_pilot,cv5,500,20,svm,2,0.905
synthetic_pilot,cv5,500,20,svm,3,0.730625
synthetic_pilot,cv5,500,20,svm,4,0.8700000000000001
synthetic_pilot,cv5,500,20,svm,5,0.84
synthetic_pilot,cv5,500,20,rf,1,0.69375
synthetic_pilot,cv5,500,20,rf,2,0.9140624999999999
synthetic_pilot,cv5,500,20,rf,3,0.7475
synthetic_pilot,cv5,500,20,rf,4,0.8099999999999999
synthetic_pilot,cv5,500,20,rf,5,0.7975
synthetic_pilot,cv5,500,20,gb,1,0.713125
synthetic_pilot,cv5,500,20,gb,2,0.885625
synthetic_pilot,cv5,500,20,gb,3,0.736875
synthetic_pilot,cv5,500,20,gb,4,0.76125
synthetic_pilot,cv5,500,20,gb,5,0.79125
synthetic_pilot,cv5,500,21,logreg,1,0.7462500000000001
synthetic_pilot,cv5,500,21,logreg,2,0.725625
synthetic_pilot,cv5,500,21,logreg,3,0.768125
synthetic_pilot,cv5,500,21,logreg,4,0.828125
synthetic_pilot,cv5,500,21,logreg,5,0.675625
synthetic_pilot,cv5,500,21,knn,1,0.695
synthetic_pilot,cv5,500,21,knn,2,0.735625
synthetic_pilot,cv5,500,21,knn,3,0.8415625
synthetic_pilot,cv5,500,21,knn,4,0.68875
synthetic_pilot,cv5,500,21,knn,5,0.6649999999999999
synthetic_pilot,cv5,500,21,dtree,1,0.6556250000000001
synthetic_pilot,cv5,500,21,dtree,2,0.54125
synthetic_pilot,cv5,500,21,dtree,3,0.7228125
synthetic_pilot,cv5,500,21,dtree,4,0.594375
synthetic_pilot,cv5,500,21,dtree,5,0.46499999999999997
synthetic_pilot,cv5,500,21,svm,1,0.775625
synthetic_pilot,cv5,500,21,svm,2,0.679375
synthetic_pilot,cv5,500,21,svm,3,0.825625
synthetic_pilot,cv5,500,21,svm,4,0.860625
synthetic_pilot,cv5,500,21,svm,5,0.731875
synthetic_pilot,cv5,500,21,rf,1,0.683125
synthetic_pilot,cv5,500,21,rf,2,0.663125
synthetic_pilot,cv5,500,21,rf,3,0.836875
synthetic_pilot,cv5,500,21,rf,4,0.7434375
synthetic_pilot,cv5,500,21,rf,5,0.6171875
synthetic_pilot,cv5,500,21,gb,1,0.718125
synthetic_pilot,cv5,500,21,gb,2,0.6287500000000001
synthetic_pilot,cv5,500,21,gb,3,0.8375
synthetic_pilot,cv5,500,21,gb,4,0.723125
synthetic_pilot,cv5,500,21,gb,5,0.6543749999999999
synthetic_pilot,cv5,500,22,logreg,1,0.723125
synthetic_pilot,cv5,500,22,logreg,2,0.78
synthetic_pilot,cv5,500,22,logreg,3,0.901875
synthetic_pilot,cv5,500,22,logreg,4,0.8712500000000001
synthetic_pilot,cv5,500,22,logreg,5,0.7625
synthetic_pilot,cv5,500,22,knn,1,0.7228125000000001
synthetic_pilot,cv5,500,22,knn,2,0.6278125
synthetic_pilot,cv5,500,22,knn,3,0.770625
synthetic_pilot,cv5,500,22,knn,4,0.8225
synthetic_pilot,cv5,500,22,knn,5,0.7375
synthetic_pilot,cv5,500,22,dtree,1,0.63375
synthetic_pilot,cv5,500,22,dtree,2,0.49156249999999996
synthetic_pilot,cv5,500,22,dtree,3,0.7090624999999999
synthetic_pilot,cv5,500,22,dtree,4,0.6553125
synthetic_pilot,cv5,500,22,dtree,5,0.5675
synthetic_pilot,cv5,500,22,svm,1,0.678125
synthetic_pilot,cv5,500,22,svm,2,0.74625
synthetic_pilot,cv5,500,22,svm,3,0.8724999999999999
synthetic_pilot,cv5,500,22,svm,4,0.843125
synthetic_pilot,cv5,500,22,svm,5,0.72625
synthetic_pilot,cv5,500,22,rf,1,0.6728125
synthetic_pilot,cv5,500,22,rf,2,0.6871875
synthetic_pilot,cv5,500,22,rf,3,0.900625
synthetic_pilot,cv5,500,22,rf,4,0.8134375
synthetic_pilot,cv5,500,22,rf,5,0.6834374999999999
synthetic_pilot,cv5,500,22,gb,1,0.664375
synthetic_pilot,cv5,500,22,gb,2,0.7093750000000001
synthetic_pilot,cv5,500,22,gb,3,0.9187500000000001
synthetic_pilot,cv5,500,22,gb,4,0.8462500000000001
synthetic_pilot,cv5,500,22,gb,5,0.6843750000000001
synthetic_pilot,cv5,500,23,logreg,1,0.81
synthetic_pilot,cv5,500,23,logreg,2,0.83
synthetic_pilot,cv5,500,23,logreg,3,0.721875
synthetic_pilot,cv5,500,23,logreg,4,0.8250000000000001
synthetic_pilot,cv5,500,23,logreg,5,0.7693750000000001
synthetic_pilot,cv5,500,23,knn,1,0.7246875
synthetic_pilot,cv5,500,23,knn,2,0.8096875
synthetic_pilot,cv5,500,23,knn,3,0.6575
synthetic_pilot,cv5,500,23,knn,4,0.7765625
synthetic_pilot,cv5,500,23,knn,5,0.7596875
synthetic_pilot,cv5,500,23,dtree,1,0.6165625
synthetic_pilot,cv5,500,23,dtree,2,0.6390624999999999
synthetic_pilot,cv5,500,23,dtree,3,0.723125
synthetic_pilot,cv5,500,23,dtree,4,0.48125000000000007
synthetic_pilot,cv5,500,23,dtree,5,0.5384374999999999
synthetic_pilot,cv5,500,23,svm,1,0.87125
synthetic_pilot,cv5,500,23,svm,2,0.8875
synthetic_pilot,cv5,500,23,svm,3,0.7893749999999999
synthetic_pilot,cv5,500,23,svm,4,0.849375
synthetic_pilot,cv5,500,23,svm,5,0.915
synthetic_pilot,cv5,500,23,rf,1,0.8221875
synthetic_pilot,cv5,500,23,rf,2,0.8559375
synthetic_pilot,cv5,500,23,rf,3,0.74
synthetic_pilot,cv5,500,23,rf,4,0.7999999999999999
synthetic_pilot,cv5,500,23,rf,5,0.856875
synthetic_pilot,cv5,500,23,gb,1,0.8225
synthetic_pilot,cv5,500,23,gb,2,0.8074999999999999
synthetic_pilot,cv5,500,23,gb,3,0.770625
synthetic_pilot,cv5,500,23,gb,4,0.8056249999999999
synthetic_pilot,cv5,500,23,gb,5,0.8312499999999999
synthetic_pilot,cv5,500,24,logreg,1,0.895625
synthetic_pilot,cv5,500,24,logreg,2,0.8125
synthetic_pilot,cv5,500,24,logreg,3,0.8681249999999999
synthetic_pilot,cv5,500,24,logreg,4,0.8337499999999999
synthetic_pilot,cv5,500,24,logreg,5,0.82375
synthetic_pilot,cv5,500,24,knn,1,0.774375
synthetic_pilot,cv5,500,24,knn,2,0.7225
synthetic_pilot,cv5,500,24,knn,3,0.7971874999999999
synthetic_pilot,cv5,500,24,knn,4,0.80125
synthetic_pilot,cv5,500,24,knn,5,0.739375
synthetic_pilot,cv5,500,24,dtree,1,0.763125
synthetic_pilot,cv5,500,24,dtree,2,0.5987500000000001
synthetic_pilot,cv5,500,24,dtree,3,0.6296875
synthetic_pilot,cv5,500,24,dtree,4,0.7153125
synthetic_pilot,cv5,500,24,dtree,5,0.66125
synthetic_pilot,cv5,500,24,svm,1,0.88
synthetic_pilot,cv5,500,24,svm,2,0.8184375
synthetic_pilot,cv5,500,24,svm,3,0.8543750000000001
synthetic_pilot,cv5,500,24,svm,4,0.86375
synthetic_pilot,cv5,500,24,svm,5,0.849375
synthetic_pilot,cv5,500,24,rf,1,0.8325
synthetic_pilot,cv5,500,24,rf,2,0.8143750000000001
synthetic_pilot,cv5,500,24,rf,3,0.8046874999999999
synthetic_pilot,cv5,500,24,rf,4,0.86125
synthetic_pilot,cv5,500,24,rf,5,0.8278125000000001
synthetic_pilot,cv5,500,24,gb,1,0.87625
synthetic_pilot,cv5,500,24,gb,2,0.835
synthetic_pilot,cv5,500,24,gb,3,0.766875
synthetic_pilot,cv5,500,24,gb,4,0.8631249999999999
synthetic_pilot,cv5,500,24,gb,5,0.84125
synthetic_pilot,cv5,500,25,logreg,1,0.8074999999999999
synthetic_pilot,cv5,500,25,logreg,2,0.723125
synthetic_pilot,cv5,500,25,logreg,3,0.76
synthetic_pilot,cv5,500,25,logreg,4,0.8975000000000001
synthetic_pilot,cv5,500,25,logreg,5,0.816875
synthetic_pilot,cv5,500,25,knn,1,0.7390625000000001
synthetic_pilot,cv5,500,25,knn,2,0.7034374999999999
synthetic_pilot,cv5,500,25,knn,3,0.5850000000000001
synthetic_pilot,cv5,500,25,knn,4,0.78375
synthetic_pilot,cv5,500,25,knn,5,0.6921875
synthetic_pilot,cv5,500,25,dtree,1,0.7890625000000001
synthetic_pilot,cv5,500,25,dtree,2,0.6459374999999999
synthetic_pilot,cv5,500,25,dtree,3,0.6987500000000001
synthetic_pilot,cv5,500,25,dtree,4,0.7653125000000001
synthetic_pilot,cv5,500,25,dtree,5,0.5559375
synthetic_pilot,cv5,500,25,svm,1,0.8243750000000001
synthetic_pilot,cv5,500,25,svm,2,0.746875
synthetic_pilot,cv5,500,25,svm,3,0.8049999999999999
synthetic_pilot,cv5,500,25,svm,4,0.891875
synthetic_pilot,cv5,500,25,svm,5,0.789375
synthetic_pilot,cv5,500,25,rf,1,0.8025
synthetic_pilot,cv5,500,25,rf,2,0.6775
synthetic_pilot,cv5,500,25,rf,3,0.8046875
synthetic_pilot,cv5,500,25,rf,4,0.8621874999999999
synthetic_pilot,cv5,500,25,rf,5,0.78375
synthetic_pilot,cv5,500,25,gb,1,0.781875
synthetic_pilot,cv5,500,25,gb,2,0.766875
synthetic_pilot,cv5,500,25,gb,3,0.7843749999999999
synthetic_pilot,cv5,500,25,gb,4,0.834375
synthetic_pilot,cv5,500,25,gb,5,0.7631249999999999
synthetic_pilot,cv5,500,26,logreg,1,0.6968749999999999
synthetic_pilot,cv5,500,26,logreg,2,0.718125
synthetic_pilot,cv5,500,26,logreg,3,0.7987500000000001
synthetic_pilot,cv5,500,26,logreg,4,0.689375
synthetic_pilot,cv5,500,26,logreg,5,0.895
synthetic_pilot,cv5,500,26,knn,1,0.7228125
synthetic_pilot,cv5,500,26,knn,2,0.6484375
synthetic_pilot,cv5,500,26,knn,3,0.7784375
synthetic_pilot,cv5,500,26,knn,4,0.6784375
synthetic_pilot,cv5,500,26,knn,5,0.785625
synthetic_pilot,cv5,500,26,dtree,1,0.5503124999999999
synthetic_pilot,cv5,500,26,dtree,2,0.49406250000000007
synthetic_pilot,cv5,500,26,dtree,3,0.7875
synthetic_pilot,cv5,500,26,dtree,4,0.6834375
synthetic_pilot,cv5,500,26,dtree,5,0.7078125
synthetic_pilot,cv5,500,26,svm,1,0.7225
synthetic_pilot,cv5,500,26,svm,2,0.6906249999999999
synthetic_pilot,cv5,500,26,svm,3,0.84375
synthetic_pilot,cv5,500,26,svm,4,0.759375
synthetic_pilot,cv5,500,26,svm,5,0.879375
synthetic_pilot,cv5,500,26,rf,1,0.69375
synthetic_pilot,cv5,500,26,rf,2,0.7296875
synthetic_pilot,cv5,500,26,rf,3,0.8175
synthetic_pilot,cv5,500,26,rf,4,0.7324999999999999
synthetic_pilot,cv5,500,26,rf,5,0.845
synthetic_pilot,cv5,500,26,gb,1,0.7262500000000001
synthetic_pilot,cv5,500,26,gb,2,0.71625
synthetic_pilot,cv5,500,26,gb,3,0.8375
synthetic_pilot,cv5,500,26,gb,4,0.7425
synthetic_pilot,cv5,500,26,gb,5,0.848125
synthetic_pilot,cv5,500,27,logreg,1,0.7749999999999999
synthetic_pilot,cv5,500,27,logreg,2,0.775625
synthetic_pilot,cv5,500,27,logreg,3,0.750625
synthetic_pilot,cv5,500,27,logreg,4,0.78
synthetic_pilot,cv5,500,27,logreg,5,0.674375
synthetic_pilot,cv5,500,27,knn,1,0.734375
synthetic_pilot,cv5,500,27,knn,2,0.6384375
synthetic_pilot,cv5,500,27,knn,3,0.628125
synthetic_pilot,cv5,500,27,knn,4,0.7803125
synthetic_pilot,cv5,500,27,knn,5,0.7531249999999999
synthetic_pilot,cv5,500,27,dtree,1,0.6925000000000001
synthetic_pilot,cv5,500,27,dtree,2,0.64125
synthetic_pilot,cv5,500,27,dtree,3,0.7034375
synthetic_pilot,cv5,500,27,dtree,4,0.6634374999999999
synthetic_pilot,cv5,500,27,dtree,5,0.5246875
synthetic_pilot,cv5,500,27,svm,1,0.7487499999999999
synthetic_pilot,cv5,500,27,svm,2,0.8118750000000001
synthetic_pilot,cv5,500,27,svm,3,0.7331249999999999
synthetic_pilot,cv5,500,27,svm,4,0.8325
synthetic_pilot,cv5,500,27,svm,5,0.7787499999999999
synthetic_pilot,cv5,500,27,rf,1,0.758125
synthetic_pilot,cv5,500,27,rf,2,0.7150000000000001
synthetic_pilot,cv5,500,27,rf,3,0.7293749999999999
synthetic_pilot,cv5,500,27,rf,4,0.811875
synthetic_pilot,cv5,500,27,rf,5,0.6709375000000001
synthetic_pilot,cv5,500,27,gb,1,0.7987500000000001
synthetic_pilot,cv5,500,27,gb,2,0.79
synthetic_pilot,cv5,500,27,gb,3,0.6799999999999999
synthetic_pilot,cv5,500,27,gb,4,0.840625
synthetic_pilot,cv5,500,27,gb,5,0.68
synthetic_pilot,cv5,500,28,logreg,1,0.7793749999999999
synthetic_pilot,cv5,500,28,logreg,2,0.76
synthetic_pilot,cv5,500,28,logreg,3,0.838125
synthetic_pilot,cv5,500,28,logreg,4,0.8674999999999999
synthetic_pilot,cv5,500,28,logreg,5,0.71625
synthetic_pilot,cv5,500,28,knn,1,0.67125
synthetic_pilot,cv5,500,28,knn,2,0.6675
synthetic_pilot,cv5,500,28,knn,3,0.7150000000000001
synthetic_pilot,cv5,500,28,knn,4,0.714375
synthetic_pilot,cv5,500,28,knn,5,0.71125
synthetic_pilot,cv5,500,28,dtree,1,0.6156250000000001
synthetic_pilot,cv5,500,28,dtree,2,0.578125
synthetic_pilot,cv5,500,28,dtree,3,0.614375
synthetic_pilot,cv5,500,28,dtree,4,0.7249999999999999
synthetic_pilot,cv5,500,28,dtree,5,0.6546875
synthetic_pilot,cv5,500,28,svm,1,0.815625
synthetic_pilot,cv5,500,28,svm,2,0.8175
synthetic_pilot,cv5,500,28,svm,3,0.883125
synthetic_pilot,cv5,500,28,svm,4,0.8831249999999999
synthetic_pilot,cv5,500,28,svm,5,0.799375
synthetic_pilot,cv5,500,28,rf,1,0.7721875
synthetic_pilot,cv5,500,28,rf,2,0.7437499999999999
synthetic_pilot,cv5,500,28,rf,3,0.8184375
synthetic_pilot,cv5,500,28,rf,4,0.8296875000000001
synthetic_pilot,cv5,500,28,rf,5,0.7915625000000001
synthetic_pilot,cv5,500,28,gb,1,0.809375
synthetic_pilot,cv5,500,28,gb,2,0.77625
synthetic_pilot,cv5,500,28,gb,3,0.8775000000000001
synthetic_pilot,cv5,500,28,gb,4,0.864375
synthetic_pilot,cv5,500,28,gb,5,0.776875
synthetic_pilot,cv5,500,29,logreg,1,0.845625
synthetic_pilot,cv5,500,29,logreg,2,0.835
synthetic_pilot,cv5,500,29,logreg,3,0.741875
synthetic_pilot,cv5,500,29,logreg,4,0.6962499999999999
synthetic_pilot,cv5,500,29,logreg,5,0.755625
synthetic_pilot,cv5,500,29,knn,1,0.7084375
synthetic_pilot,cv5,500,29,knn,2,0.735625
synthetic_pilot,cv5,500,29,knn,3,0.678125
synthetic_pilot,cv5,500,29,knn,4,0.594375
synthetic_pilot,cv5,500,29,knn,5,0.68875
synthetic_pilot,cv5,500,29,dtree,1,0.5471875
synthetic_pilot,cv5,500,29,dtree,2,0.6978125
synthetic_pilot,cv5,500,29,dtree,3,0.6375
synthetic_pilot,cv5,500,29,dtree,4,0.6753125000000001
synthetic_pilot,cv5,500,29,dtree,5,0.665
synthetic_pilot,cv5,500,29,svm,1,0.8218749999999999
synthetic_pilot,cv5,500,29,svm,2,0.7918749999999999
synthetic_pilot,cv5,500,29,svm,3,0.728125
synthetic_pilot,cv5,500,29,svm,4,0.72375
synthetic_pilot,cv5,500,29,svm,5,0.7312500000000001
synthetic_pilot,cv5,500,29,rf,1,0.803125
synthetic_pilot,cv5,500,29,rf,2,0.79125
synthetic_pilot,cv5,500,29,rf,3,0.7509375
synthetic_pilot,cv5,500,29,rf,4,0.6415624999999999
synthetic_pilot,cv5,500,29,rf,5,0.6590625000000001
synthetic_pilot,cv5,500,29,gb,1,0.79875
synthetic_pilot,cv5,500,29,gb,2,0.8362499999999999
synthetic_pilot,cv5,500,29,gb,3,0.743125
synthetic_pilot,cv5,500,29,gb,4,0.650625
synthetic_pilot,cv5,500,29,gb,5,0.69625
synthetic_pilot,cv5,500,30,logreg,1,0.775625
synthetic_pilot,cv5,500,30,logreg,2,0.844375
synthetic_pilot,cv5,500,30,logreg,3,0.688125
synthetic_pilot,cv5,500,30,logreg,4,0.8825
synthetic_pilot,cv5,500,30,logreg,5,0.703125
synthetic_pilot,cv5,500,30,knn,1,0.691875
synthetic_pilot,cv5,500,30,knn,2,0.7134375
synthetic_pilot,cv5,500,30,knn,3,0.58375
synthetic_pilot,cv5,500,30,knn,4,0.8187499999999999
synthetic_pilot,cv5,500,30,knn,5,0.669375
synthetic_pilot,cv5,500,30,dtree,1,0.5409375
synthetic_pilot,cv5,500,30,dtree,2,0.744375
synthetic_pilot,cv5,500,30,dtree,3,0.6221875
synthetic_pilot,cv5,500,30,dtree,4,0.7040624999999999
synthetic_pilot,cv5,500,30,dtree,5,0.6009375
synthetic_pilot,cv5,500,30,svm,1,0.795625
synthetic_pilot,cv5,500,30,svm,2,0.848125
synthetic_pilot,cv5,500,30,svm,3,0.6006250000000001
synthetic_pilot,cv5,500,30,svm,4,0.90125
synthetic_pilot,cv5,500,30,svm,5,0.695
synthetic_pilot,cv5,500,30,rf,1,0.7512500000000001
synthetic_pilot,cv5,500,30,rf,2,0.8403125
synthetic_pilot,cv5,500,30,rf,3,0.6775
synthetic_pilot,cv5,500,30,rf,4,0.9034375
synthetic_pilot,cv5,500,30,rf,5,0.6596875
synthetic_pilot,cv5,500,30,gb,1,0.7412500000000001
synthetic_pilot,cv5,500,30,gb,2,0.82875
synthetic_pilot,cv5,500,30,gb,3,0.694375
synthetic_pilot,cv5,500,30,gb,4,0.826875
synthetic_pilot,cv5,500,30,gb,5,0.645
synthetic_pilot,cv5,500,31,logreg,1,0.653125
synthetic_pilot,cv5,500,31,logreg,2,0.816875
synthetic_pilot,cv5,500,31,logreg,3,0.885
synthetic_pilot,cv5,500,31,logreg,4,0.891875
synthetic_pilot,cv5,500,31,logreg,5,0.801875
synthetic_pilot,cv5,500,31,knn,1,0.5953124999999999
synthetic_pilot,cv5,500,31,knn,2,0.7078125
synthetic_pilot,cv5,500,31,knn,3,0.7634375
synthetic_pilot,cv5,500,31,knn,4,0.7875000000000001
synthetic_pilot,cv5,500,31,knn,5,0.8165625
synthetic_pilot,cv5,500,31,dtree,1,0.6590625
synthetic_pilot,cv5,500,31,dtree,2,0.6553124999999999
synthetic_pilot,cv5,500,31,dtree,3,0.6615625
synthetic_pilot,cv5,500,31,dtree,4,0.701875
synthetic_pilot,cv5,500,31,dtree,5,0.62125
synthetic_pilot,cv5,500,31,svm,1,0.7053125
synthetic_pilot,cv5,500,31,svm,2,0.80875
synthetic_pilot,cv5,500,31,svm,3,0.9450000000000001
synthetic_pilot,cv5,500,31,svm,4,0.850625
synthetic_pilot,cv5,500,31,svm,5,0.7943749999999999
synthetic_pilot,cv5,500,31,rf,1,0.6778125
synthetic_pilot,cv5,500,31,rf,2,0.7687499999999999
synthetic_pilot,cv5,500,31,rf,3,0.87125
synthetic_pilot,cv5,500,31,rf,4,0.8790625
synthetic_pilot,cv5,500,31,rf,5,0.8006249999999999
synthetic_pilot,cv5,500,31,gb,1,0.661875
synthetic_pilot,cv5,500,31,gb,2,0.7831250000000001
synthetic_pilot,cv5,500,31,gb,3,0.81375
synthetic_pilot,cv5,500,31,gb,4,0.855
synthetic_pilot,cv5,500,31,gb,5,0.786875
synthetic_pilot,cv5,500,32,logreg,1,0.78
synthetic_pilot,cv5,500,32,logreg,2,0.8056249999999999
synthetic_pilot,cv5,500,32,logreg,3,0.69375
synthetic_pilot,cv5,500,32,logreg,4,0.8600000000000001
synthetic_pilot,cv5,500,32,logreg,5,0.7925
synthetic_pilot,cv5,500,32,knn,1,0.7709375
synthetic_pilot,cv5,500,32,knn,2,0.788125
synthetic_pilot,cv5,500,32,knn,3,0.5871875
synthetic_pilot,cv5,500,32,knn,4,0.76
synthetic_pilot,cv5,500,32,knn,5,0.5921874999999999
synthetic_pilot,cv5,500,32,dtree,1,0.705
synthetic_pilot,cv5,500,32,dtree,2,0.6040625
synthetic_pilot,cv5,500,32,dtree,3,0.578125
synthetic_pilot,cv5,500,32,dtree,4,0.6078124999999999
synthetic_pilot,cv5,500,32,dtree,5,0.7518749999999998
synthetic_pilot,cv5,500,32,svm,1,0.7975
synthetic_pilot,cv5,500,32,svm,2,0.819375
synthetic_pilot,cv5,500,32,svm,3,0.71375
synthetic_pilot,cv5,500,32,svm,4,0.8812500000000001
synthetic_pilot,cv5,500,32,svm,5,0.786875
synthetic_pilot,cv5,500,32,rf,1,0.7640625
synthetic_pilot,cv5,500,32,rf,2,0.7903125
synthetic_pilot,cv5,500,32,rf,3,0.6990625
synthetic_pilot,cv5,500,32,rf,4,0.88
synthetic_pilot,cv5,500,32,rf,5,0.7728124999999999
synthetic_pilot,cv5,500,32,gb,1,0.695625
synthetic_pilot,cv5,500,32,gb,2,0.7481249999999999
synthetic_pilot,cv5,500,32,gb,3,0.596875
synthetic_pilot,cv5,500,32,gb,4,0.8381249999999999
synthetic_pilot,cv5,500,32,gb,5,0.71625
synthetic_pilot,cv5,500,33,logreg,1,0.84875
synthetic_pilot,cv5,500,33,logreg,2,0.82625
synthetic_pilot,cv5,500,33,logreg,3,0.7525000000000002
synthetic_pilot,cv5,500,33,logreg,4,0.6325000000000001
synthetic_pilot,cv5,500,33,logreg,5,0.801875
synthetic_pilot,cv5,500,33,knn,1,0.6543749999999999
synthetic_pilot,cv5,500,33,knn,2,0.5800000000000001
synthetic_pilot,cv5,500,33,knn,3,0.5509375
synthetic_pilot,cv5,500,33,knn,4,0.65
synthetic_pilot,cv5,500,33,knn,5,0.703125
synthetic_pilot,cv5,500,33,dtree,1,0.650625
synthetic_pilot,cv5,500,33,dtree,2,0.5509375
synthetic_pilot,cv5,500,33,dtree,3,0.6256250000000001
synthetic_pilot,cv5,500,33,dtree,4,0.37781249999999994
synthetic_pilot,cv5,500,33,dtree,5,0.5793750000000001
synthetic_pilot,cv5,500,33,svm,1,0.745625
synthetic_pilot,cv5,500,33,svm,2,0.72625
synthetic_pilot,cv5,500,33,svm,3,0.77375
synthetic_pilot,cv5,500,33,svm,4,0.713125
synthetic_pilot,cv5,500,33,svm,5,0.7806250000000001
synthetic_pilot,cv5,500,33,rf,1,0.7271875
synthetic_pilot,cv5,500,33,rf,2,0.7021875
synthetic_pilot,cv5,500,33,rf,3,0.6890625
synthetic_pilot,cv5,500,33,rf,4,0.6725
synthetic_pilot,cv5,500,33,rf,5,0.7440625000000001
synthetic_pilot,cv5,500,33,gb,1,0.7925
synthetic_pilot,cv5,500,33,gb,2,0.786875
synthetic_pilot,cv5,500,33,gb,3,0.67125
synthetic_pilot,cv5,500,33,gb,4,0.6956249999999999
synthetic_pilot,cv5,500,33,gb,5,0.809375
synthetic_pilot,cv5,500,34,logreg,1,0.8200000000000001
synthetic_pilot,cv5,500,34,logreg,2,0.798125
synthetic_pilot,cv5,500,34,logreg,3,0.746875
synthetic_pilot,cv5,500,34,logreg,4,0.814375
synthetic_pilot,cv5,500,34,logreg,5,0.74125
synthetic_pilot,cv5,500,34,knn,1,0.656875
synthetic_pilot,cv5,500,34,knn,2,0.53875
synthetic_pilot,cv5,500,34,knn,3,0.5765625
synthetic_pilot,cv5,500,34,knn,4,0.76875
synthetic_pilot,cv5,500,34,knn,5,0.74
synthetic_pilot,cv5,500,34,dtree,1,0.6450000000000001
synthetic_pilot,cv5,500,34,dtree,2,0.65
synthetic_pilot,cv5,500,34,dtree,3,0.7278125
synthetic_pilot,cv5,500,34,dtree,4,0.5784374999999999
synthetic_pilot,cv5,500,34,dtree,5,0.5765625
synthetic_pilot,cv5,500,34,svm,1,0.808125
synthetic_pilot,cv5,500,34,svm,2,0.78625
synthetic_pilot,cv5,500,34,svm,3,0.7843749999999999
synthetic_pilot,cv5,500,34,svm,4,0.8343750000000001
synthetic_pilot,cv5,500,34,svm,5,0.7925
synthetic_pilot,cv5,500,34,rf,1,0.80125
synthetic_pilot,cv5,500,34,rf,2,0.7409375
synthetic_pilot,cv5,500,34,rf,3,0.7468750000000001
synthetic_pilot,cv5,500,34,rf,4,0.7859375000000001
synthetic_pilot,cv5,500,34,rf,5,0.6940624999999999
synthetic_pilot,cv5,500,34,gb,1,0.8525
synthetic_pilot,cv5,500,34,gb,2,0.6775
synthetic_pilot,cv5,500,34,gb,3,0.79625
synthetic_pilot,cv5,500,34,gb,4,0.82375
synthetic_pilot,cv5,500,34,gb,5,0.731875
synthetic_pilot,cv5,500,35,logreg,1,0.760625
synthetic_pilot,cv5,500,35,logreg,2,0.755
synthetic_pilot,cv5,500,35,logreg,3,0.7237500000000001
synthetic_pilot,cv5,500,35,logreg,4,0.8575
synthetic_pilot,cv5,500,35,logreg,5,0.795625
synthetic_pilot,cv5,500,35,knn,1,0.7521875
synthetic_pilot,cv5,500,35,knn,2,0.6568750000000001
synthetic_pilot,cv5,500,35,knn,3,0.6296875
synthetic_pilot,cv5,500,35,knn,4,0.7278125
synthetic_pilot,cv5,500,35,knn,5,0.61875
synthetic_pilot,cv5,500,35,dtree,1,0.600625
synthetic_pilot,cv5,500,35,dtree,2,0.558125
synthetic_pilot,cv5,500,35,dtree,3,0.605
synthetic_pilot,cv5,500,35,dtree,4,0.8165624999999999
synthetic_pilot,cv5,500,35,dtree,5,0.5696875
synthetic_pilot,cv5,500,35,svm,1,0.735625
synthetic_pilot,cv5,500,35,svm,2,0.8225
synthetic_pilot,cv5,500,35,svm,3,0.65625
synthetic_pilot,cv5,500,35,svm,4,0.82125
synthetic_pilot,cv5,500,35,svm,5,0.8325
synthetic_pilot,cv5,500,35,rf,1,0.7715625
synthetic_pilot,cv5,500,35,rf,2,0.7834374999999999
synthetic_pilot,cv5,500,35,rf,3,0.6471874999999999
synthetic_pilot,cv5,500,35,rf,4,0.8578125
synthetic_pilot,cv5,500,35,rf,5,0.8059375000000001
synthetic_pilot,cv5,500,35,gb,1,0.738125
synthetic_pilot,cv5,500,35,gb,2,0.75125
synthetic_pilot,cv5,500,35,gb,3,0.6050000000000001
synthetic_pilot,cv5,500,35,gb,4,0.82875
synthetic_pilot,cv5,500,35,gb,5,0.7837500000000001
synthetic_pilot,cv5,500,36,logreg,1,0.6868749999999999
synthetic_pilot,cv5,500,36,logreg,2,0.785625
synthetic_pilot,cv5,500,36,logreg,3,0.7412500000000001
synthetic_pilot,cv5,500,36,logreg,4,0.84375
synthetic_pilot,cv5,500,36,logreg,5,0.8099999999999999
synthetic_pilot,cv5,500,36,knn,1,0.5828125000000001
synthetic_pilot,cv5,500,36,knn,2,0.776875
synthetic_pilot,cv5,500,36,knn,3,0.7378125
synthetic_pilot,cv5,500,36,knn,4,0.7846875
synthetic_pilot,cv5,500,36,knn,5,0.6865625
synthetic_pilot,cv5,500,36,dtree,1,0.6584375
synthetic_pilot,cv5,500,36,dtree,2,0.69875
synthetic_pilot,cv5,500,36,dtree,3,0.6978125
synthetic_pilot,cv5,500,36,dtree,4,0.7215625
synthetic_pilot,cv5,500,36,dtree,5,0.5403125
synthetic_pilot,cv5,500,36,svm,1,0.698125
synthetic_pilot,cv5,500,36,svm,2,0.818125
synthetic_pilot,cv5,500,36,svm,3,0.78625
synthetic_pilot,cv5,500,36,svm,4,0.8174999999999999
synthetic_pilot,cv5,500,36,svm,5,0.8412499999999998
synthetic_pilot,cv5,500,36,rf,1,0.6693749999999999
synthetic_pilot,cv5,500,36,rf,2,0.8565624999999999
synthetic_pilot,cv5,500,36,rf,3,0.7321875000000001
synthetic_pilot,cv5,500,36,rf,4,0.8006249999999999
synthetic_pilot,cv5,500,36,rf,5,0.8187500000000001
synthetic_pilot,cv5,500,36,gb,1,0.6856249999999999
synthetic_pilot,cv5,500,36,gb,2,0.8225
synthetic_pilot,cv5,500,36,gb,3,0.7525
synthetic_pilot,cv5,500,36,gb,4,0.846875
synthetic_pilot,cv5,500,36,gb,5,0.7637499999999999
synthetic_pilot,cv5,500,37,logreg,1,0.7518750000000001
synthetic_pilot,cv5,500,37,logreg,2,0.69
synthetic_pilot,cv5,500,37,logreg,3,0.7643749999999999
synthetic_pilot,cv5,500,37,logreg,4,0.6593749999999999
synthetic_pilot,cv5,500,37,logreg,5,0.619375
synthetic_pilot,cv5,500,37,knn,1,0.7021875
synthetic_pilot,cv5,500,37,knn,2,0.6859375
synthetic_pilot,cv5,500,37,knn,3,0.6746874999999999
synthetic_pilot,cv5,500,37,knn,4,0.7137499999999999
synthetic_pilot,cv5,500,37,knn,5,0.6765625
synthetic_pilot,cv5,500,37,dtree,1,0.5800000000000001
synthetic_pilot,cv5,500,37,dtree,2,0.6225
synthetic_pilot,cv5,500,37,dtree,3,0.6021875
synthetic_pilot,cv5,500,37,dtree,4,0.514375
synthetic_pilot,cv5,500,37,dtree,5,0.5290625
synthetic_pilot,cv5,500,37,svm,1,0.8225
synthetic_pilot,cv5,500,37,svm,2,0.7975
synthetic_pilot,cv5,500,37,svm,3,0.77
synthetic_pilot,cv5,500,37,svm,4,0.7693749999999999
synthetic_pilot,cv5,500,37,svm,5,0.774375
synthetic_pilot,cv5,500,37,rf,1,0.7943749999999999
synthetic_pilot,cv5,500,37,rf,2,0.730625
synthetic_pilot,cv5,500,37,rf,3,0.776875
synthetic_pilot,cv5,500,37,rf,4,0.708125
synthetic_pilot,cv5,500,37,rf,5,0.7015625000000001
synthetic_pilot,cv5,500,37,gb,1,0.78625
synthetic_pilot,cv5,500,37,gb,2,0.7275
synthetic_pilot,cv5,500,37,gb,3,0.753125
synthetic_pilot,cv5,500,37,gb,4,0.6581250000000001
synthetic_pilot,cv5,500,37,gb,5,0.6581250000000001
synthetic_pilot,cv5,500,38,logreg,1,0.7525
synthetic_pilot,cv5,500,38,logreg,2,0.839375
synthetic_pilot,cv5,500,38,logreg,3,0.765625
synthetic_pilot,cv5,500,38,logreg,4,0.7800000000000001
synthetic_pilot,cv5,500,38,logreg,5,0.810625
synthetic_pilot,cv5,500,38,knn,1,0.77875
synthetic_pilot,cv5,500,38,knn,2,0.7084374999999999
synthetic_pilot,cv5,500,38,knn,3,0.6334375000000001
synthetic_pilot,cv5,500,38,knn,4,0.70125
synthetic_pilot,cv5,500,38,knn,5,0.663125
synthetic_pilot,cv5,500,38,dtree,1,0.6706249999999999
synthetic_pilot,cv5,500,38,dtree,2,0.7193750000000001
synthetic_pilot,cv5,500,38,dtree,3,0.7428125
synthetic_pilot,cv5,500,38,dtree,4,0.6190625000000001
synthetic_pilot,cv5,500,38,dtree,5,0.708125
synthetic_pilot,cv5,500,38,svm,1,0.776875
synthetic_pilot,cv5,500,38,svm,2,0.8325
synthetic_pilot,cv5,500,38,svm,3,0.72875
synthetic_pilot,cv5,500,38,svm,4,0.8175
synthetic_pilot,cv5,500,38,svm,5,0.8150000000000001
synthetic_pilot,cv5,500,38,rf,1,0.8315625000000001
synthetic_pilot,cv5,500,38,rf,2,0.815
synthetic_pilot,cv5,500,38,rf,3,0.7296875
synthetic_pilot,cv5,500,38,rf,4,0.76
synthetic_pilot,cv5,500,38,rf,5,0.7893749999999999
synthetic_pilot,cv5,500,38,gb,1,0.78
synthetic_pilot,cv5,500,38,gb,2,0.815625
synthetic_pilot,cv5,500,38,gb,3,0.766875
synthetic_pilot,cv5,500,38,gb,4,0.7643749999999999
synthetic_pilot,cv5,500,38,gb,5,0.79625
synthetic_pilot,cv5,500,39,logreg,1,0.7737499999999999
synthetic_pilot,cv5,500,39,logreg,2,0.765625
synthetic_pilot,cv5,500,39,logreg,3,0.861875
synthetic_pilot,cv5,500,39,logreg,4,0.839375
synthetic_pilot,cv5,500,39,logreg,5,0.790625
synthetic_pilot,cv5,500,39,knn,1,0.839375
synthetic_pilot,cv5,500,39,knn,2,0.6865625
synthetic_pilot,cv5,500,39,knn,3,0.8043750000000001
synthetic_pilot,cv5,500,39,knn,4,0.833125
synthetic_pilot,cv5,500,39,knn,5,0.6328125
synthetic_pilot,cv5,500,39,dtree,1,0.7068749999999999
synthetic_pilot,cv5,500,39,dtree,2,0.660625
synthetic_pilot,cv5,500,39,dtree,3,0.6846875
synthetic_pilot,cv5,500,39,dtree,4,0.7346875
synthetic_pilot,cv5,500,39,dtree,5,0.6612500000000001
synthetic_pilot,cv5,500,39,svm,1,0.8775000000000001
synthetic_pilot,cv5,500,39,svm,2,0.7928125
synthetic_pilot,cv5,500,39,svm,3,0.8831249999999999
synthetic_pilot,cv5,500,39,svm,4,0.9025
synthetic_pilot,cv5,500,39,svm,5,0.8475
synthetic_pilot,cv5,500,39,rf,1,0.823125
synthetic_pilot,cv5,500,39,rf,2,0.755625
synthetic_pilot,cv5,500,39,rf,3,0.8221875000000001
synthetic_pilot,cv5,500,39,rf,4,0.8771875
synthetic_pilot,cv5,500,39,rf,5,0.80625
synthetic_pilot,cv5,500,39,gb,1,0.79375
synthetic_pilot,cv5,500,39,gb,2,0.78125
synthetic_pilot,cv5,500,39,gb,3,0.8375000000000001
synthetic_pilot,cv5,500,39,gb,4,0.868125
synthetic_pilot,cv5,500,39,gb,5,0.78
synthetic_pilot,cv5,500,40,logreg,1,0.72625
synthetic_pilot,cv5,500,40,logreg,2,0.701875
synthetic_pilot,cv5,500,40,logreg,3,0.784375
synthetic_pilot,cv5,500,40,logreg,4,0.72875
synthetic_pilot,cv5,500,40,logreg,5,0.690625
synthetic_pilot,cv5,500,40,knn,1,0.73
synthetic_pilot,cv5,500,40,knn,2,0.679375
synthetic_pilot,cv5,500,40,knn,3,0.675625
synthetic_pilot,cv5,500,40,knn,4,0.5440624999999999
synthetic_pilot,cv5,500,40,knn,5,0.563125
synthetic_pilot,cv5,500,40,dtree,1,0.5928125
synthetic_pilot,cv5,500,40,dtree,2,0.6731250000000001
synthetic_pilot,cv5,500,40,dtree,3,0.6290625
synthetic_pilot,cv5,500,40,dtree,4,0.5599999999999999
synthetic_pilot,cv5,500,40,dtree,5,0.7084374999999999
synthetic_pilot,cv5,500,40,svm,1,0.683125
synthetic_pilot,cv5,500,40,svm,2,0.65875
synthetic_pilot,cv5,500,40,svm,3,0.75375
synthetic_pilot,cv5,500,40,svm,4,0.725625
synthetic_pilot,cv5,500,40,svm,5,0.661875
synthetic_pilot,cv5,500,40,rf,1,0.689375
synthetic_pilot,cv5,500,40,rf,2,0.6737500000000001
synthetic_pilot,cv5,500,40,rf,3,0.78125
synthetic_pilot,cv5,500,40,rf,4,0.6640624999999999
synthetic_pilot,cv5,500,40,rf,5,0.7175
synthetic_pilot,cv5,500,40,gb,1,0.645
synthetic_pilot,cv5,500,40,gb,2,0.780625
synthetic_pilot,cv5,500,40,gb,3,0.739375
synthetic_pilot,cv5,500,40,gb,4,0.755625
synthetic_pilot,cv5,500,40,gb,5,0.715
synthetic_pilot,cv5,500,41,logreg,1,0.71875
synthetic_pilot,cv5,500,41,logreg,2,0.7668750000000001
synthetic_pilot,cv5,500,41,logreg,3,0.776875
synthetic_pilot,cv5,500,41,logreg,4,0.78125
synthetic_pilot,cv5,500,41,logreg,5,0.84125
synthetic_pilot,cv5,500,41,knn,1,0.628125
synthetic_pilot,cv5,500,41,knn,2,0.634375
synthetic_pilot,cv5,500,41,knn,3,0.54875
synthetic_pilot,cv5,500,41,knn,4,0.6615625
synthetic_pilot,cv5,500,41,knn,5,0.6921875
synthetic_pilot,cv5,500,41,dtree,1,0.5584375
synthetic_pilot,cv5,500,41,dtree,2,0.615625
synthetic_pilot,cv5,500,41,dtree,3,0.614375
synthetic_pilot,cv5,500,41,dtree,4,0.6618749999999999
synthetic_pilot,cv5,500,41,dtree,5,0.563125
synthetic_pilot,cv5,500,41,svm,1,0.713125
synthetic_pilot,cv5,500,41,svm,2,0.6581250000000001
synthetic_pilot,cv5,500,41,svm,3,0.753125
synthetic_pilot,cv5,500,41,svm,4,0.774375
synthetic_pilot,cv5,500,41,svm,5,0.838125
synthetic_pilot,cv5,500,41,rf,1,0.6784375
synthetic_pilot,cv5,500,41,rf,2,0.6328125
synthetic_pilot,cv5,500,41,rf,3,0.7309375
synthetic_pilot,cv5,500,41,rf,4,0.718125
synthetic_pilot,cv5,500,41,rf,5,0.8321875
synthetic_pilot,cv5,500,41,gb,1,0.61375
synthetic_pilot,cv5,500,41,gb,2,0.661875
synthetic_pilot,cv5,500,41,gb,3,0.6775
synthetic_pilot,cv5,500,41,gb,4,0.728125
synthetic_pilot,cv5,500,41,gb,5,0.83875
synthetic_pilot,cv5,500,42,logreg,1,0.6875
synthetic_pilot,cv5,500,42,logreg,2,0.8274999999999999
synthetic_pilot,cv5,500,42,logreg,3,0.855
synthetic_pilot,cv5,500,42,logreg,4,0.733125
synthetic_pilot,cv5,500,42,logreg,5,0.769375
synthetic_pilot,cv5,500,42,knn,1,0.6078125
synthetic_pilot,cv5,500,42,knn,2,0.6984374999999999
synthetic_pilot,cv5,500,42,knn,3,0.7459375
synthetic_pilot,cv5,500,42,knn,4,0.66625
synthetic_pilot,cv5,500,42,knn,5,0.6240625
synthetic_pilot,cv5,500,42,dtree,1,0.495
synthetic_pilot,cv5,500,42,dtree,2,0.7146875000000001
synthetic_pilot,cv5,500,42,dtree,3,0.6240625
synthetic_pilot,cv5,500,42,dtree,4,0.6253124999999999
synthetic_pilot,cv5,500,42,dtree,5,0.56375
synthetic_pilot,cv5,500,42,svm,1,0.674375
synthetic_pilot,cv5,500,42,svm,2,0.8343750000000001
synthetic_pilot,cv5,500,42,svm,3,0.795625
synthetic_pilot,cv5,500,42,svm,4,0.76625
synthetic_pilot,cv5,500,42,svm,5,0.704375
synthetic_pilot,cv5,500,42,rf,1,0.6365625
synthetic_pilot,cv5,500,42,rf,2,0.7356250000000001
synthetic_pilot,cv5,500,42,rf,3,0.750625
synthetic_pilot,cv5,500,42,rf,4,0.786875
synthetic_pilot,cv5,500,42,rf,5,0.7653125000000001
synthetic_pilot,cv5,500,42,gb,1,0.69
synthetic_pilot,cv5,500,42,gb,2,0.7599999999999999
synthetic_pilot,cv5,500,42,gb,3,0.776875
synthetic_pilot,cv5,500,42,gb,4,0.763125
synthetic_pilot,cv5,500,42,gb,5,0.70625
synthetic_pilot,cv5,500,43,logreg,1,0.8225
synthetic_pilot,cv5,500,43,logreg,2,0.87875
synthetic_pilot,cv5,500,43,logreg,3,0.818125
synthetic_pilot,cv5,500,43,logreg,4,0.795625
synthetic_pilot,cv5,500,43,logreg,5,0.78125
synthetic_pilot,cv5,500,43,knn,1,0.6525
synthetic_pilot,cv5,500,43,knn,2,0.6940625
synthetic_pilot,cv5,500,43,knn,3,0.7690625
synthetic_pilot,cv5,500,43,knn,4,0.6496875
synthetic_pilot,cv5,500,43,knn,5,0.7421875
synthetic_pilot,cv5,500,43,dtree,1,0.49687499999999996
synthetic_pilot,cv5,500,43,dtree,2,0.78375
synthetic_pilot,cv5,500,43,dtree,3,0.638125
synthetic_pilot,cv5,500,43,dtree,4,0.4190625
synthetic_pilot,cv5,500,43,dtree,5,0.6571875
synthetic_pilot,cv5,500,43,svm,1,0.758125
synthetic_pilot,cv5,500,43,svm,2,0.83375
synthetic_pilot,cv5,500,43,svm,3,0.805625
synthetic_pilot,cv5,500,43,svm,4,0.72
synthetic_pilot,cv5,500,43,svm,5,0.783125
synthetic_pilot,cv5,500,43,rf,1,0.7965625
synthetic_pilot,cv5,500,43,rf,2,0.839375
synthetic_pilot,cv5,500,43,rf,3,0.8015625000000001
synthetic_pilot,cv5,500,43,rf,4,0.6865625000000001
synthetic_pilot,cv5,500,43,rf,5,0.7771875
synthetic_pilot,cv5,500,43,gb,1,0.80375
synthetic_pilot,cv5,500,43,gb,2,0.875
synthetic_pilot,cv5,500,43,gb,3,0.766875
synthetic_pilot,cv5,500,43,gb,4,0.6950000000000001
synthetic_pilot,cv5,500,43,gb,5,0.766875
synthetic_pilot,cv5,500,44,logreg,1,0.8443749999999999
synthetic_pilot,cv5,500,44,logreg,2,0.7325
synthetic_pilot,cv5,500,44,logreg,3,0.6993750000000001
synthetic_pilot,cv5,500,44,logreg,4,0.776875
synthetic_pilot,cv5,500,44,logreg,5,0.8243750000000001
synthetic_pilot,cv5,500,44,knn,1,0.8075
synthetic_pilot,cv5,500,44,knn,2,0.5959375
synthetic_pilot,cv5,500,44,knn,3,0.5978125
synthetic_pilot,cv5,500,44,knn,4,0.739375
synthetic_pilot,cv5,500,44,knn,5,0.7084374999999999
synthetic_pilot,cv5,500,44,dtree,1,0.580625
synthetic_pilot,cv5,500,44,dtree,2,0.5562500000000001
synthetic_pilot,cv5,500,44,dtree,3,0.55125
synthetic_pilot,cv5,500,44,dtree,4,0.5165625
synthetic_pilot,cv5,500,44,dtree,5,0.7518750000000001
synthetic_pilot,cv5,500,44,svm,1,0.848125
synthetic_pilot,cv5,500,44,svm,2,0.760625
synthetic_pilot,cv5,500,44,svm,3,0.7293750000000001
synthetic_pilot,cv5,500,44,svm,4,0.7825
synthetic_pilot,cv5,500,44,svm,5,0.8687499999999999
synthetic_pilot,cv5,500,44,rf,1,0.805
synthetic_pilot,cv5,500,44,rf,2,0.7303125
synthetic_pilot,cv5,500,44,rf,3,0.7475
synthetic_pilot,cv5,500,44,rf,4,0.7971875
synthetic_pilot,cv5,500,44,rf,5,0.8137500000000001
synthetic_pilot,cv5,500,44,gb,1,0.8425
synthetic_pilot,cv5,500,44,gb,2,0.694375
synthetic_pilot,cv5,500,44,gb,3,0.7262500000000001
synthetic_pilot,cv5,500,44,gb,4,0.7118749999999999
synthetic_pilot,cv5,500,44,gb,5,0.850625
synthetic_pilot,cv5,500,45,logreg,1,0.7062499999999999
synthetic_pilot,cv5,500,45,logreg,2,0.86875
synthetic_pilot,cv5,500,45,logreg,3,0.714375
synthetic_pilot,cv5,500,45,logreg,4,0.639375
synthetic_pilot,cv5,500,45,logreg,5,0.746875
synthetic_pilot,cv5,500,45,knn,1,0.69625
synthetic_pilot,cv5,500,45,knn,2,0.774375
synthetic_pilot,cv5,500,45,knn,3,0.6971875000000001
synthetic_pilot,cv5,500,45,knn,4,0.6084375
synthetic_pilot,cv5,500,45,knn,5,0.668125
synthetic_pilot,cv5,500,45,dtree,1,0.6621874999999999
synthetic_pilot,cv5,500,45,dtree,2,0.6871875
synthetic_pilot,cv5,500,45,dtree,3,0.6765625
synthetic_pilot,cv5,500,45,dtree,4,0.5859375
synthetic_pilot,cv5,500,45,dtree,5,0.74125
synthetic_pilot,cv5,500,45,svm,1,0.82375
synthetic_pilot,cv5,500,45,svm,2,0.816875
synthetic_pilot,cv5,500,45,svm,3,0.7575000000000001
synthetic_pilot,cv5,500,45,svm,4,0.609375
synthetic_pilot,cv5,500,45,svm,5,0.75625
synthetic_pilot,cv5,500,45,rf,1,0.8003125000000001
synthetic_pilot,cv5,500,45,rf,2,0.795625
synthetic_pilot,cv5,500,45,rf,3,0.7359375
synthetic_pilot,cv5,500,45,rf,4,0.6275
synthetic_pilot,cv5,500,45,rf,5,0.7553125
synthetic_pilot,cv5,500,45,gb,1,0.7362500000000001
synthetic_pilot,cv5,500,45,gb,2,0.776875
synthetic_pilot,cv5,500,45,gb,3,0.6968749999999999
synthetic_pilot,cv5,500,45,gb,4,0.650625
synthetic_pilot,cv5,500,45,gb,5,0.7568750000000001
synthetic_pilot,cv5,500,46,logreg,1,0.7606249999999999
synthetic_pilot,cv5,500,46,logreg,2,0.7631249999999999
synthetic_pilot,cv5,500,46,logreg,3,0.7068749999999999
synthetic_pilot,cv5,500,46,logreg,4,0.76875
synthetic_pilot,cv5,500,46,logreg,5,0.841875
synthetic_pilot,cv5,500,46,knn,1,0.6593749999999999
synthetic_pilot,cv5,500,46,knn,2,0.69625
synthetic_pilot,cv5,500,46,knn,3,0.6371875
synthetic_pilot,cv5,500,46,knn,4,0.5528125
synthetic_pilot,cv5,500,46,knn,5,0.69875
synthetic_pilot,cv5,500,46,dtree,1,0.4834375000000001
synthetic_pilot,cv5,500,46,dtree,2,0.47406249999999994
synthetic_pilot,cv5,500,46,dtree,3,0.6378124999999998
synthetic_pilot,cv5,500,46,dtree,4,0.6128125
synthetic_pilot,cv5,500,46,dtree,5,0.6281249999999999
synthetic_pilot,cv5,500,46,svm,1,0.80625
synthetic_pilot,cv5,500,46,svm,2,0.724375
synthetic_pilot,cv5,500,46,svm,3,0.7268749999999999
synthetic_pilot,cv5,500,46,svm,4,0.7212500000000001
synthetic_pilot,cv5,500,46,svm,5,0.7637499999999999
synthetic_pilot,cv5,500,46,rf,1,0.7409375
synthetic_pilot,cv5,500,46,rf,2,0.7221875
synthetic_pilot,cv5,500,46,rf,3,0.69
synthetic_pilot,cv5,500,46,rf,4,0.781875
synthetic_pilot,cv5,500,46,rf,5,0.7828124999999999
synthetic_pilot,cv5,500,46,gb,1,0.75
synthetic_pilot,cv5,500,46,gb,2,0.7418750000000001
synthetic_pilot,cv5,500,46,gb,3,0.75875
synthetic_pilot,cv5,500,46,gb,4,0.76125
synthetic_pilot,cv5,500,46,gb,5,0.735
synthetic_pilot,cv5,500,47,logreg,1,0.7725
synthetic_pilot,cv5,500,47,logreg,2,0.7825
synthetic_pilot,cv5,500,47,logreg,3,0.6837500000000001
synthetic_pilot,cv5,500,47,logreg,4,0.700625
synthetic_pilot,cv5,500,47,logreg,5,0.715625
synthetic_pilot,cv5,500,47,knn,1,0.6946874999999999
synthetic_pilot,cv5,500,47,knn,2,0.545
synthetic_pilot,cv5,500,47,knn,3,0.6746875000000001
synthetic_pilot,cv5,500,47,knn,4,0.6912499999999999
synthetic_pilot,cv5,500,47,knn,5,0.5875
synthetic_pilot,cv5,500,47,dtree,1,0.6353125
synthetic_pilot,cv5,500,47,dtree,2,0.6331249999999999
synthetic_pilot,cv5,500,47,dtree,3,0.5678125000000002
synthetic_pilot,cv5,500,47,dtree,4,0.610625
synthetic_pilot,cv5,500,47,dtree,5,0.6928125
synthetic_pilot,cv5,500,47,svm,1,0.7343749999999999
synthetic_pilot,cv5,500,47,svm,2,0.7168749999999999
synthetic_pilot,cv5,500,47,svm,3,0.79125
synthetic_pilot,cv5,500,47,svm,4,0.7906249999999999
synthetic_pilot,cv5,500,47,svm,5,0.7075
synthetic_pilot,cv5,500,47,rf,1,0.7206250000000001
synthetic_pilot,cv5,500,47,rf,2,0.749375
synthetic_pilot,cv5,500,47,rf,3,0.745625
synthetic_pilot,cv5,500,47,rf,4,0.7831250000000001
synthetic_pilot,cv5,500,47,rf,5,0.7887500000000001
synthetic_pilot,cv5,500,47,gb,1,0.76875
synthetic_pilot,cv5,500,47,gb,2,0.75375
synthetic_pilot,cv5,500,47,gb,3,0.8150000000000001
synthetic_pilot,cv5,500,47,gb,4,0.724375
synthetic_pilot,cv5,500,47,gb,5,0.708125
synthetic_pilot,cv5,500,48,logreg,1,0.83875
synthetic_pilot,cv5,500,48,logreg,2,0.79125
synthetic_pilot,cv5,500,48,logreg,3,0.8375
synthetic_pilot,cv5,500,48,logreg,4,0.7806250000000001
synthetic_pilot,cv5,500,48,logreg,5,0.806875
synthetic_pilot,cv5,500,48,knn,1,0.6853125000000001
synthetic_pilot,cv5,500,48,knn,2,0.6884375
synthetic_pilot,cv5,500,48,knn,3,0.6496875
synthetic_pilot,cv5,500,48,knn,4,0.63625
synthetic_pilot,cv5,500,48,knn,5,0.69875
synthetic_pilot,cv5,500,48,dtree,1,0.6753125
synthetic_pilot,cv5,500,48,dtree,2,0.6796875000000001
synthetic_pilot,cv5,500,48,dtree,3,0.6703125
synthetic_pilot,cv5,500,48,dtree,4,0.6446875
synthetic_pilot,cv5,500,48,dtree,5,0.6440625000000001
synthetic_pilot,cv5,500,48,svm,1,0.7981250000000001
synthetic_pilot,cv5,500,48,svm,2,0.75875
synthetic_pilot,cv5,500,48,svm,3,0.824375
synthetic_pilot,cv5,500,48,svm,4,0.82125
synthetic_pilot,cv5,500,48,svm,5,0.823125
synthetic_pilot,cv5,500,48,rf,1,0.80875
synthetic_pilot,cv5,500,48,rf,2,0.753125
synthetic_pilot,cv5,500,48,rf,3,0.8268749999999999
synthetic_pilot,cv5,500,48,rf,4,0.724375
synthetic_pilot,cv5,500,48,rf,5,0.78125
synthetic_pilot,cv5,500,48,gb,1,0.813125
synthetic_pilot,cv5,500,48,gb,2,0.755625
synthetic_pilot,cv5,500,48,gb,3,0.8362499999999999
synthetic_pilot,cv5,500,48,gb,4,0.79625
synthetic_pilot,cv5,500,48,gb,5,0.806875
synthetic_pilot,cv5,500,49,logreg,1,0.768125
synthetic_pilot,cv5,500,49,logreg,2,0.718125
synthetic_pilot,cv5,500,49,logreg,3,0.824375
synthetic_pilot,cv5,500,49,logreg,4,0.79125
synthetic_pilot,cv5,500,49,logreg,5,0.723125
synthetic_pilot,cv5,500,49,knn,1,0.64375
synthetic_pilot,cv5,500,49,knn,2,0.5734375
synthetic_pilot,cv5,500,49,knn,3,0.6525
synthetic_pilot,cv5,500,49,knn,4,0.681875
synthetic_pilot,cv5,500,49,knn,5,0.5865625000000001
synthetic_pilot,cv5,500,49,dtree,1,0.549375
synthetic_pilot,cv5,500,49,dtree,2,0.5228125
synthetic_pilot,cv5,500,49,dtree,3,0.5150000000000001
synthetic_pilot,cv5,500,49,dtree,4,0.7274999999999999
synthetic_pilot,cv5,500,49,dtree,5,0.599375
synthetic_pilot,cv5,500,49,svm,1,0.728125
synthetic_pilot,cv5,500,49,svm,2,0.64625
synthetic_pilot,cv5,500,49,svm,3,0.75875
synthetic_pilot,cv5,500,49,svm,4,0.7768750000000001
synthetic_pilot,cv5,500,49,svm,5,0.7078125
synthetic_pilot,cv5,500,49,rf,1,0.7115625000000001
synthetic_pilot,cv5,500,49,rf,2,0.58875
synthetic_pilot,cv5,500,49,rf,3,0.8284375
synthetic_pilot,cv5,500,49,rf,4,0.790625
synthetic_pilot,cv5,500,49,rf,5,0.7071875
synthetic_pilot,cv5,500,49,gb,1,0.718125
synthetic_pilot,cv5,500,49,gb,2,0.574375
synthetic_pilot,cv5,500,49,gb,3,0.653125
synthetic_pilot,cv5,500,49,gb,4,0.781875
synthetic_pilot,cv5,500,49,gb,5,0.7187500000000001
synthetic_pilot,cv5,500,50,logreg,1,0.69
synthetic_pilot,cv5,500,50,logreg,2,0.6875
synthetic_pilot,cv5,500,50,logreg,3,0.69625
synthetic_pilot,cv5,500,50,logreg,4,0.770625
synthetic_pilot,cv5,500,50,logreg,5,0.741875
synthetic_pilot,cv5,500,50,knn,1,0.7059375
synthetic_pilot,cv5,500,50,knn,2,0.605
synthetic_pilot,cv5,500,50,knn,3,0.5821875
synthetic_pilot,cv5,500,50,knn,4,0.700625
synthetic_pilot,cv5,500,50,knn,5,0.545625
synthetic_pilot,cv5,500,50,dtree,1,0.614375
synthetic_pilot,cv5,500,50,dtree,2,0.6628124999999999
synthetic_pilot,cv5,500,50,dtree,3,0.6365625
synthetic_pilot,cv5,500,50,dtree,4,0.5381250000000001
synthetic_pilot,cv5,500,50,dtree,5,0.688125
synthetic_pilot,cv5,500,50,svm,1,0.7562500000000001
synthetic_pilot,cv5,500,50,svm,2,0.6606249999999999
synthetic_pilot,cv5,500,50,svm,3,0.8087500000000001
synthetic_pilot,cv5,500,50,svm,4,0.7893749999999999
synthetic_pilot,cv5,500,50,svm,5,0.7406250000000001
synthetic_pilot,cv5,500,50,rf,1,0.7090625
synthetic_pilot,cv5,500,50,rf,2,0.7156250000000001
synthetic_pilot,cv5,500,50,rf,3,0.7003124999999999
synthetic_pilot,cv5,500,50,rf,4,0.7765624999999999
synthetic_pilot,cv5,500,50,rf,5,0.7353124999999999
synthetic_pilot,cv5,500,50,gb,1,0.67875
synthetic_pilot,cv5,500,50,gb,2,0.66625
synthetic_pilot,cv5,500,50,gb,3,0.765625
synthetic_pilot,cv5,500,50,gb,4,0.7237500000000001
synthetic_pilot,cv5,500,50,gb,5,0.740625
synthetic_pilot,cv5,500,51,logreg,1,0.70625
synthetic_pilot,cv5,500,51,logreg,2,0.8212499999999999
synthetic_pilot,cv5,500,51,logreg,3,0.803125
synthetic_pilot,cv5,500,51,logreg,4,0.68
synthetic_pilot,cv5,500,51,logreg,5,0.750625
synthetic_pilot,cv5,500,51,knn,1,0.6009375
synthetic_pilot,cv5,500,51,knn,2,0.7081249999999999
synthetic_pilot,cv5,500,51,knn,3,0.7362500000000001
synthetic_pilot,cv5,500,51,knn,4,0.5425
synthetic_pilot,cv5,500,51,knn,5,0.631875
synthetic_pilot,cv5,500,51,dtree,1,0.614375
synthetic_pilot,cv5,500,51,dtree,2,0.69875
synthetic_pilot,cv5,500,51,dtree,3,0.7075
synthetic_pilot,cv5,500,51,dtree,4,0.5134375
synthetic_pilot,cv5,500,51,dtree,5,0.561875
synthetic_pilot,cv5,500,51,svm,1,0.7206250000000001
synthetic_pilot,cv5,500,51,svm,2,0.78625
synthetic_pilot,cv5,500,51,svm,3,0.778125
synthetic_pilot,cv5,500,51,svm,4,0.645625
synthetic_pilot,cv5,500,51,svm,5,0.71375
synthetic_pilot,cv5,500,51,rf,1,0.7106250000000001
synthetic_pilot,cv5,500,51,rf,2,0.7653125
synthetic_pilot,cv5,500,51,rf,3,0.8049999999999999
synthetic_pilot,cv5,500,51,rf,4,0.7303125
synthetic_pilot,cv5,500,51,rf,5,0.6596875
synthetic_pilot,cv5,500,51,gb,1,0.733125
synthetic_pilot,cv5,500,51,gb,2,0.7925
synthetic_pilot,cv5,500,51,gb,3,0.7825
synthetic_pilot,cv5,500,51,gb,4,0.661875
synthetic_pilot,cv5,500,51,gb,5,0.735625
synthetic_pilot,cv5,500,52,logreg,1,0.6481250000000001
synthetic_pilot,cv5,500,52,logreg,2,0.8175000000000001
synthetic_pilot,cv5,500,52,logreg,3,0.755625
synthetic_pilot,cv5,500,52,logreg,4,0.7643749999999999
synthetic_pilot,cv5,500,52,logreg,5,0.789375
synthetic_pilot,cv5,500,52,knn,1,0.6365624999999999
synthetic_pilot,cv5,500,52,knn,2,0.6946875
synthetic_pilot,cv5,500,52,knn,3,0.6737499999999998
synthetic_pilot,cv5,500,52,knn,4,0.7396875
synthetic_pilot,cv5,500,52,knn,5,0.4965625
synthetic_pilot,cv5,500,52,dtree,1,0.46468750000000003
synthetic_pilot,cv5,500,52,dtree,2,0.786875
synthetic_pilot,cv5,500,52,dtree,3,0.6637500000000001
synthetic_pilot,cv5,500,52,dtree,4,0.630625
synthetic_pilot,cv5,500,52,dtree,5,0.6521874999999999
synthetic_pilot,cv5,500,52,svm,1,0.573125
synthetic_pilot,cv5,500,52,svm,2,0.76375
synthetic_pilot,cv5,500,52,svm,3,0.7206250000000001
synthetic_pilot,cv5,500,52,svm,4,0.8418749999999999
synthetic_pilot,cv5,500,52,svm,5,0.749375
synthetic_pilot,cv5,500,52,rf,1,0.6
synthetic_pilot,cv5,500,52,rf,2,0.7996875
synthetic_pilot,cv5,500,52,rf,3,0.7309375
synthetic_pilot,cv5,500,52,rf,4,0.7668750000000001
synthetic_pilot,cv5,500,52,rf,5,0.7778125
synthetic_pilot,cv5,500,52,gb,1,0.6225
synthetic_pilot,cv5,500,52,gb,2,0.7875000000000001
synthetic_pilot,cv5,500,52,gb,3,0.778125
synthetic_pilot,cv5,500,52,gb,4,0.79
synthetic_pilot,cv5,500,52,gb,5,0.6793750000000001
synthetic_pilot,cv5,500,53,logreg,1,0.8899999999999999
synthetic_pilot,cv5,500,53,logreg,2,0.815
synthetic_pilot,cv5,500,53,logreg,3,0.70125
synthetic_pilot,cv5,500,53,logreg,4,0.6900000000000001
synthetic_pilot,cv5,500,53,logreg,5,0.801875
synthetic_pilot,cv5,500,53,knn,1,0.8003125
synthetic_pilot,cv5,500,53,knn,2,0.7271874999999999
synthetic_pilot,cv5,500,53,knn,3,0.7625
synthetic_pilot,cv5,500,53,knn,4,0.778125
synthetic_pilot,cv5,500,53,knn,5,0.660625
synthetic_pilot,cv5,500,53,dtree,1,0.4596875
synthetic_pilot,cv5,500,53,dtree,2,0.630625
synthetic_pilot,cv5,500,53,dtree,3,0.655
synthetic_pilot,cv5,500,53,dtree,4,0.5571875
synthetic_pilot,cv5,500,53,dtree,5,0.6231249999999999
synthetic_pilot,cv5,500,53,svm,1,0.8987499999999999
synthetic_pilot,cv5,500,53,svm,2,0.7687499999999999
synthetic_pilot,cv5,500,53,svm,3,0.82625
synthetic_pilot,cv5,500,53,svm,4,0.82875
synthetic_pilot,cv5,500,53,svm,5,0.876875
synthetic_pilot,cv5,500,53,rf,1,0.890625
synthetic_pilot,cv5,500,53,rf,2,0.77875
synthetic_pilot,cv5,500,53,rf,3,0.775625
synthetic_pilot,cv5,500,53,rf,4,0.7528125
synthetic_pilot,cv5,500,53,rf,5,0.8262499999999999
synthetic_pilot,cv5,500,53,gb,1,0.845
synthetic_pilot,cv5,500,53,gb,2,0.7849999999999999
synthetic_pilot,cv5,500,53,gb,3,0.7799999999999999
synthetic_pilot,cv5,500,53,gb,4,0.791875
synthetic_pilot,cv5,500,53,gb,5,0.805625
synthetic_pilot,cv5,500,54,logreg,1,0.82125
synthetic_pilot,cv5,500,54,logreg,2,0.848125
synthetic_pilot,cv5,500,54,logreg,3,0.8462500000000001
synthetic_pilot,cv5,500,54,logreg,4,0.7275
synthetic_pilot,cv5,500,54,logreg,5,0.824375
synthetic_pilot,cv5,500,54,knn,1,0.7003124999999999
synthetic_pilot,cv5,500,54,knn,2,0.7887500000000001
synthetic_pilot,cv5,500,54,knn,3,0.79
synthetic_pilot,cv5,500,54,knn,4,0.6353125
synthetic_pilot,cv5,500,54,knn,5,0.615
synthetic_pilot,cv5,500,54,dtree,1,0.636875
synthetic_pilot,cv5,500,54,dtree,2,0.7521875
synthetic_pilot,cv5,500,54,dtree,3,0.6796875
synthetic_pilot,cv5,500,54,dtree,4,0.6009375
synthetic_pilot,cv5,500,54,dtree,5,0.6246875000000001
synthetic_pilot,cv5,500,54,svm,1,0.8049999999999999
synthetic_pilot,cv5,500,54,svm,2,0.870625
synthetic_pilot,cv5,500,54,svm,3,0.84125
synthetic_pilot,cv5,500,54,svm,4,0.7931250000000001
synthetic_pilot,cv5,500,54,svm,5,0.8175
synthetic_pilot,cv5,500,54,rf,1,0.8240625
synthetic_pilot,cv5,500,54,rf,2,0.8246874999999999
synthetic_pilot,cv5,500,54,rf,3,0.8421875
synthetic_pilot,cv5,500,54,rf,4,0.7515624999999999
synthetic_pilot,cv5,500,54,rf,5,0.843125
synthetic_pilot,cv5,500,54,gb,1,0.801875
synthetic_pilot,cv5,500,54,gb,2,0.825
synthetic_pilot,cv5,500,54,gb,3,0.8599999999999999
synthetic_pilot,cv5,500,54,gb,4,0.73125
synthetic_pilot,cv5,500,54,gb,5,0.83
synthetic_pilot,cv5,500,55,logreg,1,0.691875
synthetic_pilot,cv5,500,55,logreg,2,0.75125
synthetic_pilot,cv5,500,55,logreg,3,0.763125
synthetic_pilot,cv5,500,55,logreg,4,0.61625
synthetic_pilot,cv5,500,55,logreg,5,0.7468750000000001
synthetic_pilot,cv5,500,55,knn,1,0.6543749999999999
synthetic_pilot,cv5,500,55,knn,2,0.701875
synthetic_pilot,cv5,500,55,knn,3,0.6337499999999999
synthetic_pilot,cv5,500,55,knn,4,0.6950000000000001
synthetic_pilot,cv5,500,55,knn,5,0.5725
synthetic_pilot,cv5,500,55,dtree,1,0.5728125000000001
synthetic_pilot,cv5,500,55,dtree,2,0.5762499999999999
synthetic_pilot,cv5,500,55,dtree,3,0.63125
synthetic_pilot,cv5,500,55,dtree,4,0.5946875
synthetic_pilot,cv5,500,55,dtree,5,0.6315625
synthetic_pilot,cv5,500,55,svm,1,0.6693749999999999
synthetic_pilot,cv5,500,55,svm,2,0.795625
synthetic_pilot,cv5,500,55,svm,3,0.784375
synthetic_pilot,cv5,500,55,svm,4,0.7481249999999999
synthetic_pilot,cv5,500,55,svm,5,0.7775
synthetic_pilot,cv5,500,55,rf,1,0.62
synthetic_pilot,cv5,500,55,rf,2,0.6975
synthetic_pilot,cv5,500,55,rf,3,0.7400000000000001
synthetic_pilot,cv5,500,55,rf,4,0.6693749999999999
synthetic_pilot,cv5,500,55,rf,5,0.6653125
synthetic_pilot,cv5,500,55,gb,1,0.6456249999999999
synthetic_pilot,cv5,500,55,gb,2,0.7737499999999999
synthetic_pilot,cv5,500,55,gb,3,0.8099999999999999
synthetic_pilot,cv5,500,55,gb,4,0.733125
synthetic_pilot,cv5,500,55,gb,5,0.739375
synthetic_pilot,cv5,500,56,logreg,1,0.754375
synthetic_pilot,cv5,500,56,logreg,2,0.74125
synthetic_pilot,cv5,500,56,logreg,3,0.903125
synthetic_pilot,cv5,500,56,logreg,4,0.6543749999999999
synthetic_pilot,cv5,500,56,logreg,5,0.7575000000000001
synthetic_pilot,cv5,500,56,knn,1,0.671875
synthetic_pilot,cv5,500,56,knn,2,0.691875
synthetic_pilot,cv5,500,56,knn,3,0.7693749999999999
synthetic_pilot,cv5,500,56,knn,4,0.6253124999999999
synthetic_pilot,cv5,500,56,knn,5,0.674375
synthetic_pilot,cv5,500,56,dtree,1,0.49625
synthetic_pilot,cv5,500,56,dtree,2,0.5681249999999999
synthetic_pilot,cv5,500,56,dtree,3,0.6596875
synthetic_pilot,cv5,500,56,dtree,4,0.544375
synthetic_pilot,cv5,500,56,dtree,5,0.6515624999999999
synthetic_pilot,cv5,500,56,svm,1,0.7156250000000001
synthetic_pilot,cv5,500,56,svm,2,0.795625
synthetic_pilot,cv5,500,56,svm,3,0.8775
synthetic_pilot,cv5,500,56,svm,4,0.646875
synthetic_pilot,cv5,500,56,svm,5,0.7275
synthetic_pilot,cv5,500,56,rf,1,0.60875
synthetic_pilot,cv5,500,56,rf,2,0.730625
synthetic_pilot,cv5,500,56,rf,3,0.8003125
synthetic_pilot,cv5,500,56,rf,4,0.596875
synthetic_pilot,cv5,500,56,rf,5,0.6915625000000001
synthetic_pilot,cv5,500,56,gb,1,0.7018749999999999
synthetic_pilot,cv5,500,56,gb,2,0.755
synthetic_pilot,cv5,500,56,gb,3,0.695625
synthetic_pilot,cv5,500,56,gb,4,0.628125
synthetic_pilot,cv5,500,56,gb,5,0.6318750000000001
synthetic_pilot,cv5,500,57,logreg,1,0.78125
synthetic_pilot,cv5,500,57,logreg,2,0.796875
synthetic_pilot,cv5,500,57,logreg,3,0.826875
synthetic_pilot,cv5,500,57,logreg,4,0.7281249999999999
synthetic_pilot,cv5,500,57,logreg,5,0.74875
synthetic_pilot,cv5,500,57,knn,1,0.63
synthetic_pilot,cv5,500,57,knn,2,0.6453125
synthetic_pilot,cv5,500,57,knn,3,0.7084374999999999
synthetic_pilot,cv5,500,57,knn,4,0.6371875
synthetic_pilot,cv5,500,57,knn,5,0.70875
synthetic_pilot,cv5,500,57,dtree,1,0.69875
synthetic_pilot,cv5,500,57,dtree,2,0.634375
synthetic_pilot,cv5,500,57,dtree,3,0.6331249999999999
synthetic_pilot,cv5,500,57,dtree,4,0.49343750000000003
synthetic_pilot,cv5,500,57,dtree,5,0.504375
synthetic_pilot,cv5,500,57,svm,1,0.801875
synthetic_pilot,cv5,500,57,svm,2,0.846875
synthetic_pilot,cv5,500,57,svm,3,0.79
synthetic_pilot,cv5,500,57,svm,4,0.698125
synthetic_pilot,cv5,500,57,svm,5,0.770625
synthetic_pilot,cv5,500,57,rf,1,0.81
synthetic_pilot,cv5,500,57,rf,2,0.8265625
synthetic_pilot,cv5,500,57,rf,3,0.7446875
synthetic_pilot,cv5,500,57,rf,4,0.70875
synthetic_pilot,cv5,500,57,rf,5,0.69125
synthetic_pilot,cv5,500,57,gb,1,0.7718750000000001
synthetic_pilot,cv5,500,57,gb,2,0.745625
synthetic_pilot,cv5,500,57,gb,3,0.7675
synthetic_pilot,cv5,500,57,gb,4,0.7625
synthetic_pilot,cv5,500,57,gb,5,0.770625
synthetic_pilot,cv5,500,58,logreg,1,0.729375
synthetic_pilot,cv5,500,58,logreg,2,0.79375
synthetic_pilot,cv5,500,58,logreg,3,0.6856249999999999
synthetic_pilot,cv5,500,58,logreg,4,0.786875
synthetic_pilot,cv5,500,58,logreg,5,0.76125
synthetic_pilot,cv5,500,58,knn,1,0.60375
synthetic_pilot,cv5,500,58,knn,2,0.79
synthetic_pilot,cv5,500,58,knn,3,0.625
synthetic_pilot,cv5,500,58,knn,4,0.605
synthetic_pilot,cv5,500,58,knn,5,0.6937499999999999
synthetic_pilot,cv5,500,58,dtree,1,0.6009375
synthetic_pilot,cv5,500,58,dtree,2,0.6021875
synthetic_pilot,cv5,500,58,dtree,3,0.530625
synthetic_pilot,cv5,500,58,dtree,4,0.6021875
synthetic_pilot,cv5,500,58,dtree,5,0.605
synthetic_pilot,cv5,500,58,svm,1,0.7506250000000001
synthetic_pilot,cv5,500,58,svm,2,0.81625
synthetic_pilot,cv5,500,58,svm,3,0.724375
synthetic_pilot,cv5,500,58,svm,4,0.7656250000000001
synthetic_pilot,cv5,500,58,svm,5,0.816875
synthetic_pilot,cv5,500,58,rf,1,0.7318749999999999
synthetic_pilot,cv5,500,58,rf,2,0.8084375
synthetic_pilot,cv5,500,58,rf,3,0.701875
synthetic_pilot,cv5,500,58,rf,4,0.6396875
synthetic_pilot,cv5,500,58,rf,5,0.73375
synthetic_pilot,cv5,500,58,gb,1,0.72375
synthetic_pilot,cv5,500,58,gb,2,0.8099999999999999
synthetic_pilot,cv5,500,58,gb,3,0.7468750000000001
synthetic_pilot,cv5,500,58,gb,4,0.685
synthetic_pilot,cv5,500,58,gb,5,0.7406249999999999
synthetic_pilot,cv5,500,59,logreg,1,0.725625
synthetic_pilot,cv5,500,59,logreg,2,0.7012499999999999
synthetic_pilot,cv5,500,59,logreg,3,0.705
synthetic_pilot,cv5,500,59,logreg,4,0.7581249999999999
synthetic_pilot,cv5,500,59,logreg,5,0.785
synthetic_pilot,cv5,500,59,knn,1,0.515625
synthetic_pilot,cv5,500,59,knn,2,0.6665625
synthetic_pilot,cv5,500,59,knn,3,0.54375
synthetic_pilot,cv5,500,59,knn,4,0.5153125000000001
synthetic_pilot,cv5,500,59,knn,5,0.6740625000000001
synthetic_pilot,cv5,500,59,dtree,1,0.6034375
synthetic_pilot,cv5,500,59,dtree,2,0.55875
synthetic_pilot,cv5,500,59,dtree,3,0.5625
synthetic_pilot,cv5,500,59,dtree,4,0.5915625
synthetic_pilot,cv5,500,59,dtree,5,0.485625
synthetic_pilot,cv5,500,59,svm,1,0.6625
synthetic_pilot,cv5,500,59,svm,2,0.72375
synthetic_pilot,cv5,500,59,svm,3,0.7075
synthetic_pilot,cv5,500,59,svm,4,0.7043750000000001
synthetic_pilot,cv5,500,59,svm,5,0.6849999999999999
synthetic_pilot,cv5,500,59,rf,1,0.7025
synthetic_pilot,cv5,500,59,rf,2,0.6793750000000001
synthetic_pilot,cv5,500,59,rf,3,0.6006250000000001
synthetic_pilot,cv5,500,59,rf,4,0.7021875000000001
synthetic_pilot,cv5,500,59,rf,5,0.5965625
synthetic_pilot,cv5,500,59,gb,1,0.684375
synthetic_pilot,cv5,500,59,gb,2,0.535
synthetic_pilot,cv5,500,59,gb,3,0.619375
synthetic_pilot,cv5,500,59,gb,4,0.6893750000000001
synthetic_pilot,cv5,500,59,gb,5,0.6775
synthetic_pilot,cv5,500,60,logreg,1,0.8462500000000001
synthetic_pilot,cv5,500,60,logreg,2,0.753125
synthetic_pilot,cv5,500,60,logreg,3,0.83375
synthetic_pilot,cv5,500,60,logreg,4,0.86375
synthetic_pilot,cv5,500,60,logreg,5,0.7999999999999999
synthetic_pilot,cv5,500,60,knn,1,0.740625
synthetic_pilot,cv5,500,60,knn,2,0.7309375
synthetic_pilot,cv5,500,60,knn,3,0.8162499999999999
synthetic_pilot,cv5,500,60,knn,4,0.7421875
synthetic_pilot,cv5,500,60,knn,5,0.7415624999999999
synthetic_pilot,cv5,500,60,dtree,1,0.7228125
synthetic_pilot,cv5,500,60,dtree,2,0.595
synthetic_pilot,cv5,500,60,dtree,3,0.545625
synthetic_pilot,cv5,500,60,dtree,4,0.6278125000000001
synthetic_pilot,cv5,500,60,dtree,5,0.5796875000000001
synthetic_pilot,cv5,500,60,svm,1,0.851875
synthetic_pilot,cv5,500,60,svm,2,0.7153125
synthetic_pilot,cv5,500,60,svm,3,0.8831249999999999
synthetic_pilot,cv5,500,60,svm,4,0.839375
synthetic_pilot,cv5,500,60,svm,5,0.83375
synthetic_pilot,cv5,500,60,rf,1,0.869375
synthetic_pilot,cv5,500,60,rf,2,0.754375
synthetic_pilot,cv5,500,60,rf,3,0.8753125
synthetic_pilot,cv5,500,60,rf,4,0.800625
synthetic_pilot,cv5,500,60,rf,5,0.8174999999999999
synthetic_pilot,cv5,500,60,gb,1,0.8568749999999999
synthetic_pilot,cv5,500,60,gb,2,0.76125
synthetic_pilot,cv5,500,60,gb,3,0.855
synthetic_pilot,cv5,500,60,gb,4,0.8543750000000001
synthetic_pilot,cv5,500,60,gb,5,0.829375
synthetic_pilot,cv5,500,61,logreg,1,0.881875
synthetic_pilot,cv5,500,61,logreg,2,0.815
synthetic_pilot,cv5,500,61,logreg,3,0.7075
synthetic_pilot,cv5,500,61,logreg,4,0.848125
synthetic_pilot,cv5,500,61,logreg,5,0.7143750000000001
synthetic_pilot,cv5,500,61,knn,1,0.6890625
synthetic_pilot,cv5,500,61,knn,2,0.8034375
synthetic_pilot,cv5,500,61,knn,3,0.685
synthetic_pilot,cv5,500,61,knn,4,0.7675
synthetic_pilot,cv5,500,61,knn,5,0.72875
synthetic_pilot,cv5,500,61,dtree,1,0.7643749999999999
synthetic_pilot,cv5,500,61,dtree,2,0.7065625
synthetic_pilot,cv5,500,61,dtree,3,0.653125
synthetic_pilot,cv5,500,61,dtree,4,0.7175
synthetic_pilot,cv5,500,61,dtree,5,0.5974999999999999
synthetic_pilot,cv5,500,61,svm,1,0.791875
synthetic_pilot,cv5,500,61,svm,2,0.861875
synthetic_pilot,cv5,500,61,svm,3,0.830625
synthetic_pilot,cv5,500,61,svm,4,0.9137500000000001
synthetic_pilot,cv5,500,61,svm,5,0.761875
synthetic_pilot,cv5,500,61,rf,1,0.8243750000000001
synthetic_pilot,cv5,500,61,rf,2,0.8412499999999999
synthetic_pilot,cv5,500,61,rf,3,0.8084374999999999
synthetic_pilot,cv5,500,61,rf,4,0.8646875
synthetic_pilot,cv5,500,61,rf,5,0.695
synthetic_pilot,cv5,500,61,gb,1,0.834375
synthetic_pilot,cv5,500,61,gb,2,0.8075000000000001
synthetic_pilot,cv5,500,61,gb,3,0.769375
synthetic_pilot,cv5,500,61,gb,4,0.8612500000000001
synthetic_pilot,cv5,500,61,gb,5,0.72
synthetic_pilot,cv5,500,62,logreg,1,0.865
synthetic_pilot,cv5,500,62,logreg,2,0.7725000000000001
synthetic_pilot,cv5,500,62,logreg,3,0.8312499999999999
synthetic_pilot,cv5,500,62,logreg,4,0.72625
synthetic_pilot,cv5,500,62,logreg,5,0.76375
synthetic_pilot,cv5,500,62,knn,1,0.768125
synthetic_pilot,cv5,500,62,knn,2,0.7159375
synthetic_pilot,cv5,500,62,knn,3,0.8109375000000001
synthetic_pilot,cv5,500,62,knn,4,0.7890625
synthetic_pilot,cv5,500,62,knn,5,0.7534375
synthetic_pilot,cv5,500,62,dtree,1,0.594375
synthetic_pilot,cv5,500,62,dtree,2,0.6699999999999999
synthetic_pilot,cv5,500,62,dtree,3,0.7784375
synthetic_pilot,cv5,500,62,dtree,4,0.5728125
synthetic_pilot,cv5,500,62,dtree,5,0.6384375
synthetic_pilot,cv5,500,62,svm,1,0.784375
synthetic_pilot,cv5,500,62,svm,2,0.84375
synthetic_pilot,cv5,500,62,svm,3,0.82375
synthetic_pilot,cv5,500,62,svm,4,0.7599999999999999
synthetic_pilot,cv5,500,62,svm,5,0.7887500000000001
synthetic_pilot,cv5,500,62,rf,1,0.8453125
synthetic_pilot,cv5,500,62,rf,2,0.789375
synthetic_pilot,cv5,500,62,rf,3,0.8746875
synthetic_pilot,cv5,500,62,rf,4,0.69
synthetic_pilot,cv5,500,62,rf,5,0.7437500000000001
synthetic_pilot,cv5,500,62,gb,1,0.6993750000000001
synthetic_pilot,cv5,500,62,gb,2,0.77125
synthetic_pilot,cv5,500,62,gb,3,0.8525
synthetic_pilot,cv5,500,62,gb,4,0.7162499999999999
synthetic_pilot,cv5,500,62,gb,5,0.754375
synthetic_pilot,cv5,500,63,logreg,1,0.825
synthetic_pilot,cv5,500,63,logreg,2,0.761875
synthetic_pilot,cv5,500,63,logreg,3,0.80875
synthetic_pilot,cv5,500,63,logreg,4,0.845
synthetic_pilot,cv5,500,63,logreg,5,0.7862499999999999
synthetic_pilot,cv5,500,63,knn,1,0.7125
synthetic_pilot,cv5,500,63,knn,2,0.6853125
synthetic_pilot,cv5,500,63,knn,3,0.7418750000000001
synthetic_pilot,cv5,500,63,knn,4,0.6631250000000001
synthetic_pilot,cv5,500,63,knn,5,0.6596875
synthetic_pilot,cv5,500,63,dtree,1,0.680625
synthetic_pilot,cv5,500,63,dtree,2,0.6078125000000001
synthetic_pilot,cv5,500,63,dtree,3,0.6984375
synthetic_pilot,cv5,500,63,dtree,4,0.825
synthetic_pilot,cv5,500,63,dtree,5,0.49125
synthetic_pilot,cv5,500,63,svm,1,0.808125
synthetic_pilot,cv5,500,63,svm,2,0.740625
synthetic_pilot,cv5,500,63,svm,3,0.845625
synthetic_pilot,cv5,500,63,svm,4,0.866875
synthetic_pilot,cv5,500,63,svm,5,0.736875
synthetic_pilot,cv5,500,63,rf,1,0.7875
synthetic_pilot,cv5,500,63,rf,2,0.7625000000000001
synthetic_pilot,cv5,500,63,rf,3,0.7784375
synthetic_pilot,cv5,500,63,rf,4,0.8171875000000002
synthetic_pilot,cv5,500,63,rf,5,0.7340625
synthetic_pilot,cv5,500,63,gb,1,0.79
synthetic_pilot,cv5,500,63,gb,2,0.75
synthetic_pilot,cv5,500,63,gb,3,0.790625
synthetic_pilot,cv5,500,63,gb,4,0.7875000000000001
synthetic_pilot,cv5,500,63,gb,5,0.73375
synthetic_pilot,cv5,500,64,logreg,1,0.8
synthetic_pilot,cv5,500,64,logreg,2,0.711875
synthetic_pilot,cv5,500,64,logreg,3,0.7775
synthetic_pilot,cv5,500,64,logreg,4,0.6900000000000001
synthetic_pilot,cv5,500,64,logreg,5,0.7993750000000001
synthetic_pilot,cv5,500,64,knn,1,0.683125
synthetic_pilot,cv5,500,64,knn,2,0.6415624999999999
synthetic_pilot,cv5,500,64,knn,3,0.7631249999999999
synthetic_pilot,cv5,500,64,knn,4,0.6043749999999999
synthetic_pilot,cv5,500,64,knn,5,0.7553125
synthetic_pilot,cv5,500,64,dtree,1,0.59375
synthetic_pilot,cv5,500,64,dtree,2,0.5634375
synthetic_pilot,cv5,500,64,dtree,3,0.6265624999999999
synthetic_pilot,cv5,500,64,dtree,4,0.6259374999999999
synthetic_pilot,cv5,500,64,dtree,5,0.6678125
synthetic_pilot,cv5,500,64,svm,1,0.791875
synthetic_pilot,cv5,500,64,svm,2,0.7387499999999999
synthetic_pilot,cv5,500,64,svm,3,0.771875
synthetic_pilot,cv5,500,64,svm,4,0.8099999999999999
synthetic_pilot,cv5,500,64,svm,5,0.865625
synthetic_pilot,cv5,500,64,rf,1,0.771875
synthetic_pilot,cv5,500,64,rf,2,0.6909375
synthetic_pilot,cv5,500,64,rf,3,0.7424999999999999
synthetic_pilot,cv5,500,64,rf,4,0.740625
synthetic_pilot,cv5,500,64,rf,5,0.7871875
synthetic_pilot,cv5,500,64,gb,1,0.771875
synthetic_pilot,cv5,500,64,gb,2,0.7374999999999999
synthetic_pilot,cv5,500,64,gb,3,0.76
synthetic_pilot,cv5,500,64,gb,4,0.71375
synthetic_pilot,cv5,500,64,gb,5,0.7275
synthetic_pilot,cv5,500,65,logreg,1,0.865
synthetic_pilot,cv5,500,65,logreg,2,0.8706250000000001
synthetic_pilot,cv5,500,65,logreg,3,0.76
synthetic_pilot,cv5,500,65,logreg,4,0.88
synthetic_pilot,cv5,500,65,logreg,5,0.7881250000000001
synthetic_pilot,cv5,500,65,knn,1,0.7818750000000001
synthetic_pilot,cv5,500,65,knn,2,0.8078125
synthetic_pilot,cv5,500,65,knn,3,0.7334375
synthetic_pilot,cv5,500,65,knn,4,0.73875
synthetic_pilot,cv5,500,65,knn,5,0.8128124999999999
synthetic_pilot,cv5,500,65,dtree,1,0.6565625
synthetic_pilot,cv5,500,65,dtree,2,0.6284375000000001
synthetic_pilot,cv5,500,65,dtree,3,0.5565625000000001
synthetic_pilot,cv5,500,65,dtree,4,0.569375
synthetic_pilot,cv5,500,65,dtree,5,0.6734375
synthetic_pilot,cv5,500,65,svm,1,0.87625
synthetic_pilot,cv5,500,65,svm,2,0.8837499999999999
synthetic_pilot,cv5,500,65,svm,3,0.756875
synthetic_pilot,cv5,500,65,svm,4,0.8512500000000001
synthetic_pilot,cv5,500,65,svm,5,0.861875
synthetic_pilot,cv5,500,65,rf,1,0.8003125
synthetic_pilot,cv5,500,65,rf,2,0.87
synthetic_pilot,cv5,500,65,rf,3,0.6965624999999998
synthetic_pilot,cv5,500,65,rf,4,0.775625
synthetic_pilot,cv5,500,65,rf,5,0.8171875000000001
synthetic_pilot,cv5,500,65,gb,1,0.829375
synthetic_pilot,cv5,500,65,gb,2,0.8112499999999999
synthetic_pilot,cv5,500,65,gb,3,0.744375
synthetic_pilot,cv5,500,65,gb,4,0.74
synthetic_pilot,cv5,500,65,gb,5,0.775625
synthetic_pilot,cv5,500,66,logreg,1,0.856875
synthetic_pilot,cv5,500,66,logreg,2,0.708125
synthetic_pilot,cv5,500,66,logreg,3,0.649375
synthetic_pilot,cv5,500,66,logreg,4,0.8543749999999999
synthetic_pilot,cv5,500,66,logreg,5,0.808125
synthetic_pilot,cv5,500,66,knn,1,0.8834375000000001
synthetic_pilot,cv5,500,66,knn,2,0.6515625
synthetic_pilot,cv5,500,66,knn,3,0.67875
synthetic_pilot,cv5,500,66,knn,4,0.7225
synthetic_pilot,cv5,500,66,knn,5,0.74875
synthetic_pilot,cv5,500,66,dtree,1,0.6875
synthetic_pilot,cv5,500,66,dtree,2,0.6149999999999999
synthetic_pilot,cv5,500,66,dtree,3,0.5553125
synthetic_pilot,cv5,500,66,dtree,4,0.639375
synthetic_pilot,cv5,500,66,dtree,5,0.6828125
synthetic_pilot,cv5,500,66,svm,1,0.883125
synthetic_pilot,cv5,500,66,svm,2,0.7218749999999999
synthetic_pilot,cv5,500,66,svm,3,0.67875
synthetic_pilot,cv5,500,66,svm,4,0.8356250000000001
synthetic_pilot,cv5,500,66,svm,5,0.84375
synthetic_pilot,cv5,500,66,rf,1,0.875625
synthetic_pilot,cv5,500,66,rf,2,0.7106250000000001
synthetic_pilot,cv5,500,66,rf,3,0.6293749999999999
synthetic_pilot,cv5,500,66,rf,4,0.75375
synthetic_pilot,cv5,500,66,rf,5,0.8628124999999999
synthetic_pilot,cv5,500,66,gb,1,0.8162499999999999
synthetic_pilot,cv5,500,66,gb,2,0.7000000000000001
synthetic_pilot,cv5,500,66,gb,3,0.6537499999999999
synthetic_pilot,cv5,500,66,gb,4,0.73375
synthetic_pilot,cv5,500,66,gb,5,0.78625
synthetic_pilot,cv5,500,67,logreg,1,0.808125
synthetic_pilot,cv5,500,67,logreg,2,0.85625
synthetic_pilot,cv5,500,67,logreg,3,0.81125
synthetic_pilot,cv5,500,67,logreg,4,0.76875
synthetic_pilot,cv5,500,67,logreg,5,0.761875
synthetic_pilot,cv5,500,67,knn,1,0.6728125
synthetic_pilot,cv5,500,67,knn,2,0.775
synthetic_pilot,cv5,500,67,knn,3,0.755625
synthetic_pilot,cv5,500,67,knn,4,0.6603125
synthetic_pilot,cv5,500,67,knn,5,0.718125
synthetic_pilot,cv5,500,67,dtree,1,0.579375
synthetic_pilot,cv5,500,67,dtree,2,0.58375
synthetic_pilot,cv5,500,67,dtree,3,0.7703125000000001
synthetic_pilot,cv5,500,67,dtree,4,0.53
synthetic_pilot,cv5,500,67,dtree,5,0.42875
synthetic_pilot,cv5,500,67,svm,1,0.7306250000000001
synthetic_pilot,cv5,500,67,svm,2,0.84
synthetic_pilot,cv5,500,67,svm,3,0.90625
synthetic_pilot,cv5,500,67,svm,4,0.713125
synthetic_pilot,cv5,500,67,svm,5,0.7993750000000001
synthetic_pilot,cv5,500,67,rf,1,0.74125
synthetic_pilot,cv5,500,67,rf,2,0.81
synthetic_pilot,cv5,500,67,rf,3,0.8571875
synthetic_pilot,cv5,500,67,rf,4,0.729375
synthetic_pilot,cv5,500,67,rf,5,0.790625
synthetic_pilot,cv5,500,67,gb,1,0.734375
synthetic_pilot,cv5,500,67,gb,2,0.8656250000000001
synthetic_pilot,cv5,500,67,gb,3,0.816875
synthetic_pilot,cv5,500,67,gb,4,0.75625
synthetic_pilot,cv5,500,67,gb,5,0.794375
synthetic_pilot,cv5,500,68,logreg,1,0.79125
synthetic_pilot,cv5,500,68,logreg,2,0.8356250000000001
synthetic_pilot,cv5,500,68,logreg,3,0.764375
synthetic_pilot,cv5,500,68,logreg,4,0.7587499999999999
synthetic_pilot,cv5,500,68,logreg,5,0.6843750000000001
synthetic_pilot,cv5,500,68,knn,1,0.7203125
synthetic_pilot,cv5,500,68,knn,2,0.6703125
synthetic_pilot,cv5,500,68,knn,3,0.6725
synthetic_pilot,cv5,500,68,knn,4,0.6199999999999999
synthetic_pilot,cv5,500,68,knn,5,0.5934375000000001
synthetic_pilot,cv5,500,68,dtree,1,0.6834374999999999
synthetic_pilot,cv5,500,68,dtree,2,0.7599999999999999
synthetic_pilot,cv5,500,68,dtree,3,0.6684374999999999
synthetic_pilot,cv5,500,68,dtree,4,0.7353125
synthetic_pilot,cv5,500,68,dtree,5,0.6296875
synthetic_pilot,cv5,500,68,svm,1,0.760625
synthetic_pilot,cv5,500,68,svm,2,0.836875
synthetic_pilot,cv5,500,68,svm,3,0.704375
synthetic_pilot,cv5,500,68,svm,4,0.7475
synthetic_pilot,cv5,500,68,svm,5,0.655625
synthetic_pilot,cv5,500,68,rf,1,0.7925000000000001
synthetic_pilot,cv5,500,68,rf,2,0.893125
synthetic_pilot,cv5,500,68,rf,3,0.6684375
synthetic_pilot,cv5,500,68,rf,4,0.753125
synthetic_pilot,cv5,500,68,rf,5,0.6575
synthetic_pilot,cv5,500,68,gb,1,0.7737499999999999
synthetic_pilot,cv5,500,68,gb,2,0.775
synthetic_pilot,cv5,500,68,gb,3,0.6512499999999999
synthetic_pilot,cv5,500,68,gb,4,0.7406250000000001
synthetic_pilot,cv5,500,68,gb,5,0.639375
synthetic_pilot,cv5,500,69,logreg,1,0.785
synthetic_pilot,cv5,500,69,logreg,2,0.7581249999999999
synthetic_pilot,cv5,500,69,logreg,3,0.8637499999999999
synthetic_pilot,cv5,500,69,logreg,4,0.7525
synthetic_pilot,cv5,500,69,logreg,5,0.79375
synthetic_pilot,cv5,500,69,knn,1,0.7021875
synthetic_pilot,cv5,500,69,knn,2,0.663125
synthetic_pilot,cv5,500,69,knn,3,0.6659375000000001
synthetic_pilot,cv5,500,69,knn,4,0.6993749999999999
synthetic_pilot,cv5,500,69,knn,5,0.6275
synthetic_pilot,cv5,500,69,dtree,1,0.5821875
synthetic_pilot,cv5,500,69,dtree,2,0.5796875
synthetic_pilot,cv5,500,69,dtree,3,0.633125
synthetic_pilot,cv5,500,69,dtree,4,0.6234375
synthetic_pilot,cv5,500,69,dtree,5,0.5449999999999999
synthetic_pilot,cv5,500,69,svm,1,0.8118749999999999
synthetic_pilot,cv5,500,69,svm,2,0.7525000000000001
synthetic_pilot,cv5,500,69,svm,3,0.79125
synthetic_pilot,cv5,500,69,svm,4,0.671875
synthetic_pilot,cv5,500,69,svm,5,0.7543749999999999
synthetic_pilot,cv5,500,69,rf,1,0.7415625
synthetic_pilot,cv5,500,69,rf,2,0.7209375
synthetic_pilot,cv5,500,69,rf,3,0.7765624999999999
synthetic_pilot,cv5,500,69,rf,4,0.7678124999999999
synthetic_pilot,cv5,500,69,rf,5,0.6571875
synthetic_pilot,cv5,500,69,gb,1,0.77875
synthetic_pilot,cv5,500,69,gb,2,0.640625
synthetic_pilot,cv5,500,69,gb,3,0.7793749999999999
synthetic_pilot,cv5,500,69,gb,4,0.6849999999999999
synthetic_pilot,cv5,500,69,gb,5,0.69875
synthetic_pilot,cv5,500,70,logreg,1,0.801875
synthetic_pilot,cv5,500,70,logreg,2,0.875625
synthetic_pilot,cv5,500,70,logreg,3,0.838125
synthetic_pilot,cv5,500,70,logreg,4,0.814375
synthetic_pilot,cv5,500,70,logreg,5,0.8243750000000001
synthetic_pilot,cv5,500,70,knn,1,0.75125
synthetic_pilot,cv5,500,70,knn,2,0.750625
synthetic_pilot,cv5,500,70,knn,3,0.8321874999999999
synthetic_pilot,cv5,500,70,knn,4,0.670625
synthetic_pilot,cv5,500,70,knn,5,0.7196875
synthetic_pilot,cv5,500,70,dtree,1,0.6378125
synthetic_pilot,cv5,500,70,dtree,2,0.61125
synthetic_pilot,cv5,500,70,dtree,3,0.6771875000000002
synthetic_pilot,cv5,500,70,dtree,4,0.6053124999999999
synthetic_pilot,cv5,500,70,dtree,5,0.5859375
synthetic_pilot,cv5,500,70,svm,1,0.811875
synthetic_pilot,cv5,500,70,svm,2,0.858125
synthetic_pilot,cv5,500,70,svm,3,0.89
synthetic_pilot,cv5,500,70,svm,4,0.816875
synthetic_pilot,cv5,500,70,svm,5,0.8324999999999999
synthetic_pilot,cv5,500,70,rf,1,0.7465625
synthetic_pilot,cv5,500,70,rf,2,0.8434375000000002
synthetic_pilot,cv5,500,70,rf,3,0.89625
synthetic_pilot,cv5,500,70,rf,4,0.7528125000000001
synthetic_pilot,cv5,500,70,rf,5,0.778125
synthetic_pilot,cv5,500,70,gb,1,0.8587500000000001
synthetic_pilot,cv5,500,70,gb,2,0.824375
synthetic_pilot,cv5,500,70,gb,3,0.8768750000000001
synthetic_pilot,cv5,500,70,gb,4,0.7875000000000001
synthetic_pilot,cv5,500,70,gb,5,0.80875
synthetic_pilot,cv5,500,71,logreg,1,0.7725
synthetic_pilot,cv5,500,71,logreg,2,0.7081250000000001
synthetic_pilot,cv5,500,71,logreg,3,0.85375
synthetic_pilot,cv5,500,71,logreg,4,0.869375
synthetic_pilot,cv5,500,71,logreg,5,0.875
synthetic_pilot,cv5,500,71,knn,1,0.6118750000000001
synthetic_pilot,cv5,500,71,knn,2,0.66875
synthetic_pilot,cv5,500,71,knn,3,0.6640625
synthetic_pilot,cv5,500,71,knn,4,0.7140625
synthetic_pilot,cv5,500,71,knn,5,0.6893750000000001
synthetic_pilot,cv5,500,71,dtree,1,0.67
synthetic_pilot,cv5,500,71,dtree,2,0.6721874999999999
synthetic_pilot,cv5,500,71,dtree,3,0.55875
synthetic_pilot,cv5,500,71,dtree,4,0.6771874999999999
synthetic_pilot,cv5,500,71,dtree,5,0.7384375000000001
synthetic_pilot,cv5,500,71,svm,1,0.7937500000000001
synthetic_pilot,cv5,500,71,svm,2,0.73125
synthetic_pilot,cv5,500,71,svm,3,0.7737499999999999
synthetic_pilot,cv5,500,71,svm,4,0.8287499999999999
synthetic_pilot,cv5,500,71,svm,5,0.8143750000000001
synthetic_pilot,cv5,500,71,rf,1,0.7653125000000001
synthetic_pilot,cv5,500,71,rf,2,0.7140625
synthetic_pilot,cv5,500,71,rf,3,0.756875
synthetic_pilot,cv5,500,71,rf,4,0.854375
synthetic_pilot,cv5,500,71,rf,5,0.83375
synthetic_pilot,cv5,500,71,gb,1,0.79125
synthetic_pilot,cv5,500,71,gb,2,0.733125
synthetic_pilot,cv5,500,71,gb,3,0.771875
synthetic_pilot,cv5,500,71,gb,4,0.8081250000000001
synthetic_pilot,cv5,500,71,gb,5,0.82875
synthetic_pilot,cv5,500,72,logreg,1,0.784375
synthetic_pilot,cv5,500,72,logreg,2,0.815625
synthetic_pilot,cv5,500,72,logreg,3,0.7975
synthetic_pilot,cv5,500,72,logreg,4,0.81125
synthetic_pilot,cv5,500,72,logreg,5,0.7887500000000001
synthetic_pilot,cv5,500,72,knn,1,0.7078125000000001
synthetic_pilot,cv5,500,72,knn,2,0.7184375
synthetic_pilot,cv5,500,72,knn,3,0.669375
synthetic_pilot,cv5,500,72,knn,4,0.6971875000000001
synthetic_pilot,cv5,500,72,knn,5,0.7106250000000001
synthetic_pilot,cv5,500,72,dtree,1,0.6415625000000001
synthetic_pilot,cv5,500,72,dtree,2,0.5275000000000001
synthetic_pilot,cv5,500,72,dtree,3,0.543125
synthetic_pilot,cv5,500,72,dtree,4,0.6609375
synthetic_pilot,cv5,500,72,dtree,5,0.7521875
synthetic_pilot,cv5,500,72,svm,1,0.719375
synthetic_pilot,cv5,500,72,svm,2,0.83875
synthetic_pilot,cv5,500,72,svm,3,0.8125
synthetic_pilot,cv5,500,72,svm,4,0.84875
synthetic_pilot,cv5,500,72,svm,5,0.85125
synthetic_pilot,cv5,500,72,rf,1,0.700625
synthetic_pilot,cv5,500,72,rf,2,0.78375
synthetic_pilot,cv5,500,72,rf,3,0.7978125
synthetic_pilot,cv5,500,72,rf,4,0.809375
synthetic_pilot,cv5,500,72,rf,5,0.8228125
synthetic_pilot,cv5,500,72,gb,1,0.690625
synthetic_pilot,cv5,500,72,gb,2,0.798125
synthetic_pilot,cv5,500,72,gb,3,0.77375
synthetic_pilot,cv5,500,72,gb,4,0.806875
synthetic_pilot,cv5,500,72,gb,5,0.8287500000000001
synthetic_pilot,cv5,500,73,logreg,1,0.845
synthetic_pilot,cv5,500,73,logreg,2,0.755625
synthetic_pilot,cv5,500,73,logreg,3,0.738125
synthetic_pilot,cv5,500,73,logreg,4,0.7993750000000001
synthetic_pilot,cv5,500,73,logreg,5,0.83125
synthetic_pilot,cv5,500,73,knn,1,0.7887500000000001
synthetic_pilot,cv5,500,73,knn,2,0.7871874999999999
synthetic_pilot,cv5,500,73,knn,3,0.6734375
synthetic_pilot,cv5,500,73,knn,4,0.6065625
synthetic_pilot,cv5,500,73,knn,5,0.7584375000000001
synthetic_pilot,cv5,500,73,dtree,1,0.7378125
synthetic_pilot,cv5,500,73,dtree,2,0.5653125
synthetic_pilot,cv5,500,73,dtree,3,0.6375000000000001
synthetic_pilot,cv5,500,73,dtree,4,0.7096875
synthetic_pilot,cv5,500,73,dtree,5,0.6684375
synthetic_pilot,cv5,500,73,svm,1,0.8587499999999999
synthetic_pilot,cv5,500,73,svm,2,0.75375
synthetic_pilot,cv5,500,73,svm,3,0.823125
synthetic_pilot,cv5,500,73,svm,4,0.79625
synthetic_pilot,cv5,500,73,svm,5,0.8031249999999999
synthetic_pilot,cv5,500,73,rf,1,0.8446875
synthetic_pilot,cv5,500,73,rf,2,0.7728125
synthetic_pilot,cv5,500,73,rf,3,0.7628125
synthetic_pilot,cv5,500,73,rf,4,0.7871875
synthetic_pilot,cv5,500,73,rf,5,0.7874999999999999
synthetic_pilot,cv5,500,73,gb,1,0.869375
synthetic_pilot,cv5,500,73,gb,2,0.7518750000000001
synthetic_pilot,cv5,500,73,gb,3,0.8200000000000001
synthetic_pilot,cv5,500,73,gb,4,0.859375
synthetic_pilot,cv5,500,73,gb,5,0.843125
synthetic_pilot,cv5,500,74,logreg,1,0.7887500000000001
synthetic_pilot,cv5,500,74,logreg,2,0.78625
synthetic_pilot,cv5,500,74,logreg,3,0.71375
synthetic_pilot,cv5,500,74,logreg,4,0.8231250000000001
synthetic_pilot,cv5,500,74,logreg,5,0.771875
synthetic_pilot,cv5,500,74,knn,1,0.7462500000000001
synthetic_pilot,cv5,500,74,knn,2,0.658125
synthetic_pilot,cv5,500,74,knn,3,0.61875
synthetic_pilot,cv5,500,74,knn,4,0.6678125
synthetic_pilot,cv5,500,74,knn,5,0.61625
synthetic_pilot,cv5,500,74,dtree,1,0.5846875
synthetic_pilot,cv5,500,74,dtree,2,0.5575
synthetic_pilot,cv5,500,74,dtree,3,0.6040625
synthetic_pilot,cv5,500,74,dtree,4,0.5421874999999999
synthetic_pilot,cv5,500,74,dtree,5,0.5396875
synthetic_pilot,cv5,500,74,svm,1,0.894375
synthetic_pilot,cv5,500,74,svm,2,0.7306250000000001
synthetic_pilot,cv5,500,74,svm,3,0.775625
synthetic_pilot,cv5,500,74,svm,4,0.81125
synthetic_pilot,cv5,500,74,svm,5,0.764375
synthetic_pilot,cv5,500,74,rf,1,0.75375
synthetic_pilot,cv5,500,74,rf,2,0.663125
synthetic_pilot,cv5,500,74,rf,3,0.733125
synthetic_pilot,cv5,500,74,rf,4,0.7171875
synthetic_pilot,cv5,500,74,rf,5,0.7021875
synthetic_pilot,cv5,500,74,gb,1,0.7200000000000001
synthetic_pilot,cv5,500,74,gb,2,0.655625
synthetic_pilot,cv5,500,74,gb,3,0.7262500000000001
synthetic_pilot,cv5,500,74,gb,4,0.7175
synthetic_pilot,cv5,500,74,gb,5,0.776875
synthetic_pilot,cv5,500,75,logreg,1,0.7937500000000001
synthetic_pilot,cv5,500,75,logreg,2,0.8643750000000001
synthetic_pilot,cv5,500,75,logreg,3,0.8025000000000001
synthetic_pilot,cv5,500,75,logreg,4,0.8600000000000001
synthetic_pilot,cv5,500,75,logreg,5,0.655
synthetic_pilot,cv5,500,75,knn,1,0.773125
synthetic_pilot,cv5,500,75,knn,2,0.7318749999999999
synthetic_pilot,cv5,500,75,knn,3,0.7406250000000001
synthetic_pilot,cv5,500,75,knn,4,0.7012500000000002
synthetic_pilot,cv5,500,75,knn,5,0.6328125
synthetic_pilot,cv5,500,75,dtree,1,0.44999999999999996
synthetic_pilot,cv5,500,75,dtree,2,0.5721875
synthetic_pilot,cv5,500,75,dtree,3,0.70125
synthetic_pilot,cv5,500,75,dtree,4,0.525625
synthetic_pilot,cv5,500,75,dtree,5,0.635
synthetic_pilot,cv5,500,75,svm,1,0.764375
synthetic_pilot,cv5,500,75,svm,2,0.80125
synthetic_pilot,cv5,500,75,svm,3,0.815
synthetic_pilot,cv5,500,75,svm,4,0.87125
synthetic_pilot,cv5,500,75,svm,5,0.718125
synthetic_pilot,cv5,500,75,rf,1,0.709375
synthetic_pilot,cv5,500,75,rf,2,0.820625
synthetic_pilot,cv5,500,75,rf,3,0.8340624999999999
synthetic_pilot,cv5,500,75,rf,4,0.8171875000000001
synthetic_pilot,cv5,500,75,rf,5,0.6703125
synthetic_pilot,cv5,500,75,gb,1,0.715625
synthetic_pilot,cv5,500,75,gb,2,0.8825000000000001
synthetic_pilot,cv5,500,75,gb,3,0.8081249999999999
synthetic_pilot,cv5,500,75,gb,4,0.82375
synthetic_pilot,cv5,500,75,gb,5,0.67625
synthetic_pilot,cv5,500,76,logreg,1,0.763125
synthetic_pilot,cv5,500,76,logreg,2,0.8150000000000001
synthetic_pilot,cv5,500,76,logreg,3,0.845
synthetic_pilot,cv5,500,76,logreg,4,0.765625
synthetic_pilot,cv5,500,76,logreg,5,0.661875
synthetic_pilot,cv5,500,76,knn,1,0.665625
synthetic_pilot,cv5,500,76,knn,2,0.7181250000000001
synthetic_pilot,cv5,500,76,knn,3,0.7115625000000001
synthetic_pilot,cv5,500,76,knn,4,0.614375
synthetic_pilot,cv5,500,76,knn,5,0.7903125
synthetic_pilot,cv5,500,76,dtree,1,0.5471874999999999
synthetic_pilot,cv5,500,76,dtree,2,0.5921875000000001
synthetic_pilot,cv5,500,76,dtree,3,0.7975
synthetic_pilot,cv5,500,76,dtree,4,0.590625
synthetic_pilot,cv5,500,76,dtree,5,0.5665625
synthetic_pilot,cv5,500,76,svm,1,0.704375
synthetic_pilot,cv5,500,76,svm,2,0.7468750000000001
synthetic_pilot,cv5,500,76,svm,3,0.8362499999999999
synthetic_pilot,cv5,500,76,svm,4,0.8125
synthetic_pilot,cv5,500,76,svm,5,0.7087500000000001
synthetic_pilot,cv5,500,76,rf,1,0.6396875
synthetic_pilot,cv5,500,76,rf,2,0.7478125
synthetic_pilot,cv5,500,76,rf,3,0.8371875
synthetic_pilot,cv5,500,76,rf,4,0.7525
synthetic_pilot,cv5,500,76,rf,5,0.6696875000000001
synthetic_pilot,cv5,500,76,gb,1,0.731875
synthetic_pilot,cv5,500,76,gb,2,0.771875
synthetic_pilot,cv5,500,76,gb,3,0.87625
synthetic_pilot,cv5,500,76,gb,4,0.714375
synthetic_pilot,cv5,500,76,gb,5,0.725
synthetic_pilot,cv5,500,77,logreg,1,0.7037499999999999
synthetic_pilot,cv5,500,77,logreg,2,0.75375
synthetic_pilot,cv5,500,77,logreg,3,0.85875
synthetic_pilot,cv5,500,77,logreg,4,0.8225
synthetic_pilot,cv5,500,77,logreg,5,0.801875
synthetic_pilot,cv5,500,77,knn,1,0.5734375
synthetic_pilot,cv5,500,77,knn,2,0.6521875
synthetic_pilot,cv5,500,77,knn,3,0.701875
synthetic_pilot,cv5,500,77,knn,4,0.6834375
synthetic_pilot,cv5,500,77,knn,5,0.7990625
synthetic_pilot,cv5,500,77,dtree,1,0.536875
synthetic_pilot,cv5,500,77,dtree,2,0.5846875
synthetic_pilot,cv5,500,77,dtree,3,0.6828124999999999
synthetic_pilot,cv5,500,77,dtree,4,0.509375
synthetic_pilot,cv5,500,77,dtree,5,0.6165625000000001
synthetic_pilot,cv5,500,77,svm,1,0.7112499999999999
synthetic_pilot,cv5,500,77,svm,2,0.76625
synthetic_pilot,cv5,500,77,svm,3,0.8375
synthetic_pilot,cv5,500,77,svm,4,0.8
synthetic_pilot,cv5,500,77,svm,5,0.7337499999999999
synthetic_pilot,cv5,500,77,rf,1,0.6546875
synthetic_pilot,cv5,500,77,rf,2,0.6859375000000001
synthetic_pilot,cv5,500,77,rf,3,0.8496874999999999
synthetic_pilot,cv5,500,77,rf,4,0.8268749999999999
synthetic_pilot,cv5,500,77,rf,5,0.701875
synthetic_pilot,cv5,500,77,gb,1,0.6537499999999999
synthetic_pilot,cv5,500,77,gb,2,0.65375
synthetic_pilot,cv5,500,77,gb,3,0.79375
synthetic_pilot,cv5,500,77,gb,4,0.775625
synthetic_pilot,cv5,500,77,gb,5,0.735625
synthetic_pilot,cv5,500,78,logreg,1,0.71
synthetic_pilot,cv5,500,78,logreg,2,0.7749999999999999
synthetic_pilot,cv5,500,78,logreg,3,0.840625
synthetic_pilot,cv5,500,78,logreg,4,0.86125
synthetic_pilot,cv5,500,78,logreg,5,0.7575
synthetic_pilot,cv5,500,78,knn,1,0.6465624999999999
synthetic_pilot,cv5,500,78,knn,2,0.64125
synthetic_pilot,cv5,500,78,knn,3,0.6815625000000001
synthetic_pilot,cv5,500,78,knn,4,0.795625
synthetic_pilot,cv5,500,78,knn,5,0.6178125
synthetic_pilot,cv5,500,78,dtree,1,0.4725
synthetic_pilot,cv5,500,78,dtree,2,0.5934375
synthetic_pilot,cv5,500,78,dtree,3,0.7440625000000001
synthetic_pilot,cv5,500,78,dtree,4,0.6493749999999999
synthetic_pilot,cv5,500,78,dtree,5,0.5778125000000001
synthetic_pilot,cv5,500,78,svm,1,0.79375
synthetic_pilot,cv5,500,78,svm,2,0.7562499999999999
synthetic_pilot,cv5,500,78,svm,3,0.806875
synthetic_pilot,cv5,500,78,svm,4,0.780625
synthetic_pilot,cv5,500,78,svm,5,0.755
synthetic_pilot,cv5,500,78,rf,1,0.6965625
synthetic_pilot,cv5,500,78,rf,2,0.7009374999999999
synthetic_pilot,cv5,500,78,rf,3,0.8015625000000001
synthetic_pilot,cv5,500,78,rf,4,0.7706250000000001
synthetic_pilot,cv5,500,78,rf,5,0.7221875
synthetic_pilot,cv5,500,78,gb,1,0.6387499999999999
synthetic_pilot,cv5,500,78,gb,2,0.7175
synthetic_pilot,cv5,500,78,gb,3,0.8106249999999999
synthetic_pilot,cv5,500,78,gb,4,0.79625
synthetic_pilot,cv5,500,78,gb,5,0.70625
synthetic_pilot,cv5,500,79,logreg,1,0.744375
synthetic_pilot,cv5,500,79,logreg,2,0.790625
synthetic_pilot,cv5,500,79,logreg,3,0.83
synthetic_pilot,cv5,500,79,logreg,4,0.7849999999999999
synthetic_pilot,cv5,500,79,logreg,5,0.77375
synthetic_pilot,cv5,500,79,knn,1,0.7609375
synthetic_pilot,cv5,500,79,knn,2,0.6753125
synthetic_pilot,cv5,500,79,knn,3,0.690625
synthetic_pilot,cv5,500,79,knn,4,0.6699999999999999
synthetic_pilot,cv5,500,79,knn,5,0.7403124999999999
synthetic_pilot,cv5,500,79,dtree,1,0.5893750000000001
synthetic_pilot,cv5,500,79,dtree,2,0.6353125
synthetic_pilot,cv5,500,79,dtree,3,0.5796875
synthetic_pilot,cv5,500,79,dtree,4,0.5675
synthetic_pilot,cv5,500,79,dtree,5,0.611875
synthetic_pilot,cv5,500,79,svm,1,0.75875
synthetic_pilot,cv5,500,79,svm,2,0.7381249999999999
synthetic_pilot,cv5,500,79,svm,3,0.739375
synthetic_pilot,cv5,500,79,svm,4,0.7725000000000001
synthetic_pilot,cv5,500,79,svm,5,0.816875
synthetic_pilot,cv5,500,79,rf,1,0.775
synthetic_pilot,cv5,500,79,rf,2,0.750625
synthetic_pilot,cv5,500,79,rf,3,0.7409374999999999
synthetic_pilot,cv5,500,79,rf,4,0.7162499999999999
synthetic_pilot,cv5,500,79,rf,5,0.7765624999999999
synthetic_pilot,cv5,500,79,gb,1,0.68125
synthetic_pilot,cv5,500,79,gb,2,0.761875
synthetic_pilot,cv5,500,79,gb,3,0.750625
synthetic_pilot,cv5,500,79,gb,4,0.801875
synthetic_pilot,cv5,500,79,gb,5,0.7962499999999999
synthetic_pilot,cv5,500,80,logreg,1,0.8218749999999999
synthetic_pilot,cv5,500,80,logreg,2,0.8575
synthetic_pilot,cv5,500,80,logreg,3,0.8624999999999999
synthetic_pilot,cv5,500,80,logreg,4,0.8062500000000001
synthetic_pilot,cv5,500,80,logreg,5,0.83875
synthetic_pilot,cv5,500,80,knn,1,0.7884375
synthetic_pilot,cv5,500,80,knn,2,0.7450000000000001
synthetic_pilot,cv5,500,80,knn,3,0.8471874999999999
synthetic_pilot,cv5,500,80,knn,4,0.7625
synthetic_pilot,cv5,500,80,knn,5,0.7525000000000001
synthetic_pilot,cv5,500,80,dtree,1,0.6965625
synthetic_pilot,cv5,500,80,dtree,2,0.5815625
synthetic_pilot,cv5,500,80,dtree,3,0.70375
synthetic_pilot,cv5,500,80,dtree,4,0.683125
synthetic_pilot,cv5,500,80,dtree,5,0.56375
synthetic_pilot,cv5,500,80,svm,1,0.87875
synthetic_pilot,cv5,500,80,svm,2,0.88
synthetic_pilot,cv5,500,80,svm,3,0.880625
synthetic_pilot,cv5,500,80,svm,4,0.813125
synthetic_pilot,cv5,500,80,svm,5,0.888125
synthetic_pilot,cv5,500,80,rf,1,0.815625
synthetic_pilot,cv5,500,80,rf,2,0.86875
synthetic_pilot,cv5,500,80,rf,3,0.8546875
synthetic_pilot,cv5,500,80,rf,4,0.8175
synthetic_pilot,cv5,500,80,rf,5,0.8628125
synthetic_pilot,cv5,500,80,gb,1,0.80625
synthetic_pilot,cv5,500,80,gb,2,0.8831249999999999
synthetic_pilot,cv5,500,80,gb,3,0.9025
synthetic_pilot,cv5,500,80,gb,4,0.858125
synthetic_pilot,cv5,500,80,gb,5,0.8674999999999999
synthetic_pilot,cv5,500,81,logreg,1,0.725625
synthetic_pilot,cv5,500,81,logreg,2,0.775625
synthetic_pilot,cv5,500,81,logreg,3,0.79
synthetic_pilot,cv5,500,81,logreg,4,0.833125
synthetic_pilot,cv5,500,81,logreg,5,0.7243749999999999
synthetic_pilot,cv5,500,81,knn,1,0.7534375
synthetic_pilot,cv5,500,81,knn,2,0.670625
synthetic_pilot,cv5,500,81,knn,3,0.6846874999999999
synthetic_pilot,cv5,500,81,knn,4,0.6653125
synthetic_pilot,cv5,500,81,knn,5,0.66375
synthetic_pilot,cv5,500,81,dtree,1,0.6503125
synthetic_pilot,cv5,500,81,dtree,2,0.6240625
synthetic_pilot,cv5,500,81,dtree,3,0.5253125
synthetic_pilot,cv5,500,81,dtree,4,0.6153125
synthetic_pilot,cv5,500,81,dtree,5,0.52875
synthetic_pilot,cv5,500,81,svm,1,0.8125
synthetic_pilot,cv5,500,81,svm,2,0.764375
synthetic_pilot,cv5,500,81,svm,3,0.790625
synthetic_pilot,cv5,500,81,svm,4,0.808125
synthetic_pilot,cv5,500,81,svm,5,0.7725
synthetic_pilot,cv5,500,81,rf,1,0.7584375
synthetic_pilot,cv5,500,81,rf,2,0.6696875
synthetic_pilot,cv5,500,81,rf,3,0.8121875000000001
synthetic_pilot,cv5,500,81,rf,4,0.780625
synthetic_pilot,cv5,500,81,rf,5,0.708125
synthetic_pilot,cv5,500,81,gb,1,0.78625
synthetic_pilot,cv5,500,81,gb,2,0.781875
synthetic_pilot,cv5,500,81,gb,3,0.84125
synthetic_pilot,cv5,500,81,gb,4,0.8306250000000001
synthetic_pilot,cv5,500,81,gb,5,0.70375
synthetic_pilot,cv5,500,82,logreg,1,0.7925
synthetic_pilot,cv5,500,82,logreg,2,0.81375
synthetic_pilot,cv5,500,82,logreg,3,0.72
synthetic_pilot,cv5,500,82,logreg,4,0.79
synthetic_pilot,cv5,500,82,logreg,5,0.785625
synthetic_pilot,cv5,500,82,knn,1,0.7346875
synthetic_pilot,cv5,500,82,knn,2,0.7321875
synthetic_pilot,cv5,500,82,knn,3,0.665
synthetic_pilot,cv5,500,82,knn,4,0.7384375000000001
synthetic_pilot,cv5,500,82,knn,5,0.653125
synthetic_pilot,cv5,500,82,dtree,1,0.5756249999999999
synthetic_pilot,cv5,500,82,dtree,2,0.7231249999999999
synthetic_pilot,cv5,500,82,dtree,3,0.5959375
synthetic_pilot,cv5,500,82,dtree,4,0.7046875
synthetic_pilot,cv5,500,82,dtree,5,0.6559375000000001
synthetic_pilot,cv5,500,82,svm,1,0.768125
synthetic_pilot,cv5,500,82,svm,2,0.7675000000000001
synthetic_pilot,cv5,500,82,svm,3,0.7887500000000001
synthetic_pilot,cv5,500,82,svm,4,0.881875
synthetic_pilot,cv5,500,82,svm,5,0.784375
synthetic_pilot,cv5,500,82,rf,1,0.705
synthetic_pilot,cv5,500,82,rf,2,0.7209375
synthetic_pilot,cv5,500,82,rf,3,0.700625
synthetic_pilot,cv5,500,82,rf,4,0.8
synthetic_pilot,cv5,500,82,rf,5,0.764375
synthetic_pilot,cv5,500,82,gb,1,0.7606249999999999
synthetic_pilot,cv5,500,82,gb,2,0.79125
synthetic_pilot,cv5,500,82,gb,3,0.740625
synthetic_pilot,cv5,500,82,gb,4,0.81125
synthetic_pilot,cv5,500,82,gb,5,0.7799999999999999
synthetic_pilot,cv5,500,83,logreg,1,0.775625
synthetic_pilot,cv5,500,83,logreg,2,0.7537499999999999
synthetic_pilot,cv5,500,83,logreg,3,0.790625
synthetic_pilot,cv5,500,83,logreg,4,0.7025
synthetic_pilot,cv5,500,83,logreg,5,0.78
synthetic_pilot,cv5,500,83,knn,1,0.621875
synthetic_pilot,cv5,500,83,knn,2,0.6590625000000001
synthetic_pilot,cv5,500,83,knn,3,0.816875
synthetic_pilot,cv5,500,83,knn,4,0.723125
synthetic_pilot,cv5,500,83,knn,5,0.7606250000000001
synthetic_pilot,cv5,500,83,dtree,1,0.635
synthetic_pilot,cv5,500,83,dtree,2,0.6884375
synthetic_pilot,cv5,500,83,dtree,3,0.6403125000000001
synthetic_pilot,cv5,500,83,dtree,4,0.6028125
synthetic_pilot,cv5,500,83,dtree,5,0.6871875000000001
synthetic_pilot,cv5,500,83,svm,1,0.80375
synthetic_pilot,cv5,500,83,svm,2,0.7681250000000001
synthetic_pilot,cv5,500,83,svm,3,0.87
synthetic_pilot,cv5,500,83,svm,4,0.7718750000000001
synthetic_pilot,cv5,500,83,svm,5,0.801875
synthetic_pilot,cv5,500,83,rf,1,0.7309375
synthetic_pilot,cv5,500,83,rf,2,0.8165625
synthetic_pilot,cv5,500,83,rf,3,0.7871875
synthetic_pilot,cv5,500,83,rf,4,0.6896875
synthetic_pilot,cv5,500,83,rf,5,0.7609375
synthetic_pilot,cv5,500,83,gb,1,0.756875
synthetic_pilot,cv5,500,83,gb,2,0.7481249999999999
synthetic_pilot,cv5,500,83,gb,3,0.855625
synthetic_pilot,cv5,500,83,gb,4,0.650625
synthetic_pilot,cv5,500,83,gb,5,0.814375
synthetic_pilot,cv5,500,84,logreg,1,0.7025
synthetic_pilot,cv5,500,84,logreg,2,0.785
synthetic_pilot,cv5,500,84,logreg,3,0.77875
synthetic_pilot,cv5,500,84,logreg,4,0.7993750000000001
synthetic_pilot,cv5,500,84,logreg,5,0.7662500000000001
synthetic_pilot,cv5,500,84,knn,1,0.6384375
synthetic_pilot,cv5,500,84,knn,2,0.6653125000000001
synthetic_pilot,cv5,500,84,knn,3,0.46468750000000003
synthetic_pilot,cv5,500,84,knn,4,0.6371875
synthetic_pilot,cv5,500,84,knn,5,0.629375
synthetic_pilot,cv5,500,84,dtree,1,0.503125
synthetic_pilot,cv5,500,84,dtree,2,0.604375
synthetic_pilot,cv5,500,84,dtree,3,0.593125
synthetic_pilot,cv5,500,84,dtree,4,0.675
synthetic_pilot,cv5,500,84,dtree,5,0.6365624999999999
synthetic_pilot,cv5,500,84,svm,1,0.77125
synthetic_pilot,cv5,500,84,svm,2,0.8474999999999999
synthetic_pilot,cv5,500,84,svm,3,0.66
synthetic_pilot,cv5,500,84,svm,4,0.77
synthetic_pilot,cv5,500,84,svm,5,0.72875
synthetic_pilot,cv5,500,84,rf,1,0.735
synthetic_pilot,cv5,500,84,rf,2,0.800625
synthetic_pilot,cv5,500,84,rf,3,0.6334375000000001
synthetic_pilot,cv5,500,84,rf,4,0.7671875
synthetic_pilot,cv5,500,84,rf,5,0.750625
synthetic_pilot,cv5,500,84,gb,1,0.755625
synthetic_pilot,cv5,500,84,gb,2,0.811875
synthetic_pilot,cv5,500,84,gb,3,0.683125
synthetic_pilot,cv5,500,84,gb,4,0.76375
synthetic_pilot,cv5,500,84,gb,5,0.735
synthetic_pilot,cv5,500,85,logreg,1,0.765
synthetic_pilot,cv5,500,85,logreg,2,0.8425
synthetic_pilot,cv5,500,85,logreg,3,0.840625
synthetic_pilot,cv5,500,85,logreg,4,0.731875
synthetic_pilot,cv5,500,85,logreg,5,0.8225
synthetic_pilot,cv5,500,85,knn,1,0.5628125
synthetic_pilot,cv5,500,85,knn,2,0.66125
synthetic_pilot,cv5,500,85,knn,3,0.6390624999999999
synthetic_pilot,cv5,500,85,knn,4,0.5915625
synthetic_pilot,cv5,500,85,knn,5,0.6925000000000001
synthetic_pilot,cv5,500,85,dtree,1,0.699375
synthetic_pilot,cv5,500,85,dtree,2,0.76
synthetic_pilot,cv5,500,85,dtree,3,0.6540625
synthetic_pilot,cv5,500,85,dtree,4,0.6353125000000001
synthetic_pilot,cv5,500,85,dtree,5,0.796875
synthetic_pilot,cv5,500,85,svm,1,0.6874999999999999
synthetic_pilot,cv5,500,85,svm,2,0.8234375
synthetic_pilot,cv5,500,85,svm,3,0.7093750000000001
synthetic_pilot,cv5,500,85,svm,4,0.7506250000000001
synthetic_pilot,cv5,500,85,svm,5,0.84375
synthetic_pilot,cv5,500,85,rf,1,0.686875
synthetic_pilot,cv5,500,85,rf,2,0.8453125
synthetic_pilot,cv5,500,85,rf,3,0.7590625000000001
synthetic_pilot,cv5,500,85,rf,4,0.6803124999999999
synthetic_pilot,cv5,500,85,rf,5,0.7984375
synthetic_pilot,cv5,500,85,gb,1,0.7093750000000001
synthetic_pilot,cv5,500,85,gb,2,0.824375
synthetic_pilot,cv5,500,85,gb,3,0.7981250000000001
synthetic_pilot,cv5,500,85,gb,4,0.6687500000000001
synthetic_pilot,cv5,500,85,gb,5,0.7868750000000001
synthetic_pilot,cv5,500,86,logreg,1,0.7975
synthetic_pilot,cv5,500,86,logreg,2,0.74625
synthetic_pilot,cv5,500,86,logreg,3,0.6275
synthetic_pilot,cv5,500,86,logreg,4,0.7381249999999999
synthetic_pilot,cv5,500,86,logreg,5,0.8262499999999999
synthetic_pilot,cv5,500,86,knn,1,0.7262500000000001
synthetic_pilot,cv5,500,86,knn,2,0.723125
synthetic_pilot,cv5,500,86,knn,3,0.6353125
synthetic_pilot,cv5,500,86,knn,4,0.7540625000000001
synthetic_pilot,cv5,500,86,knn,5,0.7793749999999999
synthetic_pilot,cv5,500,86,dtree,1,0.7125
synthetic_pilot,cv5,500,86,dtree,2,0.639375
synthetic_pilot,cv5,500,86,dtree,3,0.7178125000000001
synthetic_pilot,cv5,500,86,dtree,4,0.6234375
synthetic_pilot,cv5,500,86,dtree,5,0.744375
synthetic_pilot,cv5,500,86,svm,1,0.8025
synthetic_pilot,cv5,500,86,svm,2,0.756875
synthetic_pilot,cv5,500,86,svm,3,0.745
synthetic_pilot,cv5,500,86,svm,4,0.7575000000000001
synthetic_pilot,cv5,500,86,svm,5,0.88875
synthetic_pilot,cv5,500,86,rf,1,0.765625
synthetic_pilot,cv5,500,86,rf,2,0.761875
synthetic_pilot,cv5,500,86,rf,3,0.734375
synthetic_pilot,cv5,500,86,rf,4,0.639375
synthetic_pilot,cv5,500,86,rf,5,0.8621875000000001
synthetic_pilot,cv5,500,86,gb,1,0.808125
synthetic_pilot,cv5,500,86,gb,2,0.7825
synthetic_pilot,cv5,500,86,gb,3,0.77
synthetic_pilot,cv5,500,86,gb,4,0.661875
synthetic_pilot,cv5,500,86,gb,5,0.86625
synthetic_pilot,cv5,500,87,logreg,1,0.840625
synthetic_pilot,cv5,500,87,logreg,2,0.769375
synthetic_pilot,cv5,500,87,logreg,3,0.71625
synthetic_pilot,cv5,500,87,logreg,4,0.785625
synthetic_pilot,cv5,500,87,logreg,5,0.82875
synthetic_pilot,cv5,500,87,knn,1,0.7890625
synthetic_pilot,cv5,500,87,knn,2,0.681875
synthetic_pilot,cv5,500,87,knn,3,0.7250000000000001
synthetic_pilot,cv5,500,87,knn,4,0.6321875000000001
synthetic_pilot,cv5,500,87,knn,5,0.7525000000000001
synthetic_pilot,cv5,500,87,dtree,1,0.5621875000000001
synthetic_pilot,cv5,500,87,dtree,2,0.6746875
synthetic_pilot,cv5,500,87,dtree,3,0.5834375
synthetic_pilot,cv5,500,87,dtree,4,0.6746875
synthetic_pilot,cv5,500,87,dtree,5,0.6690625
synthetic_pilot,cv5,500,87,svm,1,0.8275
synthetic_pilot,cv5,500,87,svm,2,0.8131250000000001
synthetic_pilot,cv5,500,87,svm,3,0.81125
synthetic_pilot,cv5,500,87,svm,4,0.74625
synthetic_pilot,cv5,500,87,svm,5,0.803125
synthetic_pilot,cv5,500,87,rf,1,0.8084374999999999
synthetic_pilot,cv5,500,87,rf,2,0.7359375
synthetic_pilot,cv5,500,87,rf,3,0.806875
synthetic_pilot,cv5,500,87,rf,4,0.7440625000000001
synthetic_pilot,cv5,500,87,rf,5,0.8346874999999999
synthetic_pilot,cv5,500,87,gb,1,0.75125
synthetic_pilot,cv5,500,87,gb,2,0.765625
synthetic_pilot,cv5,500,87,gb,3,0.7675
synthetic_pilot,cv5,500,87,gb,4,0.765625
synthetic_pilot,cv5,500,87,gb,5,0.8381250000000001
synthetic_pilot,cv5,500,88,logreg,1,0.823125
synthetic_pilot,cv5,500,88,logreg,2,0.8143750000000001
synthetic_pilot,cv5,500,88,logreg,3,0.8531249999999999
synthetic_pilot,cv5,500,88,logreg,4,0.82875
synthetic_pilot,cv5,500,88,logreg,5,0.6837500000000001
synthetic_pilot,cv5,500,88,knn,1,0.763125
synthetic_pilot,cv5,500,88,knn,2,0.620625
synthetic_pilot,cv5,500,88,knn,3,0.819375
synthetic_pilot,cv5,500,88,knn,4,0.7028125000000001
synthetic_pilot,cv5,500,88,knn,5,0.754375
synthetic_pilot,cv5,500,88,dtree,1,0.5359375
synthetic_pilot,cv5,500,88,dtree,2,0.615625
synthetic_pilot,cv5,500,88,dtree,3,0.6546875000000001
synthetic_pilot,cv5,500,88,dtree,4,0.68625
synthetic_pilot,cv5,500,88,dtree,5,0.5909375
synthetic_pilot,cv5,500,88,svm,1,0.824375
synthetic_pilot,cv5,500,88,svm,2,0.7649999999999999
synthetic_pilot,cv5,500,88,svm,3,0.838125
synthetic_pilot,cv5,500,88,svm,4,0.8281250000000001
synthetic_pilot,cv5,500,88,svm,5,0.754375
synthetic_pilot,cv5,500,88,rf,1,0.7809375
synthetic_pilot,cv5,500,88,rf,2,0.7721875
synthetic_pilot,cv5,500,88,rf,3,0.8415624999999999
synthetic_pilot,cv5,500,88,rf,4,0.8134375
synthetic_pilot,cv5,500,88,rf,5,0.6865625
synthetic_pilot,cv5,500,88,gb,1,0.8375
synthetic_pilot,cv5,500,88,gb,2,0.81
synthetic_pilot,cv5,500,88,gb,3,0.8156249999999999
synthetic_pilot,cv5,500,88,gb,4,0.784375
synthetic_pilot,cv5,500,88,gb,5,0.746875
synthetic_pilot,cv5,500,89,logreg,1,0.763125
synthetic_pilot,cv5,500,89,logreg,2,0.81875
synthetic_pilot,cv5,500,89,logreg,3,0.734375
synthetic_pilot,cv5,500,89,logreg,4,0.769375
synthetic_pilot,cv5,500,89,logreg,5,0.8275
synthetic_pilot,cv5,500,89,knn,1,0.753125
synthetic_pilot,cv5,500,89,knn,2,0.6990624999999999
synthetic_pilot,cv5,500,89,knn,3,0.6296875
synthetic_pilot,cv5,500,89,knn,4,0.7328125000000001
synthetic_pilot,cv5,500,89,knn,5,0.6087499999999999
synthetic_pilot,cv5,500,89,dtree,1,0.7528125
synthetic_pilot,cv5,500,89,dtree,2,0.6409375
synthetic_pilot,cv5,500,89,dtree,3,0.7268749999999999
synthetic_pilot,cv5,500,89,dtree,4,0.689375
synthetic_pilot,cv5,500,89,dtree,5,0.7771875000000001
synthetic_pilot,cv5,500,89,svm,1,0.815625
synthetic_pilot,cv5,500,89,svm,2,0.8206249999999999
synthetic_pilot,cv5,500,89,svm,3,0.7418750000000001
synthetic_pilot,cv5,500,89,svm,4,0.79125
synthetic_pilot,cv5,500,89,svm,5,0.7887500000000001
synthetic_pilot,cv5,500,89,rf,1,0.8675
synthetic_pilot,cv5,500,89,rf,2,0.7918750000000001
synthetic_pilot,cv5,500,89,rf,3,0.745
synthetic_pilot,cv5,500,89,rf,4,0.8125
synthetic_pilot,cv5,500,89,rf,5,0.860625
synthetic_pilot,cv5,500,89,gb,1,0.8475
synthetic_pilot,cv5,500,89,gb,2,0.7993750000000001
synthetic_pilot,cv5,500,89,gb,3,0.76125
synthetic_pilot,cv5,500,89,gb,4,0.8387499999999999
synthetic_pilot,cv5,500,89,gb,5,0.8474999999999999
synthetic_pilot,cv5,500,90,logreg,1,0.753125
synthetic_pilot,cv5,500,90,logreg,2,0.805625
synthetic_pilot,cv5,500,90,logreg,3,0.786875
synthetic_pilot,cv5,500,90,logreg,4,0.694375
synthetic_pilot,cv5,500,90,logreg,5,0.6943750000000001
synthetic_pilot,cv5,500,90,knn,1,0.689375
synthetic_pilot,cv5,500,90,knn,2,0.7737499999999999
synthetic_pilot,cv5,500,90,knn,3,0.6125
synthetic_pilot,cv5,500,90,knn,4,0.6990625
synthetic_pilot,cv5,500,90,knn,5,0.6640625000000001
synthetic_pilot,cv5,500,90,dtree,1,0.628125
synthetic_pilot,cv5,500,90,dtree,2,0.7296874999999999
synthetic_pilot,cv5,500,90,dtree,3,0.6225
synthetic_pilot,cv5,500,90,dtree,4,0.6534375
synthetic_pilot,cv5,500,90,dtree,5,0.6753125
synthetic_pilot,cv5,500,90,svm,1,0.80875
synthetic_pilot,cv5,500,90,svm,2,0.84125
synthetic_pilot,cv5,500,90,svm,3,0.7599999999999999
synthetic_pilot,cv5,500,90,svm,4,0.795625
synthetic_pilot,cv5,500,90,svm,5,0.69875
synthetic_pilot,cv5,500,90,rf,1,0.75
synthetic_pilot,cv5,500,90,rf,2,0.775625
synthetic_pilot,cv5,500,90,rf,3,0.7203125
synthetic_pilot,cv5,500,90,rf,4,0.7721875
synthetic_pilot,cv5,500,90,rf,5,0.7409375000000001
synthetic_pilot,cv5,500,90,gb,1,0.76875
synthetic_pilot,cv5,500,90,gb,2,0.80625
synthetic_pilot,cv5,500,90,gb,3,0.70625
synthetic_pilot,cv5,500,90,gb,4,0.7324999999999999
synthetic_pilot,cv5,500,90,gb,5,0.6593749999999999
synthetic_pilot,cv5,500,91,logreg,1,0.7537499999999999
synthetic_pilot,cv5,500,91,logreg,2,0.806875
synthetic_pilot,cv5,500,91,logreg,3,0.8275
synthetic_pilot,cv5,500,91,logreg,4,0.653125
synthetic_pilot,cv5,500,91,logreg,5,0.819375
synthetic_pilot,cv5,500,91,knn,1,0.75125
synthetic_pilot,cv5,500,91,knn,2,0.738125
synthetic_pilot,cv5,500,91,knn,3,0.6496875
synthetic_pilot,cv5,500,91,knn,4,0.5921875000000001
synthetic_pilot,cv5,500,91,knn,5,0.750625
synthetic_pilot,cv5,500,91,dtree,1,0.5540625
synthetic_pilot,cv5,500,91,dtree,2,0.639375
synthetic_pilot,cv5,500,91,dtree,3,0.5815625000000001
synthetic_pilot,cv5,500,91,dtree,4,0.608125
synthetic_pilot,cv5,500,91,dtree,5,0.7896875000000001
synthetic_pilot,cv5,500,91,svm,1,0.874375
synthetic_pilot,cv5,500,91,svm,2,0.84625
synthetic_pilot,cv5,500,91,svm,3,0.7962499999999999
synthetic_pilot,cv5,500,91,svm,4,0.64625
synthetic_pilot,cv5,500,91,svm,5,0.849375
synthetic_pilot,cv5,500,91,rf,1,0.7434375000000001
synthetic_pilot,cv5,500,91,rf,2,0.8059375
synthetic_pilot,cv5,500,91,rf,3,0.7600000000000001
synthetic_pilot,cv5,500,91,rf,4,0.649375
synthetic_pilot,cv5,500,91,rf,5,0.7509374999999999
synthetic_pilot,cv5,500,91,gb,1,0.8387500000000001
synthetic_pilot,cv5,500,91,gb,2,0.8475
synthetic_pilot,cv5,500,91,gb,3,0.7631249999999999
synthetic_pilot,cv5,500,91,gb,4,0.648125
synthetic_pilot,cv5,500,91,gb,5,0.796875
synthetic_pilot,cv5,500,92,logreg,1,0.745625
synthetic_pilot,cv5,500,92,logreg,2,0.839375
synthetic_pilot,cv5,500,92,logreg,3,0.8574999999999999
synthetic_pilot,cv5,500,92,logreg,4,0.811875
synthetic_pilot,cv5,500,92,logreg,5,0.7374999999999999
synthetic_pilot,cv5,500,92,knn,1,0.6900000000000001
synthetic_pilot,cv5,500,92,knn,2,0.6934374999999999
synthetic_pilot,cv5,500,92,knn,3,0.700625
synthetic_pilot,cv5,500,92,knn,4,0.80625
synthetic_pilot,cv5,500,92,knn,5,0.7037500000000001
synthetic_pilot,cv5,500,92,dtree,1,0.6771874999999999
synthetic_pilot,cv5,500,92,dtree,2,0.6428125
synthetic_pilot,cv5,500,92,dtree,3,0.5953124999999999
synthetic_pilot,cv5,500,92,dtree,4,0.6565625000000002
synthetic_pilot,cv5,500,92,dtree,5,0.7237500000000001
synthetic_pilot,cv5,500,92,svm,1,0.75875
synthetic_pilot,cv5,500,92,svm,2,0.7325
synthetic_pilot,cv5,500,92,svm,3,0.8200000000000001
synthetic_pilot,cv5,500,92,svm,4,0.77125
synthetic_pilot,cv5,500,92,svm,5,0.74375
synthetic_pilot,cv5,500,92,rf,1,0.7715625
synthetic_pilot,cv5,500,92,rf,2,0.7731250000000001
synthetic_pilot,cv5,500,92,rf,3,0.8375
synthetic_pilot,cv5,500,92,rf,4,0.7665625
synthetic_pilot,cv5,500,92,rf,5,0.7696875
synthetic_pilot,cv5,500,92,gb,1,0.730625
synthetic_pilot,cv5,500,92,gb,2,0.785625
synthetic_pilot,cv5,500,92,gb,3,0.76
synthetic_pilot,cv5,500,92,gb,4,0.739375
synthetic_pilot,cv5,500,92,gb,5,0.75
synthetic_pilot,cv5,500,93,logreg,1,0.7412500000000001
synthetic_pilot,cv5,500,93,logreg,2,0.77625
synthetic_pilot,cv5,500,93,logreg,3,0.74125
synthetic_pilot,cv5,500,93,logreg,4,0.7562500000000001
synthetic_pilot,cv5,500,93,logreg,5,0.7062499999999999
synthetic_pilot,cv5,500,93,knn,1,0.7306250000000001
synthetic_pilot,cv5,500,93,knn,2,0.6978125000000001
synthetic_pilot,cv5,500,93,knn,3,0.6340625
synthetic_pilot,cv5,500,93,knn,4,0.700625
synthetic_pilot,cv5,500,93,knn,5,0.6996875
synthetic_pilot,cv5,500,93,dtree,1,0.631875
synthetic_pilot,cv5,500,93,dtree,2,0.5334375
synthetic_pilot,cv5,500,93,dtree,3,0.6803125
synthetic_pilot,cv5,500,93,dtree,4,0.6628125
synthetic_pilot,cv5,500,93,dtree,5,0.6046875
synthetic_pilot,cv5,500,93,svm,1,0.760625
synthetic_pilot,cv5,500,93,svm,2,0.7662500000000001
synthetic_pilot,cv5,500,93,svm,3,0.7512500000000001
synthetic_pilot,cv5,500,93,svm,4,0.7987499999999998
synthetic_pilot,cv5,500,93,svm,5,0.8668750000000001
synthetic_pilot,cv5,500,93,rf,1,0.75375
synthetic_pilot,cv5,500,93,rf,2,0.711875
synthetic_pilot,cv5,500,93,rf,3,0.7525
synthetic_pilot,cv5,500,93,rf,4,0.7740625
synthetic_pilot,cv5,500,93,rf,5,0.7296875
synthetic_pilot,cv5,500,93,gb,1,0.7631249999999999
synthetic_pilot,cv5,500,93,gb,2,0.72875
synthetic_pilot,cv5,500,93,gb,3,0.7625
synthetic_pilot,cv5,500,93,gb,4,0.780625
synthetic_pilot,cv5,500,93,gb,5,0.7025
synthetic_pilot,cv5,500,94,logreg,1,0.725625
synthetic_pilot,cv5,500,94,logreg,2,0.743125
synthetic_pilot,cv5,500,94,logreg,3,0.75
synthetic_pilot,cv5,500,94,logreg,4,0.9006249999999999
synthetic_pilot,cv5,500,94,logreg,5,0.77125
synthetic_pilot,cv5,500,94,knn,1,0.6940625
synthetic_pilot,cv5,500,94,knn,2,0.6934374999999999
synthetic_pilot,cv5,500,94,knn,3,0.7915625
synthetic_pilot,cv5,500,94,knn,4,0.8018749999999999
synthetic_pilot,cv5,500,94,knn,5,0.848125
synthetic_pilot,cv5,500,94,dtree,1,0.6640625
synthetic_pilot,cv5,500,94,dtree,2,0.464375
synthetic_pilot,cv5,500,94,dtree,3,0.7146874999999999
synthetic_pilot,cv5,500,94,dtree,4,0.67875
synthetic_pilot,cv5,500,94,dtree,5,0.5456250000000001
synthetic_pilot,cv5,500,94,svm,1,0.7412500000000001
synthetic_pilot,cv5,500,94,svm,2,0.8325000000000001
synthetic_pilot,cv5,500,94,svm,3,0.788125
synthetic_pilot,cv5,500,94,svm,4,0.91
synthetic_pilot,cv5,500,94,svm,5,0.8993749999999999
synthetic_pilot,cv5,500,94,rf,1,0.6900000000000002
synthetic_pilot,cv5,500,94,rf,2,0.7021875000000001
synthetic_pilot,cv5,500,94,rf,3,0.8206249999999999
synthetic_pilot,cv5,500,94,rf,4,0.8693749999999999
synthetic_pilot,cv5,500,94,rf,5,0.83125
synthetic_pilot,cv5,500,94,gb,1,0.728125
synthetic_pilot,cv5,500,94,gb,2,0.8062499999999999
synthetic_pilot,cv5,500,94,gb,3,0.796875
synthetic_pilot,cv5,500,94,gb,4,0.83875
synthetic_pilot,cv5,500,94,gb,5,0.859375
synthetic_pilot,cv5,500,95,logreg,1,0.7050000000000001
synthetic_pilot,cv5,500,95,logreg,2,0.748125
synthetic_pilot,cv5,500,95,logreg,3,0.7849999999999999
synthetic_pilot,cv5,500,95,logreg,4,0.685
synthetic_pilot,cv5,500,95,logreg,5,0.81375
synthetic_pilot,cv5,500,95,knn,1,0.64625
synthetic_pilot,cv5,500,95,knn,2,0.6234375
synthetic_pilot,cv5,500,95,knn,3,0.704375
synthetic_pilot,cv5,500,95,knn,4,0.6171875
synthetic_pilot,cv5,500,95,knn,5,0.6978125
synthetic_pilot,cv5,500,95,dtree,1,0.6946875
synthetic_pilot,cv5,500,95,dtree,2,0.5921875
synthetic_pilot,cv5,500,95,dtree,3,0.71
synthetic_pilot,cv5,500,95,dtree,4,0.714375
synthetic_pilot,cv5,500,95,dtree,5,0.6165624999999999
synthetic_pilot,cv5,500,95,svm,1,0.758125
synthetic_pilot,cv5,500,95,svm,2,0.696875
synthetic_pilot,cv5,500,95,svm,3,0.81875
synthetic_pilot,cv5,500,95,svm,4,0.729375
synthetic_pilot,cv5,500,95,svm,5,0.7706250000000001
synthetic_pilot,cv5,500,95,rf,1,0.7321875000000001
synthetic_pilot,cv5,500,95,rf,2,0.66
synthetic_pilot,cv5,500,95,rf,3,0.8175
synthetic_pilot,cv5,500,95,rf,4,0.6431250000000001
synthetic_pilot,cv5,500,95,rf,5,0.7784374999999998
synthetic_pilot,cv5,500,95,gb,1,0.73625
synthetic_pilot,cv5,500,95,gb,2,0.7050000000000001
synthetic_pilot,cv5,500,95,gb,3,0.7625
synthetic_pilot,cv5,500,95,gb,4,0.683125
synthetic_pilot,cv5,500,95,gb,5,0.779375
synthetic_pilot,cv5,500,96,logreg,1,0.855625
synthetic_pilot,cv5,500,96,logreg,2,0.75875
synthetic_pilot,cv5,500,96,logreg,3,0.693125
synthetic_pilot,cv5,500,96,logreg,4,0.7881250000000001
synthetic_pilot,cv5,500,96,logreg,5,0.71125
synthetic_pilot,cv5,500,96,knn,1,0.6884375
synthetic_pilot,cv5,500,96,knn,2,0.69625
synthetic_pilot,cv5,500,96,knn,3,0.6856249999999999
synthetic_pilot,cv5,500,96,knn,4,0.74875
synthetic_pilot,cv5,500,96,knn,5,0.624375
synthetic_pilot,cv5,500,96,dtree,1,0.5778125000000001
synthetic_pilot,cv5,500,96,dtree,2,0.6365624999999999
synthetic_pilot,cv5,500,96,dtree,3,0.5459375
synthetic_pilot,cv5,500,96,dtree,4,0.55
synthetic_pilot,cv5,500,96,dtree,5,0.5884375
synthetic_pilot,cv5,500,96,svm,1,0.84375
synthetic_pilot,cv5,500,96,svm,2,0.840625
synthetic_pilot,cv5,500,96,svm,3,0.838125
synthetic_pilot,cv5,500,96,svm,4,0.851875
synthetic_pilot,cv5,500,96,svm,5,0.80375
synthetic_pilot,cv5,500,96,rf,1,0.77125
synthetic_pilot,cv5,500,96,rf,2,0.803125
synthetic_pilot,cv5,500,96,rf,3,0.7559374999999999
synthetic_pilot,cv5,500,96,rf,4,0.7790624999999999
synthetic_pilot,cv5,500,96,rf,5,0.7515625
synthetic_pilot,cv5,500,96,gb,1,0.765
synthetic_pilot,cv5,500,96,gb,2,0.805625
synthetic_pilot,cv5,500,96,gb,3,0.74125
synthetic_pilot,cv5,500,96,gb,4,0.780625
synthetic_pilot,cv5,500,96,gb,5,0.7375
synthetic_pilot,cv5,500,97,logreg,1,0.67875
synthetic_pilot,cv5,500,97,logreg,2,0.8106249999999999
synthetic_pilot,cv5,500,97,logreg,3,0.845625
synthetic_pilot,cv5,500,97,logreg,4,0.811875
synthetic_pilot,cv5,500,97,logreg,5,0.7143750000000001
synthetic_pilot,cv5,500,97,knn,1,0.53
synthetic_pilot,cv5,500,97,knn,2,0.688125
synthetic_pilot,cv5,500,97,knn,3,0.7503125
synthetic_pilot,cv5,500,97,knn,4,0.6309374999999999
synthetic_pilot,cv5,500,97,knn,5,0.6943750000000001
synthetic_pilot,cv5,500,97,dtree,1,0.525
synthetic_pilot,cv5,500,97,dtree,2,0.5975
synthetic_pilot,cv5,500,97,dtree,3,0.7240625
synthetic_pilot,cv5,500,97,dtree,4,0.718125
synthetic_pilot,cv5,500,97,dtree,5,0.7381249999999999
synthetic_pilot,cv5,500,97,svm,1,0.6481250000000001
synthetic_pilot,cv5,500,97,svm,2,0.7684375
synthetic_pilot,cv5,500,97,svm,3,0.80875
synthetic_pilot,cv5,500,97,svm,4,0.83875
synthetic_pilot,cv5,500,97,svm,5,0.794375
synthetic_pilot,cv5,500,97,rf,1,0.573125
synthetic_pilot,cv5,500,97,rf,2,0.7746875
synthetic_pilot,cv5,500,97,rf,3,0.7909375000000001
synthetic_pilot,cv5,500,97,rf,4,0.7590625000000002
synthetic_pilot,cv5,500,97,rf,5,0.7368749999999998
synthetic_pilot,cv5,500,97,gb,1,0.538125
synthetic_pilot,cv5,500,97,gb,2,0.7400000000000001
synthetic_pilot,cv5,500,97,gb,3,0.83375
synthetic_pilot,cv5,500,97,gb,4,0.7931249999999999
synthetic_pilot,cv5,500,97,gb,5,0.716875
synthetic_pilot,cv5,500,98,logreg,1,0.81
synthetic_pilot,cv5,500,98,logreg,2,0.745625
synthetic_pilot,cv5,500,98,logreg,3,0.6568750000000001
synthetic_pilot,cv5,500,98,logreg,4,0.66875
synthetic_pilot,cv5,500,98,logreg,5,0.7781250000000001
synthetic_pilot,cv5,500,98,knn,1,0.8206249999999999
synthetic_pilot,cv5,500,98,knn,2,0.7481249999999999
synthetic_pilot,cv5,500,98,knn,3,0.62125
synthetic_pilot,cv5,500,98,knn,4,0.6103125
synthetic_pilot,cv5,500,98,knn,5,0.66
synthetic_pilot,cv5,500,98,dtree,1,0.7175
synthetic_pilot,cv5,500,98,dtree,2,0.5868749999999999
synthetic_pilot,cv5,500,98,dtree,3,0.6525
synthetic_pilot,cv5,500,98,dtree,4,0.611875
synthetic_pilot,cv5,500,98,dtree,5,0.7087499999999999
synthetic_pilot,cv5,500,98,svm,1,0.80375
synthetic_pilot,cv5,500,98,svm,2,0.8268749999999999
synthetic_pilot,cv5,500,98,svm,3,0.8031250000000001
synthetic_pilot,cv5,500,98,svm,4,0.7849999999999999
synthetic_pilot,cv5,500,98,svm,5,0.721875
synthetic_pilot,cv5,500,98,rf,1,0.7975
synthetic_pilot,cv5,500,98,rf,2,0.7174999999999999
synthetic_pilot,cv5,500,98,rf,3,0.7328125
synthetic_pilot,cv5,500,98,rf,4,0.7259374999999999
synthetic_pilot,cv5,500,98,rf,5,0.6565625
synthetic_pilot,cv5,500,98,gb,1,0.738125
synthetic_pilot,cv5,500,98,gb,2,0.70625
synthetic_pilot,cv5,500,98,gb,3,0.74125
synthetic_pilot,cv5,500,98,gb,4,0.796875
synthetic_pilot,cv5,500,98,gb,5,0.703125
synthetic_pilot,cv5,500,99,logreg,1,0.784375
synthetic_pilot,cv5,500,99,logreg,2,0.7425
synthetic_pilot,cv5,500,99,logreg,3,0.839375
synthetic_pilot,cv5,500,99,logreg,4,0.7475
synthetic_pilot,cv5,500,99,logreg,5,0.8
synthetic_pilot,cv5,500,99,knn,1,0.7
synthetic_pilot,cv5,500,99,knn,2,0.6684375
synthetic_pilot,cv5,500,99,knn,3,0.7571875000000001
synthetic_pilot,cv5,500,99,knn,4,0.6621875
synthetic_pilot,cv5,500,99,knn,5,0.6421874999999999
synthetic_pilot,cv5,500,99,dtree,1,0.661875
synthetic_pilot,cv5,500,99,dtree,2,0.6578125
synthetic_pilot,cv5,500,99,dtree,3,0.8018749999999999
synthetic_pilot,cv5,500,99,dtree,4,0.605
synthetic_pilot,cv5,500,99,dtree,5,0.455625
synthetic_pilot,cv5,500,99,svm,1,0.80625
synthetic_pilot,cv5,500,99,svm,2,0.785
synthetic_pilot,cv5,500,99,svm,3,0.841875
synthetic_pilot,cv5,500,99,svm,4,0.753125
synthetic_pilot,cv5,500,99,svm,5,0.76375
synthetic_pilot,cv5,500,99,rf,1,0.763125
synthetic_pilot,cv5,500,99,rf,2,0.750625
synthetic_pilot,cv5,500,99,rf,3,0.8190625
synthetic_pilot,cv5,500,99,rf,4,0.7381249999999999
synthetic_pilot,cv5,500,99,rf,5,0.748125
synthetic_pilot,cv5,500,99,gb,1,0.7062499999999999
synthetic_pilot,cv5,500,99,gb,2,0.7787499999999999
synthetic_pilot,cv5,500,99,gb,3,0.788125
synthetic_pilot,cv5,500,99,gb,4,0.72875
synthetic_pilot,cv5,500,99,gb,5,0.7543749999999999
synthetic_pilot,cv5,500,100,logreg,1,0.6756249999999999
synthetic_pilot,cv5,500,100,logreg,2,0.73375
synthetic_pilot,cv5,500,100,logreg,3,0.740625
synthetic_pilot,cv5,500,100,logreg,4,0.77875
synthetic_pilot,cv5,500,100,logreg,5,0.69125
synthetic_pilot,cv5,500,100,knn,1,0.5800000000000001
synthetic_pilot,cv5,500,100,knn,2,0.6325
synthetic_pilot,cv5,500,100,knn,3,0.7115625000000001
synthetic_pilot,cv5,500,100,knn,4,0.6928125
synthetic_pilot,cv5,500,100,knn,5,0.60625
synthetic_pilot,cv5,500,100,dtree,1,0.6375
synthetic_pilot,cv5,500,100,dtree,2,0.6975
synthetic_pilot,cv5,500,100,dtree,3,0.5512499999999999
synthetic_pilot,cv5,500,100,dtree,4,0.51125
synthetic_pilot,cv5,500,100,dtree,5,0.60375
synthetic_pilot,cv5,500,100,svm,1,0.74625
synthetic_pilot,cv5,500,100,svm,2,0.775
synthetic_pilot,cv5,500,100,svm,3,0.7293750000000001
synthetic_pilot,cv5,500,100,svm,4,0.8481249999999999
synthetic_pilot,cv5,500,100,svm,5,0.7093750000000001
synthetic_pilot,cv5,500,100,rf,1,0.7146875
synthetic_pilot,cv5,500,100,rf,2,0.785625
synthetic_pilot,cv5,500,100,rf,3,0.6915625000000001
synthetic_pilot,cv5,500,100,rf,4,0.83875
synthetic_pilot,cv5,500,100,rf,5,0.6753125
synthetic_pilot,cv5,500,100,gb,1,0.7506250000000001
synthetic_pilot,cv5,500,100,gb,2,0.755625
synthetic_pilot,cv5,500,100,gb,3,0.734375
synthetic_pilot,cv5,500,100,gb,4,0.771875
synthetic_pilot,cv5,500,100,gb,5,0.643125
